timestamp_utc,tipo_arb,topic,mercado_a_id,mercado_b_id,pregunta_a,pregunta_b,umbral_a,umbral_b,price_yes_a,price_yes_b,tipo_cadena,relacion,coste_arb,profit_bruto,profit_neto,accionable,liq_min,fecha,dependencia,posicion,payoff,similitud,llm_flag,llm_razon,AVISO
2026-07-03T09:01:24+00:00,RULE_DEPENDENCY,crypto,2100453,1356655,Metamask FDV above $100M one day after launch?,"Will MetaMask launch a token by December 31, 2026?",100000000.0,,0.235,0.2,A_implica_B,A_implica_B,0.975,2.5,0.5,True,5703.0,2027-01-01,'Metamask FDV above $100M one day after launch?' implica lanzamiento de metamask → P(lanza)=0.200 ≥ P(FDV>X)=0.235 debe cumplirse,BUY_NO_FDV(0.765) + BUY_YES_LAUNCH(0.200) — FDV implica lanzamiento,profit_neto=0.5%,0.9,False,'Metamask FDV above $100M one day after launch?' implica lanzamiento de metamask → P(lanza)=0.200 ≥ P(FDV>X)=0.235 debe cumplirse,SOLO OBSERVACION — verificar resolución y liquidez
2026-07-03T09:01:24+00:00,MONOTONICITY,crypto,1535124,618454,Opensea FDV above $300M one day after launch?,Opensea FDV above $500M one day after launch?,300000000.0,500000000.0,0.25,0.2945,above_up,a_implica_b,0.9755,2.45,0.45,True,12705.0,2027-01-01,Si 'Opensea FDV above $300M one day after launch?' → entonces 'Opensea FDV above $500M one day after launch?',BUY_YES mercado_a (0.250) + BUY_NO mercado_b (0.706),min 0.4%  max 100.4%,1.0,False,Monotonicidad matemática,SOLO OBSERVACION — verificar criterios de resolución
2026-07-03T09:01:24+00:00,MONOTONICITY,crypto,1535122,1535123,Opensea FDV above $100M one day after launch?,Opensea FDV above $100M one day after launch?,100000000.0,100000000.0,0.285,0.311,above_up,a_implica_b,0.979,2.1,0.1,True,16383.0,2027-01-01,Si 'Opensea FDV above $100M one day after launch?' → entonces 'Opensea FDV above $100M one day after launch?',BUY_YES mercado_a (0.285) + BUY_NO mercado_b (0.689),min 0.1%  max 100.1%,1.0,False,Monotonicidad matemática,SOLO OBSERVACION — verificar criterios de resolución
2026-07-03T09:01:24+00:00,RULE_DEPENDENCY,crypto,1007590,700021,Ventuals FDV above $100M one day after launch?,Will Ventuals launch a token by December 31 2026?,100000000.0,,0.0535,0.042,A_implica_B,A_implica_B,0.9905,0.95,-1.05,False,5137.0,2027-01-01,'Ventuals FDV above $100M one day after launch?' implica lanzamiento de ventuals → P(lanza)=0.042 ≥ P(FDV>X)=0.053 debe cumplirse,BUY_NO_FDV(0.947) + BUY_YES_LAUNCH(0.042) — FDV implica lanzamiento,profit_neto=-1.1%,0.9,False,'Ventuals FDV above $100M one day after launch?' implica lanzamiento de ventuals → P(lanza)=0.042 ≥ P(FDV>X)=0.053 debe cumplirse,SOLO OBSERVACION — verificar resolución y liquidez
2026-07-03T09:01:24+00:00,MONOTONICITY,crypto,716642,716643,Theo FDV above $700M one day after launch?,Theo FDV above $1B one day after launch?,700000000.0,1000000000.0,0.0465,0.072,above_up,a_implica_b,0.992,0.8,-1.2,False,5570.0,2027-01-01,Si 'Theo FDV above $700M one day after launch?' → entonces 'Theo FDV above $1B one day after launch?',BUY_YES mercado_a (0.046) + BUY_NO mercado_b (0.928),min -1.2%  max 98.8%,1.0,False,Monotonicidad matemática,SOLO OBSERVACION — verificar criterios de resolución
2026-07-03T09:01:24+00:00,MONOTONICITY,crypto,701545,701544,"Will Ethereum reach $5,500 by December 31, 2026?","Will Ethereum reach $6,000 by December 31, 2026?",5500.0,6000.0,0.0415,0.045,above_up,a_implica_b,0.998,0.2,-1.8,False,37815.0,2027-01-01,"Si 'Will Ethereum reach $5,500 by December 31, 2026?' → entonces 'Will Ethereum reach $6,000 by December 31, 2026?'",BUY_YES mercado_a (0.042) + BUY_NO mercado_b (0.955),min -1.8%  max 98.2%,1.0,False,Monotonicidad matemática,SOLO OBSERVACION — verificar criterios de resolución
2026-07-03T09:01:24+00:00,RULE_DEPENDENCY,crypto,704247,700021,Ventuals FDV above $500M one day after launch?,Will Ventuals launch a token by December 31 2026?,500000000.0,,0.0455,0.042,A_implica_B,A_implica_B,0.9985,0.15,-1.85,False,5137.0,2027-01-01,'Ventuals FDV above $500M one day after launch?' implica lanzamiento de ventuals → P(lanza)=0.042 ≥ P(FDV>X)=0.045 debe cumplirse,BUY_NO_FDV(0.955) + BUY_YES_LAUNCH(0.042) — FDV implica lanzamiento,profit_neto=-1.9%,0.9,False,'Ventuals FDV above $500M one day after launch?' implica lanzamiento de ventuals → P(lanza)=0.042 ≥ P(FDV>X)=0.045 debe cumplirse,SOLO OBSERVACION — verificar resolución y liquidez
2026-07-03T09:01:24+00:00,RULE_DEPENDENCY,crypto,1601453,1356655,Metamask FDV above $300M one day after launch?,"Will MetaMask launch a token by December 31, 2026?",300000000.0,,0.21,0.2,A_implica_B,A_implica_B,1.0,0.0,-2.0,False,5703.0,2027-01-01,'Metamask FDV above $300M one day after launch?' implica lanzamiento de metamask → P(lanza)=0.200 ≥ P(FDV>X)=0.210 debe cumplirse,BUY_NO_FDV(0.790) + BUY_YES_LAUNCH(0.200) — FDV implica lanzamiento,profit_neto=-2.0%,0.9,False,'Metamask FDV above $300M one day after launch?' implica lanzamiento de metamask → P(lanza)=0.200 ≥ P(FDV>X)=0.210 debe cumplirse,SOLO OBSERVACION — verificar resolución y liquidez
2026-07-03T09:01:24+00:00,MONOTONICITY,crypto,2467356,701549,"Will Ethereum reach $3,000 by December 31, 2026?","Will Ethereum reach $3,500 by December 31, 2026?",3000.0,3500.0,0.11,0.115,above_up,a_implica_b,1.005,-0.5,-2.5,False,23636.0,2027-01-01,"Si 'Will Ethereum reach $3,000 by December 31, 2026?' → entonces 'Will Ethereum reach $3,500 by December 31, 2026?'",BUY_YES mercado_a (0.110) + BUY_NO mercado_b (0.885),min -2.5%  max 97.5%,1.0,False,Monotonicidad matemática,SOLO OBSERVACION — verificar criterios de resolución
2026-07-03T09:01:24+00:00,MONOTONICITY,crypto,701567,701566,"Will Solana reach $280 by December 31, 2026?","Will Solana reach $300 by December 31, 2026?",280.0,300.0,0.043,0.045,above_up,a_implica_b,1.009,-0.9,-2.9,False,18183.0,2027-01-01,"Si 'Will Solana reach $280 by December 31, 2026?' → entonces 'Will Solana reach $300 by December 31, 2026?'",BUY_YES mercado_a (0.043) + BUY_NO mercado_b (0.955),min -2.9%  max 97.1%,1.0,False,Monotonicidad matemática,SOLO OBSERVACION — verificar criterios de resolución
2026-07-03T09:01:24+00:00,MONOTONICITY,crypto,704275,704276,Ostium FDV above $1B one day after launch?,Ostium FDV above $2B one day after launch?,1000000000.0,2000000000.0,0.0485,0.049,above_up,a_implica_b,1.013,-1.3,-3.3,False,7037.0,2027-01-01,Si 'Ostium FDV above $1B one day after launch?' → entonces 'Ostium FDV above $2B one day after launch?',BUY_YES mercado_a (0.049) + BUY_NO mercado_b (0.951),min -3.3%  max 96.7%,1.0,False,Monotonicidad matemática,SOLO OBSERVACION — verificar criterios de resolución
2026-07-03T09:01:24+00:00,MONOTONICITY,crypto,701568,701567,"Will Solana reach $260 by December 31, 2026?","Will Solana reach $280 by December 31, 2026?",260.0,280.0,0.0425,0.043,above_up,a_implica_b,1.022,-2.2,-4.2,False,19223.0,2027-01-01,"Si 'Will Solana reach $260 by December 31, 2026?' → entonces 'Will Solana reach $280 by December 31, 2026?'",BUY_YES mercado_a (0.043) + BUY_NO mercado_b (0.957),min -4.2%  max 95.8%,1.0,False,Monotonicidad matemática,SOLO OBSERVACION — verificar criterios de resolución
