market_id,strategy,subtype,direction,ts_exec,outcome_real,resultado_nuestro,n_validadas_lado_ganador,n_validadas_lado_perdedor,lag_min_ganador_s,lags_ganador_s
2739778,UPDOWN_GBM,ETH#15min,BUY_NO,2026-07-01T06:30:37+00:00,NO,GANANCIA,29,32,1.0,258.0;253.0;250.0;244.0;244.0;243.0;243.0;193.0;193.0;187.0;187.0;186.0;186.0;73.0;73.0;1.0;-12.0;-12.0;-12.0;-12.0;-14.0;-14.0;-14.0;-20.0;-20.0;-21.0;-21.0;-21.0;-26.0
2740253,UPDOWN_GBM,ETH#15min,BUY_NO,2026-07-01T06:39:41+00:00,NO,GANANCIA,0,0,,
2740589,UPDOWN_GBM,ETH#15min,BUY_NO,2026-07-01T08:39:06+00:00,YES,PERDIDA,38,40,4.0,212.0;103.0;64.0;62.0;38.0;-4.0;-5.0;-17.0;-19.0;-22.0;-44.0;-46.0;-46.0;-50.0;-122.0;-133.0;-134.0;-136.0;-140.0;-158.0;-160.0;-173.0;-176.0;-176.0;-239.0;-259.0;-265.0;-266.0;-283.0;-289.0;-290.0;-292.0;-293.0;-293.0;-295.0;-296.0;-296.0;-298.0
2743533,UPDOWN_GBM,ETH#15min,BUY_NO,2026-07-01T13:00:17+00:00,YES,PERDIDA,34,20,74.0,227.0;225.0;221.0;219.0;216.0;213.0;212.0;212.0;210.0;210.0;188.0;131.0;131.0;120.0;116.0;101.0;99.0;96.0;95.0;93.0;93.0;93.0;92.0;92.0;90.0;90.0;90.0;89.0;89.0;87.0;84.0;83.0;78.0;74.0
2744047,UPDOWN_GBM,ETH#15min,BUY_YES,2026-07-01T15:15:39+00:00,YES,GANANCIA,16,69,22.0,283.0;278.0;275.0;275.0;274.0;274.0;274.0;272.0;265.0;265.0;217.0;-22.0;-22.0;-22.0;-25.0;-26.0
2749370,UPDOWN_GBM,ETH#15min,BUY_NO,2026-07-01T23:28:05+00:00,NO,GANANCIA,0,0,,
2753589,UPDOWN_GBM,ETH#15min,BUY_NO,2026-07-02T06:30:39+00:00,YES,PERDIDA,36,8,14.0,200.0;200.0;170.0;170.0;170.0;169.0;164.0;119.0;119.0;118.0;118.0;116.0;116.0;115.0;115.0;113.0;97.0;94.0;92.0;89.0;88.0;86.0;83.0;82.0;80.0;79.0;76.0;76.0;76.0;74.0;74.0;74.0;73.0;73.0;-14.0;-19.0
2754044,UPDOWN_GBM,ETH#15min,BUY_NO,2026-07-02T07:10:11+00:00,NO,GANANCIA,40,40,54.0,216.0;177.0;176.0;176.0;168.0;161.0;146.0;140.0;99.0;89.0;72.0;54.0;54.0;-67.0;-75.0;-88.0;-88.0;-97.0;-114.0;-127.0;-150.0;-178.0;-202.0;-202.0;-210.0;-210.0;-229.0;-232.0;-238.0;-256.0;-265.0;-271.0;-280.0;-282.0;-283.0;-283.0;-285.0;-285.0;-291.0;-295.0
2756570,UPDOWN_GBM,ETH#15min,BUY_NO,2026-07-02T14:27:38+00:00,NO,GANANCIA,0,0,,
2757714,UPDOWN_GBM,ETH#15min,BUY_NO,2026-07-02T15:12:27+00:00,YES,PERDIDA,5,11,202.0,280.0;214.0;214.0;202.0;202.0
2758293,UPDOWN_GBM,ETH#15min,BUY_NO,2026-07-02T15:53:33+00:00,YES,PERDIDA,0,0,,
2758530,UPDOWN_GBM,ETH#15min,BUY_NO,2026-07-02T16:27:47+00:00,YES,PERDIDA,41,5,149.0,297.0;296.0;293.0;291.0;288.0;287.0;285.0;284.0;281.0;279.0;276.0;273.0;272.0;270.0;267.0;266.0;264.0;261.0;260.0;258.0;255.0;255.0;254.0;254.0;252.0;252.0;252.0;251.0;248.0;246.0;245.0;243.0;240.0;239.0;209.0;177.0;177.0;177.0;150.0;149.0;149.0
2760421,UPDOWN_GBM,SOL#15min,BUY_NO,2026-07-02T19:26:58+00:00,YES,PERDIDA,3,3,246.0,268.0;247.0;246.0
2766154,GBM_LATE_15M,XRP#15min,BUY_YES,2026-07-03T06:34:15+00:00,NO,PERDIDA,7,7,37.0,182.0;-37.0;-37.0;-43.0;-97.0;-118.0;-239.0
2766166,GBM_LATE_15M,SOL#15min,BUY_YES,2026-07-03T06:34:55+00:00,NO,PERDIDA,16,20,31.0,249.0;195.0;192.0;177.0;144.0;144.0;144.0;144.0;144.0;142.0;142.0;31.0;31.0;31.0;-111.0;-122.0
2766225,UPDOWN_GBM,BTC#15min,BUY_NO,2026-07-03T06:38:51+00:00,YES,PERDIDA,0,0,,
2766229,UPDOWN_GBM,ETH#15min,BUY_NO,2026-07-03T06:38:51+00:00,YES,PERDIDA,0,0,,
2766575,GBM_LATE_15M,XRP#15min,BUY_YES,2026-07-03T08:49:38+00:00,NO,PERDIDA,1,4,151.0,-151.0
2766640,GBM_LATE_15M,SOL#15min,BUY_YES,2026-07-03T09:18:14+00:00,NO,PERDIDA,13,4,12.0,195.0;194.0;111.0;35.0;-12.0;-60.0;-61.0;-63.0;-63.0;-64.0;-168.0;-178.0;-181.0
2768664,GBM_LATE_15M,SOL#15min,BUY_YES,2026-07-03T13:19:21+00:00,YES,GANANCIA,20,14,1.0,203.0;190.0;115.0;62.0;50.0;-1.0;-16.0;-107.0;-109.0;-112.0;-113.0;-115.0;-118.0;-119.0;-121.0;-125.0;-127.0;-133.0;-200.0;-223.0
2768693,GBM_LATE_15M,SOL#15min,BUY_YES,2026-07-03T13:33:03+00:00,NO,PERDIDA,24,16,17.0,272.0;193.0;35.0;34.0;32.0;-17.0;-19.0;-28.0;-32.0;-94.0;-95.0;-98.0;-100.0;-100.0;-100.0;-101.0;-101.0;-103.0;-103.0;-104.0;-106.0;-107.0;-136.0;-139.0
2768692,GBM_LATE_15M,XRP#15min,BUY_YES,2026-07-03T13:42:06+00:00,NO,PERDIDA,14,10,7.0,104.0;104.0;104.0;101.0;101.0;101.0;97.0;89.0;89.0;59.0;44.0;7.0;-11.0;-34.0
2768881,UPDOWN_GBM,ETH#15min,BUY_NO,2026-07-03T13:54:24+00:00,NO,GANANCIA,0,0,,
2768880,GBM_LATE_15M,SOL#15min,BUY_YES,2026-07-03T14:03:15+00:00,NO,PERDIDA,20,14,116.0,295.0;134.0;127.0;118.0;116.0;-124.0;-139.0;-140.0;-142.0;-143.0;-146.0;-148.0;-149.0;-152.0;-154.0;-155.0;-163.0;-163.0;-164.0;-164.0
2768878,GBM_LATE_15M,XRP#15min,BUY_YES,2026-07-03T14:03:38+00:00,NO,PERDIDA,14,7,18.0,249.0;80.0;68.0;59.0;56.0;56.0;53.0;53.0;53.0;45.0;32.0;-18.0;-144.0;-148.0
2768978,GBM_LATE_15M,XRP#15min,BUY_YES,2026-07-03T14:19:53+00:00,NO,PERDIDA,10,21,1.0,287.0;285.0;-1.0;-46.0;-46.0;-195.0;-196.0;-246.0;-250.0;-279.0
2768981,UPDOWN_GBM,ETH#15min,BUY_NO,2026-07-03T14:20:39+00:00,NO,GANANCIA,30,32,7.0,289.0;236.0;155.0;155.0;155.0;116.0;116.0;116.0;77.0;73.0;73.0;55.0;52.0;47.0;47.0;46.0;44.0;41.0;41.0;41.0;41.0;40.0;40.0;38.0;7.0;-13.0;-14.0;-28.0;-28.0;-29.0
2769104,UPDOWN_GBM,ETH#15min,BUY_NO,2026-07-03T14:39:17+00:00,YES,PERDIDA,0,0,,
2769143,UPDOWN_GBM,ETH#15min,BUY_NO,2026-07-03T14:54:10+00:00,YES,PERDIDA,0,0,,
2769186,GBM_LATE_15M,SOL#15min,BUY_YES,2026-07-03T15:18:13+00:00,NO,PERDIDA,31,11,39.0,124.0;96.0;91.0;39.0;-39.0;-47.0;-48.0;-50.0;-50.0;-51.0;-53.0;-53.0;-54.0;-56.0;-56.0;-114.0;-116.0;-117.0;-117.0;-119.0;-120.0;-122.0;-123.0;-126.0;-128.0;-131.0;-132.0;-134.0;-137.0;-140.0;-182.0
2798762,UPDOWN_GBM,ETH#15min,BUY_NO,2026-07-05T19:28:49+00:00,YES,PERDIDA,6,1,84.0,121.0;121.0;112.0;97.0;85.0;84.0
2798754,GBM_LATE_15M,SOL#15min,BUY_YES,2026-07-05T19:35:20+00:00,YES,GANANCIA,21,1,91.0,254.0;254.0;252.0;251.0;249.0;249.0;249.0;248.0;246.0;246.0;245.0;243.0;242.0;242.0;-91.0;-91.0;-91.0;-216.0;-217.0;-217.0;-289.0
2799020,GBM_LATE_15M,XRP#15min,BUY_YES,2026-07-05T19:50:14+00:00,YES,GANANCIA,9,5,51.0,237.0;236.0;75.0;75.0;75.0;74.0;51.0;-243.0;-265.0
2799021,GBM_LATE_15M,SOL#15min,BUY_YES,2026-07-05T19:50:38+00:00,YES,GANANCIA,5,4,8.0,84.0;59.0;27.0;8.0;8.0
2800811,UPDOWN_GBM,ETH#15min,BUY_NO,2026-07-05T23:53:03+00:00,YES,PERDIDA,0,0,,
2803824,GBM_LATE_15M,SOL#15min,BUY_YES,2026-07-06T06:37:53+00:00,YES,GANANCIA,22,20,90.0,300.0;266.0;266.0;251.0;242.0;236.0;210.0;209.0;153.0;150.0;150.0;149.0;90.0;-190.0;-196.0;-198.0;-199.0;-201.0;-208.0;-208.0;-213.0;-277.0
2804284,UPDOWN_GBM,ETH#15min,BUY_NO,2026-07-06T06:56:36+00:00,YES,PERDIDA,0,0,,
2804279,GBM_LATE_15M,XRP#15min,BUY_NO,2026-07-06T07:11:32+00:00,YES,PERDIDA,10,17,37.0,177.0;161.0;152.0;125.0;39.0;-37.0;-39.0;-52.0;-52.0;-226.0
2804313,GBM_LATE_15M,ETH#15min,BUY_YES,2026-07-06T07:19:11+00:00,YES,GANANCIA,38,9,38.0,300.0;240.0;165.0;108.0;108.0;107.0;105.0;104.0;102.0;102.0;101.0;99.0;98.0;96.0;96.0;95.0;93.0;92.0;90.0;89.0;87.0;84.0;81.0;81.0;80.0;78.0;78.0;77.0;75.0;74.0;72.0;72.0;62.0;62.0;44.0;41.0;38.0;-156.0
2804617,GBM_LATE_15M,XRP#15min,BUY_NO,2026-07-06T08:55:19+00:00,YES,PERDIDA,11,28,9.0,177.0;175.0;172.0;171.0;-9.0;-11.0;-143.0;-195.0;-198.0;-288.0;-291.0
2804680,GBM_LATE_15M,SOL#15min,BUY_YES,2026-07-06T09:22:11+00:00,YES,GANANCIA,38,17,1.0,293.0;254.0;200.0;194.0;194.0;152.0;146.0;144.0;143.0;143.0;141.0;141.0;141.0;140.0;138.0;138.0;137.0;134.0;131.0;128.0;122.0;81.0;78.0;62.0;54.0;54.0;-1.0;-25.0;-52.0;-55.0;-70.0;-72.0;-180.0;-273.0;-274.0;-274.0;-276.0;-277.0
2806762,GBM_LATE_15M,XRP#15min,BUY_NO,2026-07-06T13:21:36+00:00,NO,GANANCIA,53,33,37.0,287.0;286.0;286.0;286.0;158.0;154.0;154.0;152.0;149.0;122.0;122.0;119.0;118.0;118.0;116.0;116.0;-37.0;-38.0;-148.0;-154.0;-155.0;-157.0;-163.0;-163.0;-164.0;-170.0;-172.0;-173.0;-178.0;-181.0;-181.0;-187.0;-188.0;-190.0;-196.0;-197.0;-199.0;-205.0;-206.0;-208.0;-212.0;-214.0;-215.0;-221.0;-223.0;-224.0;-230.0;-230.0;-232.0;-238.0;-239.0;-242.0;-247.0
2806760,GBM_LATE_15M,SOL#15min,BUY_NO,2026-07-06T13:23:31+00:00,NO,GANANCIA,25,32,0.0,220.0;199.0;196.0;195.0;195.0;192.0;192.0;171.0;153.0;130.0;124.0;118.0;106.0;103.0;91.0;43.0;36.0;30.0;0.0;-2.0;-2.0;-86.0;-99.0;-110.0;-245.0
2806822,GBM_LATE_15M,XRP#15min,BUY_YES,2026-07-06T13:39:12+00:00,YES,GANANCIA,18,15,10.0,122.0;22.0;17.0;-10.0;-17.0;-19.0;-20.0;-20.0;-25.0;-26.0;-28.0;-29.0;-31.0;-32.0;-40.0;-40.0;-46.0;-142.0
2806882,GBM_LATE_15M,SOL#15min,BUY_YES,2026-07-06T13:56:29+00:00,NO,PERDIDA,28,28,21.0,183.0;159.0;144.0;141.0;140.0;138.0;114.0;104.0;99.0;87.0;75.0;66.0;47.0;35.0;33.0;30.0;-21.0;-64.0;-76.0;-114.0;-123.0;-127.0;-133.0;-171.0;-207.0;-213.0;-262.0;-277.0
2806911,GBM_LATE_15M,SOL#15min,BUY_YES,2026-07-06T14:07:32+00:00,NO,PERDIDA,14,14,3.0,212.0;147.0;132.0;132.0;132.0;132.0;131.0;41.0;-3.0;-12.0;-12.0;-13.0;-22.0;-300.0
2806913,GBM_LATE_15M,XRP#15min,BUY_NO,2026-07-06T14:09:22+00:00,YES,PERDIDA,13,36,78.0,187.0;186.0;-78.0;-186.0;-195.0;-203.0;-216.0;-221.0;-245.0;-285.0;-294.0;-299.0;-299.0
2807011,GBM_LATE_15M,ETH#15min,BUY_YES,2026-07-06T14:18:18+00:00,YES,GANANCIA,11,9,226.0,290.0;287.0;287.0;286.0;284.0;269.0;257.0;242.0;238.0;229.0;226.0
2807013,GBM_LATE_15M,SOL#15min,BUY_NO,2026-07-06T14:24:47+00:00,YES,PERDIDA,35,28,2.0,120.0;117.0;108.0;101.0;95.0;93.0;92.0;90.0;89.0;87.0;87.0;87.0;84.0;81.0;74.0;71.0;69.0;68.0;66.0;66.0;56.0;54.0;50.0;48.0;45.0;44.0;6.0;2.0;-94.0;-174.0;-208.0;-229.0;-232.0;-265.0;-267.0
2807052,GBM_LATE_15M,SOL#15min,BUY_YES,2026-07-06T14:33:52+00:00,NO,PERDIDA,9,14,69.0,249.0;223.0;198.0;189.0;162.0;-69.0;-135.0;-158.0;-189.0
2807054,GBM_LATE_15M,XRP#15min,BUY_YES,2026-07-06T14:34:39+00:00,YES,GANANCIA,44,20,2.0,179.0;172.0;100.0;64.0;2.0;-2.0;-4.0;-7.0;-7.0;-56.0;-64.0;-64.0;-65.0;-71.0;-73.0;-74.0;-91.0;-92.0;-94.0;-100.0;-101.0;-106.0;-107.0;-109.0;-116.0;-119.0;-121.0;-125.0;-127.0;-128.0;-134.0;-136.0;-137.0;-143.0;-145.0;-146.0;-152.0;-152.0;-154.0;-160.0;-161.0;-163.0;-208.0;-262.0
2807200,GBM_LATE_15M,XRP#15min,BUY_YES,2026-07-06T14:49:20+00:00,YES,GANANCIA,16,16,9.0,185.0;74.0;74.0;68.0;62.0;51.0;35.0;35.0;35.0;32.0;32.0;32.0;9.0;-79.0;-121.0;-123.0
2807295,GBM_LATE_15M,SOL#15min,BUY_YES,2026-07-06T15:19:40+00:00,YES,GANANCIA,11,13,72.0,280.0;187.0;103.0;72.0;-98.0;-177.0;-185.0;-246.0;-255.0;-267.0;-269.0
2807305,GBM_LATE_15M,XRP#15min,BUY_NO,2026-07-06T15:28:32+00:00,YES,PERDIDA,4,12,11.0,11.0;-34.0;-40.0;-130.0
2807386,GBM_LATE_15M,ETH#15min,BUY_YES,2026-07-06T15:40:28+00:00,YES,GANANCIA,40,54,15.0,124.0;123.0;123.0;103.0;78.0;76.0;76.0;70.0;67.0;67.0;67.0;67.0;67.0;67.0;66.0;60.0;58.0;58.0;57.0;54.0;52.0;49.0;49.0;49.0;48.0;37.0;21.0;15.0;-27.0;-56.0;-78.0;-164.0;-185.0;-192.0;-194.0;-239.0;-260.0;-272.0;-272.0;-282.0
2807466,GBM_LATE_15M,SOL#15min,BUY_NO,2026-07-06T15:50:56+00:00,YES,PERDIDA,45,29,1.0,296.0;291.0;291.0;288.0;260.0;257.0;257.0;255.0;224.0;182.0;174.0;173.0;155.0;141.0;135.0;134.0;117.0;108.0;107.0;104.0;104.0;99.0;98.0;95.0;95.0;92.0;92.0;92.0;86.0;78.0;69.0;47.0;41.0;38.0;26.0;12.0;12.0;5.0;2.0;-1.0;-6.0;-82.0;-213.0;-220.0;-276.0
2808307,GBM_LATE_15M,SOL#15min,BUY_YES,2026-07-06T16:03:34+00:00,YES,GANANCIA,15,40,1.0,300.0;292.0;289.0;1.0;-26.0;-108.0;-111.0;-149.0;-159.0;-173.0;-177.0;-177.0;-185.0;-185.0;-194.0
2808312,GBM_LATE_15M,ETH#15min,BUY_YES,2026-07-06T16:07:03+00:00,YES,GANANCIA,35,27,1.0,241.0;211.0;169.0;148.0;134.0;101.0;91.0;55.0;53.0;52.0;40.0;37.0;37.0;37.0;37.0;35.0;34.0;34.0;32.0;1.0;-23.0;-28.0;-107.0;-128.0;-130.0;-170.0;-179.0;-181.0;-208.0;-223.0;-236.0;-238.0;-266.0;-277.0;-298.0
2808311,GBM_LATE_15M,XRP#15min,BUY_NO,2026-07-06T16:07:41+00:00,YES,PERDIDA,10,31,3.0,183.0;173.0;3.0;-3.0;-3.0;-6.0;-10.0;-12.0;-36.0;-192.0
2808348,GBM_LATE_15M,ETH#15min,BUY_YES,2026-07-06T16:18:12+00:00,NO,PERDIDA,26,31,4.0,289.0;236.0;205.0;205.0;190.0;167.0;164.0;140.0;133.0;130.0;115.0;95.0;17.0;7.0;5.0;5.0;5.0;4.0;-52.0;-82.0;-89.0;-127.0;-136.0;-142.0;-143.0;-155.0
2808584,GBM_LATE_15M,ETH#15min,BUY_YES,2026-07-06T16:48:01+00:00,NO,PERDIDA,52,14,4.0,297.0;295.0;294.0;292.0;292.0;291.0;289.0;276.0;265.0;265.0;265.0;265.0;264.0;261.0;258.0;258.0;256.0;255.0;253.0;253.0;252.0;250.0;249.0;247.0;246.0;246.0;244.0;243.0;241.0;241.0;240.0;238.0;232.0;232.0;231.0;229.0;225.0;204.0;174.0;172.0;171.0;159.0;144.0;144.0;142.0;106.0;88.0;88.0;63.0;61.0;4.0;-158.0
2808587,GBM_LATE_15M,XRP#15min,BUY_YES,2026-07-06T16:49:28+00:00,YES,GANANCIA,8,8,175.0,283.0;249.0;241.0;181.0;181.0;175.0;-230.0;-248.0
2808623,GBM_LATE_15M,ETH#15min,BUY_YES,2026-07-06T17:11:32+00:00,YES,GANANCIA,30,38,3.0,176.0;174.0;149.0;123.0;119.0;78.0;51.0;36.0;27.0;26.0;23.0;3.0;-6.0;-7.0;-9.0;-9.0;-18.0;-18.0;-18.0;-18.0;-18.0;-19.0;-19.0;-19.0;-28.0;-37.0;-43.0;-48.0;-55.0;-175.0
2808657,GBM_LATE_15M,SOL#15min,BUY_YES,2026-07-06T17:18:25+00:00,YES,GANANCIA,11,5,41.0,292.0;252.0;235.0;142.0;112.0;88.0;87.0;-41.0;-68.0;-150.0;-168.0
2808649,GBM_LATE_15M,XRP#15min,BUY_NO,2026-07-06T17:27:22+00:00,NO,GANANCIA,12,14,12.0,115.0;114.0;112.0;57.0;49.0;-12.0;-14.0;-24.0;-50.0;-83.0;-123.0;-135.0
2808700,GBM_LATE_15M,XRP#15min,BUY_YES,2026-07-06T17:33:30+00:00,NO,PERDIDA,5,11,1.0,203.0;80.0;20.0;20.0;1.0
2808768,GBM_LATE_15M,XRP#15min,BUY_NO,2026-07-06T17:50:26+00:00,NO,GANANCIA,14,12,16.0,90.0;90.0;90.0;63.0;63.0;63.0;-16.0;-24.0;-25.0;-33.0;-33.0;-40.0;-42.0;-106.0
2810168,GBM_LATE_15M,SOL#15min,BUY_YES,2026-07-06T18:07:32+00:00,NO,PERDIDA,16,20,10.0,275.0;228.0;204.0;204.0;203.0;198.0;192.0;134.0;-10.0;-141.0;-162.0;-162.0;-198.0;-199.0;-264.0;-286.0
2810240,GBM_LATE_15M,SOL#15min,BUY_NO,2026-07-06T18:20:06+00:00,YES,PERDIDA,7,14,59.0,122.0;122.0;59.0;59.0;-92.0;-95.0;-217.0
2810242,GBM_LATE_15M,XRP#15min,BUY_NO,2026-07-06T18:20:07+00:00,YES,PERDIDA,33,9,12.0,88.0;87.0;64.0;64.0;57.0;55.0;13.0;-12.0;-78.0;-164.0;-170.0;-171.0;-179.0;-180.0;-188.0;-188.0;-195.0;-197.0;-206.0;-207.0;-216.0;-216.0;-225.0;-225.0;-234.0;-234.0;-242.0;-242.0;-249.0;-251.0;-258.0;-260.0;-275.0
2810272,GBM_LATE_15M,SOL#15min,BUY_NO,2026-07-06T18:34:31+00:00,YES,PERDIDA,16,19,1.0,156.0;154.0;145.0;82.0;78.0;78.0;72.0;42.0;37.0;30.0;25.0;4.0;1.0;-239.0;-240.0;-255.0
2811193,GBM_LATE_15M,SOL#15min,BUY_YES,2026-07-06T23:13:17+00:00,NO,PERDIDA,11,8,9.0,65.0;53.0;48.0;47.0;9.0;-27.0;-72.0;-84.0;-114.0;-169.0;-214.0
2811190,GBM_LATE_15M,XRP#15min,BUY_YES,2026-07-06T23:14:20+00:00,YES,GANANCIA,4,1,0.0,6.0;0.0;-9.0;-102.0
2811289,GBM_LATE_15M,ETH#15min,BUY_YES,2026-07-06T23:55:47+00:00,NO,PERDIDA,7,5,0.0,150.0;89.0;0.0;-166.0;-216.0;-255.0;-276.0
2814722,GBM_LATE_15M,XRP#15min,BUY_YES,2026-07-07T06:49:01+00:00,YES,GANANCIA,5,3,15.0,64.0;64.0;15.0;-53.0;-89.0
2814763,GBM_LATE_15M,XRP#15min,BUY_YES,2026-07-07T07:03:53+00:00,YES,GANANCIA,5,2,66.0,297.0;66.0;-94.0;-144.0;-217.0
2814760,GBM_LATE_15M,SOL#15min,BUY_YES,2026-07-07T07:06:22+00:00,YES,GANANCIA,7,15,147.0,258.0;255.0;222.0;193.0;148.0;147.0;-282.0
2815288,GBM_LATE_15M,ETH#15min,BUY_YES,2026-07-07T09:18:48+00:00,NO,PERDIDA,24,22,5.0,298.0;298.0;296.0;290.0;278.0;278.0;206.0;206.0;206.0;205.0;205.0;205.0;205.0;205.0;173.0;167.0;143.0;143.0;-5.0;-52.0;-112.0;-127.0;-161.0;-203.0
2816978,GBM_LATE_15M,SOL#15min,BUY_YES,2026-07-07T13:05:42+00:00,NO,PERDIDA,27,24,1.0,280.0;242.0;178.0;155.0;121.0;106.0;97.0;67.0;23.0;1.0;-8.0;-10.0;-34.0;-190.0;-227.0;-229.0;-241.0;-242.0;-242.0;-244.0;-262.0;-268.0;-287.0;-289.0;-289.0;-290.0;-292.0
2817047,GBM_LATE_15M,ETH#15min,BUY_YES,2026-07-07T13:35:29+00:00,YES,GANANCIA,20,13,86.0,285.0;279.0;279.0;264.0;257.0;248.0;246.0;240.0;210.0;210.0;210.0;206.0;135.0;132.0;122.0;117.0;110.0;101.0;86.0;86.0
2817042,GBM_LATE_15M,SOL#15min,BUY_YES,2026-07-07T13:38:02+00:00,YES,GANANCIA,38,35,10.0,278.0;260.0;245.0;222.0;192.0;180.0;131.0;111.0;63.0;53.0;41.0;-10.0;-18.0;-19.0;-19.0;-34.0;-36.0;-51.0;-51.0;-70.0;-72.0;-72.0;-73.0;-90.0;-90.0;-120.0;-123.0;-126.0;-127.0;-127.0;-129.0;-129.0;-132.0;-178.0;-189.0;-192.0;-261.0;-270.0
2817322,GBM_LATE_15M,SOL#15min,BUY_YES,2026-07-07T13:54:14+00:00,NO,PERDIDA,21,30,0.0,285.0;276.0;276.0;267.0;234.0;234.0;228.0;225.0;51.0;41.0;36.0;32.0;29.0;3.0;0.0;-3.0;-3.0;-6.0;-6.0;-156.0;-157.0
2817325,GBM_LATE_15M,XRP#15min,BUY_YES,2026-07-07T13:54:41+00:00,NO,PERDIDA,14,24,22.0,297.0;176.0;138.0;113.0;101.0;-22.0;-24.0;-25.0;-25.0;-31.0;-33.0;-36.0;-183.0;-207.0
2817363,GBM_LATE_15M,XRP#15min,BUY_YES,2026-07-07T14:13:31+00:00,NO,PERDIDA,21,32,0.0,34.0;12.0;6.0;0.0;-26.0;-29.0;-30.0;-32.0;-39.0;-92.0;-92.0;-95.0;-98.0;-107.0;-192.0;-197.0;-210.0;-218.0;-236.0;-237.0;-293.0
2817629,GBM_LATE_15M,SOL#15min,BUY_YES,2026-07-07T14:21:15+00:00,YES,GANANCIA,22,18,4.0,238.0;128.0;103.0;79.0;70.0;50.0;20.0;4.0;-17.0;-23.0;-25.0;-53.0;-80.0;-88.0;-92.0;-92.0;-130.0;-145.0;-184.0;-212.0;-269.0;-299.0
2817661,GBM_LATE_15M,XRP#15min,BUY_YES,2026-07-07T14:35:27+00:00,NO,PERDIDA,7,13,4.0,287.0;-4.0;-32.0;-37.0;-71.0;-118.0;-277.0
2817797,GBM_LATE_15M,ETH#15min,BUY_YES,2026-07-07T15:12:53+00:00,NO,PERDIDA,27,32,4.0,17.0;17.0;-4.0;-18.0;-25.0;-27.0;-28.0;-30.0;-40.0;-48.0;-51.0;-57.0;-58.0;-58.0;-70.0;-72.0;-72.0;-106.0;-108.0;-112.0;-201.0;-232.0;-273.0;-285.0;-285.0;-285.0;-285.0
2817941,GBM_LATE_15M,SOL#15min,BUY_YES,2026-07-07T15:35:09+00:00,YES,GANANCIA,22,26,5.0,211.0;136.0;107.0;97.0;56.0;52.0;44.0;44.0;29.0;17.0;13.0;13.0;10.0;5.0;5.0;-62.0;-95.0;-122.0;-214.0;-215.0;-241.0;-263.0
2819137,GBM_LATE_15M,ETH#15min,BUY_YES,2026-07-07T16:07:44+00:00,NO,PERDIDA,33,36,2.0,267.0;195.0;195.0;194.0;192.0;189.0;183.0;180.0;158.0;56.0;39.0;30.0;30.0;29.0;29.0;26.0;26.0;2.0;-10.0;-55.0;-88.0;-136.0;-145.0;-148.0;-154.0;-157.0;-181.0;-181.0;-195.0;-237.0;-259.0;-298.0;-300.0
2819181,GBM_LATE_15M,ETH#15min,BUY_YES,2026-07-07T16:18:38+00:00,YES,GANANCIA,12,15,4.0,261.0;60.0;47.0;32.0;-4.0;-60.0;-93.0;-114.0;-114.0;-127.0;-144.0;-157.0
2819233,GBM_LATE_15M,SOL#15min,BUY_YES,2026-07-07T16:33:52+00:00,YES,GANANCIA,18,10,0.0,288.0;178.0;174.0;162.0;88.0;3.0;3.0;0.0;-30.0;-98.0;-107.0;-108.0;-108.0;-110.0;-110.0;-119.0;-200.0;-219.0
2819234,GBM_LATE_15M,ETH#15min,BUY_YES,2026-07-07T16:33:53+00:00,YES,GANANCIA,21,22,0.0,213.0;209.0;192.0;171.0;168.0;156.0;102.0;39.0;26.0;18.0;12.0;3.0;2.0;0.0;-9.0;-10.0;-10.0;-31.0;-34.0;-34.0;-79.0
2819392,GBM_LATE_15M,ETH#15min,BUY_YES,2026-07-07T16:48:58+00:00,NO,PERDIDA,10,17,150.0,298.0;297.0;274.0;256.0;240.0;193.0;171.0;156.0;154.0;150.0
2820162,GBM_LATE_15M,XRP#15min,BUY_YES,2026-07-07T17:12:11+00:00,YES,GANANCIA,10,17,12.0,32.0;23.0;12.0;-48.0;-70.0;-106.0;-117.0;-120.0;-220.0;-277.0
2820242,GBM_LATE_15M,ETH#15min,BUY_YES,2026-07-07T17:33:53+00:00,YES,GANANCIA,23,16,63.0,300.0;285.0;251.0;237.0;225.0;201.0;129.0;111.0;101.0;87.0;84.0;65.0;-63.0;-115.0;-115.0;-117.0;-129.0;-169.0;-201.0;-217.0;-219.0;-220.0;-220.0
2820489,GBM_LATE_15M,ETH#15min,BUY_YES,2026-07-07T17:48:14+00:00,YES,GANANCIA,24,23,7.0,288.0;279.0;276.0;275.0;273.0;236.0;234.0;224.0;110.0;-7.0;-28.0;-72.0;-79.0;-79.0;-103.0;-115.0;-117.0;-147.0;-153.0;-156.0;-175.0;-180.0;-181.0;-181.0
2820496,GBM_LATE_15M,SOL#15min,BUY_YES,2026-07-07T17:53:22+00:00,NO,PERDIDA,6,9,9.0,18.0;9.0;9.0;-162.0;-168.0;-189.0
2820739,GBM_LATE_15M,SOL#15min,BUY_YES,2026-07-07T18:33:33+00:00,YES,GANANCIA,18,13,11.0,235.0;227.0;227.0;22.0;14.0;13.0;11.0;-76.0;-88.0;-109.0;-127.0;-139.0;-146.0;-151.0;-160.0;-184.0;-184.0;-184.0
2820864,GBM_LATE_15M,ETH#15min,BUY_YES,2026-07-07T18:48:33+00:00,NO,PERDIDA,19,17,10.0,158.0;50.0;37.0;37.0;35.0;35.0;34.0;34.0;32.0;26.0;14.0;11.0;10.0;10.0;-20.0;-20.0;-107.0;-197.0;-197.0
2821203,GBM_LATE_15M,SOL#15min,BUY_YES,2026-07-07T19:07:18+00:00,NO,PERDIDA,13,19,7.0,139.0;131.0;62.0;13.0;10.0;7.0;-13.0;-13.0;-128.0;-230.0;-238.0;-254.0;-263.0
2824229,GBM_LATE_15M,ETH#15min,BUY_YES,2026-07-07T23:25:35+00:00,YES,GANANCIA,10,14,12.0,164.0;48.0;41.0;38.0;36.0;33.0;21.0;20.0;12.0;-207.0
2828201,GBM_LATE_15M,ETH#15min,BUY_YES,2026-07-08T07:19:48+00:00,YES,GANANCIA,23,16,38.0,254.0;247.0;242.0;236.0;217.0;205.0;137.0;137.0;113.0;67.0;65.0;64.0;-38.0;-59.0;-61.0;-64.0;-74.0;-100.0;-152.0;-191.0;-193.0;-245.0;-275.0
2828191,GBM_LATE_15M,XRP#15min,BUY_YES,2026-07-08T07:20:57+00:00,YES,GANANCIA,2,1,140.0,140.0;-221.0
2828704,GBM_LATE_15M,XRP#15min,BUY_YES,2026-07-08T08:57:35+00:00,NO,PERDIDA,10,9,9.0,98.0;93.0;9.0;-9.0;-39.0;-48.0;-58.0;-82.0;-85.0;-237.0
2830923,GBM_LATE_15M,SOL#15min,BUY_YES,2026-07-08T13:18:08+00:00,NO,PERDIDA,4,10,72.0,128.0;125.0;-72.0;-162.0
2830933,GBM_LATE_15M,XRP#15min,BUY_YES,2026-07-08T13:18:09+00:00,NO,PERDIDA,6,1,19.0,190.0;125.0;56.0;19.0;-43.0;-172.0
2831090,GBM_LATE_15M,ETH#15min,BUY_YES,2026-07-08T14:03:15+00:00,NO,PERDIDA,13,21,20.0,295.0;290.0;239.0;236.0;221.0;220.0;-20.0;-158.0;-173.0;-179.0;-179.0;-182.0;-182.0
2831128,GBM_LATE_15M,SOL#15min,BUY_YES,2026-07-08T14:28:38+00:00,NO,PERDIDA,3,15,3.0,3.0;-31.0;-177.0
2832193,GBM_LATE_15M,XRP#15min,BUY_YES,2026-07-08T14:48:09+00:00,YES,GANANCIA,5,6,76.0,136.0;76.0;-134.0;-136.0;-149.0
2832194,GBM_LATE_15M,SOL#15min,BUY_YES,2026-07-08T14:49:22+00:00,YES,GANANCIA,11,9,44.0,277.0;270.0;207.0;123.0;60.0;60.0;51.0;-44.0;-209.0;-236.0;-236.0
2832273,GBM_LATE_15M,SOL#15min,BUY_YES,2026-07-08T15:06:24+00:00,NO,PERDIDA,7,7,19.0,19.0;-127.0;-185.0;-260.0;-281.0;-290.0;-298.0
2833359,GBM_LATE_15M,XRP#15min,BUY_YES,2026-07-08T16:03:15+00:00,YES,GANANCIA,2,5,148.0,277.0;-148.0
2833410,GBM_LATE_15M,XRP#15min,BUY_YES,2026-07-08T16:21:27+00:00,YES,GANANCIA,6,3,32.0,290.0;287.0;104.0;-32.0;-41.0;-244.0
2833402,GBM_LATE_15M,SOL#15min,BUY_YES,2026-07-08T16:26:18+00:00,YES,GANANCIA,24,18,7.0,131.0;131.0;128.0;124.0;116.0;116.0;113.0;109.0;104.0;86.0;85.0;85.0;85.0;35.0;14.0;8.0;7.0;-22.0;-49.0;-68.0;-88.0;-110.0;-188.0;-299.0
2833566,GBM_LATE_15M,XRP#15min,BUY_YES,2026-07-08T16:33:12+00:00,YES,GANANCIA,4,7,22.0,136.0;136.0;22.0;-128.0
2833567,GBM_LATE_15M,SOL#15min,BUY_YES,2026-07-08T16:35:35+00:00,YES,GANANCIA,22,24,2.0,296.0;285.0;281.0;279.0;276.0;225.0;53.0;48.0;41.0;33.0;27.0;24.0;21.0;18.0;12.0;2.0;-6.0;-7.0;-19.0;-100.0;-276.0;-280.0
2833670,GBM_LATE_15M,SOL#15min,BUY_YES,2026-07-08T16:48:12+00:00,YES,GANANCIA,4,6,122.0,233.0;232.0;122.0;-166.0
2833660,GBM_LATE_15M,ETH#15min,BUY_YES,2026-07-08T16:48:39+00:00,YES,GANANCIA,5,7,127.0,290.0;284.0;269.0;173.0;127.0
2834578,GBM_LATE_15M,ETH#15min,BUY_YES,2026-07-08T17:35:36+00:00,NO,PERDIDA,17,21,35.0,157.0;155.0;121.0;121.0;109.0;104.0;94.0;91.0;71.0;62.0;47.0;35.0;-68.0;-116.0;-220.0;-241.0;-299.0
2834586,GBM_LATE_15M,SOL#15min,BUY_YES,2026-07-08T17:40:09+00:00,NO,PERDIDA,8,15,46.0,109.0;-46.0;-65.0;-79.0;-86.0;-113.0;-164.0;-176.0
2834885,GBM_LATE_15M,XRP#15min,BUY_YES,2026-07-08T18:18:26+00:00,NO,PERDIDA,3,1,23.0,23.0;23.0;-165.0
2834892,GBM_LATE_15M,ETH#15min,BUY_YES,2026-07-08T18:18:27+00:00,NO,PERDIDA,10,14,25.0,262.0;232.0;133.0;25.0;-130.0;-130.0;-131.0;-134.0;-164.0;-164.0
2839151,GBM_LATE_15M,SOL#15min,BUY_YES,2026-07-08T23:03:34+00:00,YES,GANANCIA,8,15,24.0,150.0;58.0;-24.0;-30.0;-53.0;-53.0;-183.0;-203.0
2839152,GBM_LATE_15M,ETH#15min,BUY_YES,2026-07-08T23:05:08+00:00,YES,GANANCIA,24,24,45.0,290.0;243.0;122.0;120.0;77.0;56.0;45.0;-63.0;-76.0;-234.0;-235.0;-237.0;-240.0;-240.0;-240.0;-241.0;-243.0;-243.0;-276.0;-277.0;-280.0;-295.0;-295.0;-297.0
2839312,GBM_LATE_15M,SOL#15min,BUY_YES,2026-07-08T23:35:35+00:00,YES,GANANCIA,27,28,8.0,285.0;273.0;245.0;134.0;72.0;18.0;18.0;9.0;8.0;8.0;-51.0;-51.0;-51.0;-55.0;-55.0;-55.0;-55.0;-57.0;-69.0;-159.0;-165.0;-165.0;-255.0;-258.0;-258.0;-295.0;-295.0
2839446,GBM_LATE_15M,SOL#15min,BUY_YES,2026-07-08T23:49:45+00:00,YES,GANANCIA,41,18,8.0,220.0;217.0;211.0;184.0;179.0;173.0;169.0;118.0;115.0;113.0;113.0;113.0;112.0;112.0;112.0;112.0;112.0;112.0;112.0;112.0;112.0;112.0;109.0;107.0;107.0;103.0;98.0;83.0;44.0;41.0;16.0;8.0;8.0;-97.0;-98.0;-125.0;-166.0;-167.0;-169.0;-230.0;-251.0
2841297,GBM_LATE_15M,ETH#15min,BUY_YES,2026-07-09T04:03:53+00:00,YES,GANANCIA,9,9,111.0,282.0;282.0;282.0;282.0;111.0;-142.0;-165.0;-169.0;-174.0
2843404,GBM_LATE_15M,XRP#15min,BUY_YES,2026-07-09T06:49:32+00:00,NO,PERDIDA,5,9,45.0,206.0;173.0;-45.0;-93.0;-255.0
2843413,GBM_LATE_15M,ETH#15min,BUY_YES,2026-07-09T06:49:33+00:00,YES,GANANCIA,26,29,16.0,271.0;242.0;227.0;175.0;175.0;89.0;89.0;49.0;-16.0;-32.0;-65.0;-71.0;-73.0;-80.0;-124.0;-133.0;-133.0;-133.0;-134.0;-137.0;-146.0;-161.0;-161.0;-163.0;-247.0;-248.0
2843475,GBM_LATE_15M,XRP#15min,BUY_YES,2026-07-09T07:04:44+00:00,NO,PERDIDA,6,12,43.0,-43.0;-43.0;-52.0;-52.0;-52.0;-115.0
2843511,GBM_LATE_15M,ETH#15min,BUY_YES,2026-07-09T07:22:15+00:00,NO,PERDIDA,26,29,11.0,260.0;242.0;242.0;241.0;239.0;233.0;188.0;157.0;157.0;154.0;134.0;125.0;124.0;116.0;43.0;43.0;-11.0;-14.0;-31.0;-34.0;-130.0;-131.0;-131.0;-244.0;-272.0;-281.0
2843734,GBM_LATE_15M,ETH#15min,BUY_YES,2026-07-09T08:38:19+00:00,NO,PERDIDA,35,44,0.0,282.0;277.0;273.0;262.0;253.0;232.0;217.0;217.0;217.0;198.0;196.0;186.0;186.0;174.0;166.0;157.0;139.0;124.0;117.0;102.0;88.0;70.0;34.0;0.0;0.0;-5.0;-102.0;-137.0;-146.0;-165.0;-168.0;-203.0;-207.0;-233.0;-261.0
2843816,GBM_LATE_15M,XRP#15min,BUY_YES,2026-07-09T08:48:35+00:00,NO,PERDIDA,3,4,197.0,197.0;197.0;197.0
2843893,GBM_LATE_15M,SOL#15min,BUY_YES,2026-07-09T09:20:01+00:00,YES,GANANCIA,9,7,9.0,172.0;162.0;154.0;43.0;-9.0;-65.0;-162.0;-237.0;-288.0
2843897,GBM_LATE_15M,XRP#15min,BUY_YES,2026-07-09T09:20:02+00:00,YES,GANANCIA,4,7,103.0,-103.0;-103.0;-288.0;-289.0
2845662,GBM_LATE_15M,SOL#15min,BUY_YES,2026-07-09T13:18:35+00:00,NO,PERDIDA,18,12,90.0,275.0;222.0;222.0;176.0;-90.0;-90.0;-90.0;-91.0;-91.0;-91.0;-93.0;-93.0;-105.0;-138.0;-144.0;-147.0;-151.0;-192.0
2845671,GBM_LATE_15M,ETH#15min,BUY_YES,2026-07-09T13:21:11+00:00,NO,PERDIDA,30,19,15.0,294.0;251.0;251.0;251.0;246.0;242.0;240.0;182.0;180.0;128.0;126.0;125.0;119.0;119.0;119.0;116.0;66.0;66.0;-15.0;-60.0;-84.0;-112.0;-192.0;-205.0;-273.0;-286.0;-289.0;-291.0;-291.0;-294.0
2845876,GBM_LATE_15M,XRP#15min,BUY_YES,2026-07-09T14:03:22+00:00,NO,PERDIDA,12,17,8.0,114.0;67.0;67.0;60.0;57.0;-8.0;-9.0;-128.0;-134.0;-156.0;-158.0;-176.0
2845874,GBM_LATE_15M,SOL#15min,BUY_YES,2026-07-09T14:06:02+00:00,NO,PERDIDA,12,15,11.0,230.0;212.0;132.0;104.0;59.0;11.0;-69.0;-76.0;-115.0;-117.0;-117.0;-172.0
2845948,GBM_LATE_15M,ETH#15min,BUY_YES,2026-07-09T14:33:39+00:00,YES,GANANCIA,11,25,11.0,290.0;286.0;286.0;173.0;137.0;62.0;53.0;47.0;11.0;-107.0;-170.0
2846234,GBM_LATE_15M,XRP#15min,BUY_YES,2026-07-09T15:48:46+00:00,NO,PERDIDA,4,3,31.0,240.0;205.0;31.0;-77.0
2846239,GBM_LATE_15M,ETH#15min,BUY_YES,2026-07-09T15:54:09+00:00,NO,PERDIDA,23,17,11.0,274.0;268.0;220.0;215.0;214.0;212.0;176.0;161.0;157.0;125.0;118.0;115.0;115.0;109.0;74.0;47.0;-11.0;-73.0;-157.0;-157.0;-158.0;-160.0;-271.0
2846606,GBM_LATE_15M,XRP#15min,BUY_YES,2026-07-09T16:07:20+00:00,NO,PERDIDA,13,16,4.0,297.0;293.0;212.0;212.0;203.0;-4.0;-15.0;-15.0;-22.0;-24.0;-30.0;-51.0;-85.0
2846610,GBM_LATE_15M,SOL#15min,BUY_YES,2026-07-09T16:07:21+00:00,NO,PERDIDA,22,38,19.0,295.0;295.0;289.0;274.0;272.0;269.0;253.0;253.0;226.0;166.0;133.0;19.0;19.0;19.0;-20.0;-52.0;-256.0;-263.0;-265.0;-268.0;-269.0;-271.0
2848704,GBM_LATE_15M,ETH#15min,BUY_YES,2026-07-09T17:13:50+00:00,YES,GANANCIA,9,5,4.0,60.0;44.0;-4.0;-4.0;-6.0;-9.0;-21.0;-21.0;-187.0
2849006,GBM_LATE_15M,SOL#15min,BUY_YES,2026-07-09T17:35:08+00:00,YES,GANANCIA,12,11,5.0,264.0;261.0;126.0;116.0;116.0;9.0;5.0;-153.0;-154.0;-165.0;-240.0;-265.0
2849277,GBM_LATE_15M,ETH#15min,BUY_YES,2026-07-09T18:03:59+00:00,YES,GANANCIA,10,15,20.0,224.0;215.0;212.0;188.0;161.0;20.0;-165.0;-165.0;-165.0;-226.0
2849267,GBM_LATE_15M,SOL#15min,BUY_YES,2026-07-09T18:04:48+00:00,YES,GANANCIA,29,22,25.0,218.0;212.0;212.0;211.0;209.0;209.0;203.0;172.0;172.0;172.0;172.0;170.0;170.0;139.0;53.0;52.0;-25.0;-25.0;-118.0;-119.0;-119.0;-119.0;-119.0;-121.0;-121.0;-121.0;-121.0;-122.0;-212.0
2849323,GBM_LATE_15M,XRP#15min,BUY_YES,2026-07-09T18:18:21+00:00,NO,PERDIDA,1,4,89.0,89.0
2849334,GBM_LATE_15M,SOL#15min,BUY_YES,2026-07-09T18:19:04+00:00,NO,PERDIDA,12,13,36.0,286.0;240.0;204.0;100.0;75.0;64.0;63.0;63.0;61.0;61.0;46.0;36.0
2849358,GBM_LATE_15M,ETH#15min,BUY_YES,2026-07-09T18:34:24+00:00,NO,PERDIDA,9,14,14.0,262.0;262.0;218.0;52.0;-14.0;-116.0;-127.0;-137.0;-224.0
2849357,GBM_LATE_15M,XRP#15min,BUY_YES,2026-07-09T18:42:07+00:00,NO,PERDIDA,3,11,147.0,-147.0;-150.0;-159.0
2852750,GBM_LATE_15M,SOL#15min,BUY_YES,2026-07-09T23:10:48+00:00,NO,PERDIDA,21,9,5.0,157.0;-5.0;-32.0;-37.0;-38.0;-44.0;-44.0;-44.0;-46.0;-46.0;-46.0;-47.0;-47.0;-47.0;-47.0;-104.0;-140.0;-154.0;-223.0;-250.0;-280.0
2852873,GBM_LATE_15M,SOL#15min,BUY_YES,2026-07-09T23:33:17+00:00,YES,GANANCIA,9,18,61.0,243.0;153.0;153.0;77.0;74.0;-61.0;-70.0;-157.0;-162.0
2852951,GBM_LATE_15M,ETH#15min,BUY_YES,2026-07-09T23:57:37+00:00,NO,PERDIDA,25,25,6.0,60.0;52.0;52.0;52.0;52.0;18.0;15.0;15.0;15.0;6.0;-12.0;-36.0;-44.0;-51.0;-86.0;-162.0;-164.0;-164.0;-174.0;-249.0;-254.0;-255.0;-272.0;-272.0;-285.0
2852945,GBM_LATE_15M,XRP#15min,BUY_YES,2026-07-09T23:58:57+00:00,NO,PERDIDA,2,0,28.0,-28.0;-59.0
2854850,GBM_LATE_15M,XRP#15min,BUY_YES,2026-07-10T04:18:27+00:00,NO,PERDIDA,3,7,167.0,169.0;169.0;167.0
2854849,GBM_LATE_15M,SOL#15min,BUY_YES,2026-07-10T04:21:55+00:00,NO,PERDIDA,36,27,9.0,297.0;297.0;178.0;178.0;178.0;150.0;150.0;150.0;150.0;138.0;136.0;136.0;132.0;132.0;127.0;127.0;112.0;112.0;112.0;111.0;102.0;102.0;97.0;34.0;28.0;24.0;-9.0;-23.0;-26.0;-26.0;-29.0;-30.0;-95.0;-98.0;-254.0;-254.0
2855012,GBM_LATE_15M,SOL#15min,BUY_YES,2026-07-10T04:51:30+00:00,NO,PERDIDA,10,13,1.0,277.0;277.0;242.0;148.0;95.0;47.0;-1.0;-214.0;-214.0;-218.0
2855005,GBM_LATE_15M,ETH#15min,BUY_YES,2026-07-10T04:55:00+00:00,NO,PERDIDA,8,7,5.0,172.0;157.0;125.0;62.0;10.0;-5.0;-49.0;-58.0
2856614,GBM_LATE_15M,ETH#15min,BUY_YES,2026-07-10T06:48:05+00:00,NO,PERDIDA,1,4,36.0,-36.0
2859996,GBM_LATE_15M,ETH#15min,BUY_YES,2026-07-10T14:48:32+00:00,NO,PERDIDA,24,24,2.0,272.0;183.0;183.0;182.0;132.0;125.0;123.0;123.0;60.0;59.0;44.0;32.0;17.0;12.0;2.0;-9.0;-39.0;-46.0;-51.0;-123.0;-135.0;-136.0;-166.0;-180.0
2865056,GBM_LATE_15M,ETH#15min,BUY_YES,2026-07-10T23:19:51+00:00,NO,PERDIDA,19,22,25.0,292.0;280.0;277.0;254.0;253.0;251.0;251.0;251.0;251.0;251.0;71.0;59.0;59.0;-25.0;-238.0;-239.0;-239.0;-239.0;-239.0
2865092,GBM_LATE_15M,SOL#15min,BUY_YES,2026-07-10T23:34:30+00:00,YES,GANANCIA,4,5,23.0,170.0;29.0;29.0;-23.0
2870249,GBM_LATE_15M,SOL#15min,BUY_YES,2026-07-11T13:03:34+00:00,YES,GANANCIA,5,14,39.0,243.0;145.0;78.0;39.0;-188.0
2870412,GBM_LATE_15M,SOL#15min,BUY_YES,2026-07-11T13:35:18+00:00,NO,PERDIDA,57,76,2.0,284.0;284.0;283.0;283.0;283.0;281.0;281.0;281.0;280.0;280.0;280.0;280.0;277.0;271.0;268.0;265.0;263.0;262.0;257.0;161.0;160.0;160.0;94.0;4.0;2.0;-2.0;-2.0;-4.0;-40.0;-89.0;-92.0;-92.0;-119.0;-125.0;-128.0;-128.0;-130.0;-133.0;-133.0;-133.0;-134.0;-136.0;-140.0;-152.0;-154.0;-166.0;-167.0;-173.0;-176.0;-181.0;-214.0;-227.0;-247.0;-263.0;-263.0;-263.0;-268.0
2870418,GBM_LATE_15M,ETH#15min,BUY_YES,2026-07-11T13:35:42+00:00,YES,GANANCIA,23,38,20.0,286.0;173.0;145.0;59.0;37.0;25.0;22.0;-20.0;-23.0;-23.0;-68.0;-127.0;-142.0;-160.0;-170.0;-176.0;-179.0;-179.0;-179.0;-191.0;-193.0;-194.0;-194.0
2870534,GBM_LATE_15M,ETH#15min,BUY_YES,2026-07-11T13:53:01+00:00,NO,PERDIDA,19,25,12.0,264.0;102.0;100.0;97.0;96.0;90.0;88.0;76.0;49.0;27.0;25.0;18.0;16.0;15.0;12.0;-47.0;-71.0;-72.0;-90.0
2871136,GBM_LATE_15M,SOL#15min,BUY_YES,2026-07-11T15:34:37+00:00,NO,PERDIDA,17,11,3.0,165.0;165.0;165.0;163.0;163.0;90.0;88.0;79.0;78.0;75.0;67.0;51.0;33.0;3.0;3.0;-194.0;-195.0
2872626,GBM_LATE_15M,SOL#15min,BUY_YES,2026-07-11T17:34:28+00:00,YES,GANANCIA,25,15,22.0,289.0;211.0;187.0;186.0;184.0;165.0;145.0;144.0;136.0;135.0;52.0;43.0;40.0;39.0;31.0;31.0;24.0;22.0;-93.0;-137.0;-137.0;-197.0;-239.0;-257.0;-257.0
2872737,GBM_LATE_15M,SOL#15min,BUY_YES,2026-07-11T17:48:46+00:00,NO,PERDIDA,22,12,62.0,264.0;259.0;211.0;139.0;-62.0;-63.0;-75.0;-95.0;-96.0;-96.0;-98.0;-98.0;-98.0;-99.0;-99.0;-99.0;-101.0;-101.0;-101.0;-162.0;-206.0;-209.0
2873446,GBM_LATE_15M,ETH#15min,BUY_YES,2026-07-11T19:09:44+00:00,NO,PERDIDA,25,19,50.0,228.0;219.0;218.0;218.0;210.0;204.0;203.0;200.0;198.0;198.0;195.0;90.0;89.0;89.0;66.0;51.0;50.0;50.0;-90.0;-114.0;-169.0;-264.0;-264.0;-264.0;-270.0
2873522,GBM_LATE_15M,SOL#15min,BUY_YES,2026-07-11T19:33:33+00:00,YES,GANANCIA,15,5,4.0,205.0;157.0;157.0;155.0;155.0;155.0;154.0;154.0;154.0;152.0;152.0;139.0;128.0;4.0;-58.0
2874018,GBM_LATE_15M,SOL#15min,BUY_YES,2026-07-11T21:18:48+00:00,NO,PERDIDA,22,10,37.0,275.0;256.0;143.0;142.0;142.0;142.0;140.0;140.0;140.0;139.0;139.0;139.0;133.0;133.0;131.0;122.0;-37.0;-37.0;-37.0;-41.0;-94.0;-197.0
2874060,GBM_LATE_15M,SOL#15min,BUY_YES,2026-07-11T21:34:03+00:00,NO,PERDIDA,7,7,1.0,256.0;253.0;245.0;88.0;1.0;-19.0;-62.0
2876101,GBM_LATE_15M,ETH#15min,BUY_YES,2026-07-11T23:07:57+00:00,NO,PERDIDA,15,12,20.0,169.0;145.0;103.0;103.0;101.0;101.0;76.0;43.0;41.0;-20.0;-20.0;-22.0;-29.0;-29.0;-31.0
2876185,GBM_LATE_15M,SOL#15min,BUY_YES,2026-07-11T23:33:09+00:00,YES,GANANCIA,17,38,43.0,235.0;220.0;220.0;218.0;176.0;175.0;134.0;83.0;59.0;53.0;43.0;-47.0;-85.0;-86.0;-98.0;-98.0;-106.0
2878033,GBM_LATE_15M,SOL#15min,BUY_YES,2026-07-12T04:19:13+00:00,NO,PERDIDA,6,19,2.0,271.0;229.0;-2.0;-65.0;-66.0;-137.0
2882347,GBM_LATE_15M,SOL#15min,BUY_YES,2026-07-12T15:04:14+00:00,NO,PERDIDA,48,10,15.0,282.0;281.0;281.0;275.0;273.0;273.0;264.0;264.0;257.0;255.0;248.0;248.0;239.0;237.0;230.0;230.0;222.0;221.0;198.0;189.0;174.0;146.0;146.0;141.0;141.0;126.0;123.0;123.0;114.0;32.0;15.0;-16.0;-18.0;-19.0;-27.0;-27.0;-34.0;-36.0;-81.0;-81.0;-82.0;-82.0;-85.0;-178.0;-178.0;-186.0;-187.0;-238.0
2887339,GBM_LATE_15M,ETH#15min,BUY_YES,2026-07-12T23:05:41+00:00,NO,PERDIDA,34,20,0.0,159.0;156.0;119.0;98.0;98.0;95.0;95.0;81.0;72.0;5.0;0.0;-24.0;-27.0;-30.0;-31.0;-48.0;-90.0;-91.0;-136.0;-184.0;-202.0;-204.0;-217.0;-282.0;-283.0;-283.0;-283.0;-285.0;-285.0;-286.0;-288.0;-288.0;-288.0;-300.0
2887426,GBM_LATE_15M,SOL#15min,BUY_YES,2026-07-12T23:34:04+00:00,YES,GANANCIA,10,20,24.0,277.0;240.0;111.0;109.0;27.0;27.0;25.0;24.0;-86.0;-128.0
2890527,GBM_LATE_15M,SOL#15min,BUY_YES,2026-07-13T06:50:27+00:00,NO,PERDIDA,25,17,4.0,209.0;209.0;209.0;209.0;179.0;166.0;11.0;11.0;11.0;10.0;10.0;8.0;8.0;7.0;7.0;7.0;4.0;-16.0;-113.0;-167.0;-181.0;-188.0;-190.0;-190.0;-280.0
2890999,GBM_LATE_15M,ETH#15min,BUY_YES,2026-07-13T09:18:49+00:00,NO,PERDIDA,43,10,18.0,274.0;223.0;75.0;75.0;57.0;48.0;48.0;-18.0;-20.0;-21.0;-23.0;-23.0;-24.0;-26.0;-27.0;-32.0;-32.0;-33.0;-35.0;-36.0;-38.0;-39.0;-39.0;-66.0;-72.0;-74.0;-75.0;-77.0;-78.0;-83.0;-95.0;-96.0;-98.0;-99.0;-146.0;-146.0;-147.0;-147.0;-147.0;-188.0;-188.0;-192.0;-207.0
2891000,GBM_LATE_15M,SOL#15min,BUY_YES,2026-07-13T09:19:15+00:00,NO,PERDIDA,54,20,1.0,299.0;298.0;287.0;286.0;278.0;277.0;266.0;266.0;259.0;257.0;257.0;251.0;250.0;250.0;242.0;241.0;233.0;232.0;224.0;223.0;217.0;215.0;208.0;208.0;200.0;199.0;188.0;181.0;176.0;172.0;82.0;82.0;74.0;47.0;16.0;8.0;7.0;1.0;-2.0;-58.0;-143.0;-145.0;-145.0;-146.0;-146.0;-146.0;-148.0;-148.0;-148.0;-149.0;-214.0;-214.0;-215.0;-217.0
2895912,GBM_LATE_15M,ETH#15min,BUY_YES,2026-07-13T14:19:51+00:00,NO,PERDIDA,3,2,169.0,194.0;169.0;169.0
2902392,GBM_LATE_15M,SOL#15min,BUY_YES,2026-07-14T04:19:23+00:00,YES,GANANCIA,17,17,4.0,300.0;294.0;290.0;288.0;282.0;203.0;198.0;194.0;189.0;185.0;180.0;140.0;83.0;83.0;-4.0;-135.0;-135.0
2902645,GBM_LATE_15M,SOL#15min,BUY_YES,2026-07-14T04:48:53+00:00,NO,PERDIDA,26,2,78.0,297.0;294.0;288.0;285.0;279.0;278.0;270.0;269.0;263.0;263.0;261.0;248.0;243.0;239.0;236.0;230.0;201.0;198.0;192.0;189.0;185.0;180.0;173.0;171.0;-78.0;-196.0
2903699,GBM_LATE_15M,SOL#15min,BUY_YES,2026-07-14T07:04:31+00:00,NO,PERDIDA,9,9,6.0,219.0;214.0;133.0;127.0;70.0;6.0;-101.0;-146.0;-176.0
2904401,GBM_LATE_15M,SOL#15min,BUY_YES,2026-07-14T09:18:20+00:00,NO,PERDIDA,8,8,6.0,171.0;131.0;63.0;62.0;-6.0;-25.0;-126.0;-171.0
2905920,GBM_LATE_15M_ESPACIO_ATR,BTC#15min,BUY_YES,2026-07-14T13:08:38+00:00,NO,PERDIDA,11,16,4.0,254.0;54.0;54.0;35.0;6.0;-4.0;-4.0;-21.0;-24.0;-25.0;-63.0
2917301,GBM_LATE_15M_ESPACIO_ATR,SOL#15min,BUY_YES,2026-07-15T04:09:51+00:00,NO,PERDIDA,24,17,19.0,260.0;256.0;253.0;251.0;214.0;188.0;139.0;139.0;92.0;64.0;19.0;-95.0;-104.0;-167.0;-271.0;-271.0;-271.0;-272.0;-272.0;-272.0;-274.0;-274.0;-274.0;-275.0
2919911,GBM_LATE_15M,SOL#15min,BUY_YES,2026-07-15T08:33:19+00:00,YES,GANANCIA,9,4,15.0,241.0;124.0;124.0;108.0;79.0;25.0;-15.0;-15.0;-122.0
2919993,GBM_LATE_15M_ESPACIO_ATR,BTC#15min,BUY_YES,2026-07-15T08:55:27+00:00,YES,GANANCIA,39,12,91.0,215.0;212.0;206.0;197.0;181.0;181.0;179.0;179.0;176.0;173.0;173.0;170.0;166.0;166.0;164.0;158.0;155.0;151.0;151.0;149.0;149.0;149.0;149.0;148.0;148.0;148.0;148.0;148.0;146.0;143.0;143.0;143.0;137.0;124.0;124.0;124.0;124.0;112.0;91.0
2920075,FAVORITO_CONFIRMADO,SOL#15min,BUY_YES,2026-07-15T09:19:54+00:00,YES,GANANCIA,10,9,2.0,233.0;232.0;155.0;28.0;25.0;23.0;2.0;-64.0;-92.0;-122.0
2922228,GBM_LATE_15M,SOL#15min,BUY_YES,2026-07-15T13:18:30+00:00,NO,PERDIDA,21,11,5.0,292.0;278.0;278.0;277.0;275.0;242.0;224.0;214.0;139.0;127.0;124.0;62.0;19.0;19.0;17.0;13.0;5.0;-17.0;-19.0;-92.0;-95.0
2922256,FAVORITO_CONFIRMADO,SOL#15min,BUY_YES,2026-07-15T13:34:21+00:00,NO,PERDIDA,19,20,41.0,293.0;266.0;239.0;181.0;167.0;164.0;112.0;64.0;-41.0;-59.0;-59.0;-88.0;-121.0;-130.0;-175.0;-182.0;-188.0;-190.0;-200.0
2922653,FAVORITO_CONFIRMADO,SOL#15min,BUY_YES,2026-07-15T15:21:05+00:00,YES,GANANCIA,25,31,0.0,275.0;258.0;258.0;254.0;252.0;251.0;249.0;248.0;218.0;158.0;158.0;149.0;147.0;146.0;146.0;144.0;120.0;80.0;71.0;68.0;68.0;0.0;-94.0;-120.0;-144.0
2922754,FAVORITO_CONFIRMADO,SOL#15min,BUY_YES,2026-07-15T15:49:43+00:00,NO,PERDIDA,11,13,33.0,220.0;220.0;210.0;199.0;199.0;198.0;196.0;196.0;33.0;-44.0;-108.0
2913210,FAVORITO_CONFIRMADO,SOL#60min,BUY_YES,2026-07-15T23:07:17+00:00,NO,PERDIDA,0,0,,
2930993,GBM_LATE_15M_ESPACIO_ATR,SOL#15min,BUY_YES,2026-07-16T04:18:49+00:00,NO,PERDIDA,4,5,55.0,156.0;55.0;-120.0;-188.0
2940908,FAVORITO_CONFIRMADO,ETH#15min,BUY_YES,2026-07-16T23:16:47+00:00,NO,PERDIDA,47,44,24.0,288.0;284.0;278.0;267.0;267.0;264.0;258.0;257.0;251.0;248.0;233.0;233.0;225.0;224.0;224.0;224.0;224.0;222.0;221.0;219.0;219.0;215.0;215.0;215.0;215.0;185.0;158.0;153.0;152.0;147.0;137.0;125.0;119.0;117.0;117.0;116.0;116.0;113.0;72.0;63.0;51.0;-24.0;-25.0;-39.0;-39.0;-40.0;-40.0
2943672,GBM_LATE_15M_ESPACIO_ATR,SOL#15min,BUY_YES,2026-07-17T06:39:51+00:00,NO,PERDIDA,8,10,7.0,72.0;30.0;7.0;-21.0;-56.0;-59.0;-141.0;-278.0
2935073,FAVORITO_CONFIRMADO,BTC#60min,BUY_NO,2026-07-17T15:11:36+00:00,YES,PERDIDA,0,0,,
2988329,FAVORITO_CONFIRMADO,BTC#60min,BUY_NO,2026-07-21T14:01:28+00:00,YES,PERDIDA,0,0,,
2988330,FAVORITO_CONFIRMADO,ETH#60min,BUY_NO,2026-07-21T14:13:52+00:00,NO,GANANCIA,3,1,168.0,170.0;168.0;168.0
3001166,FAVORITO_CONFIRMADO,SOL#15min,BUY_YES,2026-07-21T14:34:49+00:00,YES,GANANCIA,9,7,27.0,279.0;137.0;81.0;75.0;72.0;66.0;27.0;-168.0;-283.0
3001159,FAVORITO_CONFIRMADO,ETH#15min,BUY_YES,2026-07-21T14:35:41+00:00,YES,GANANCIA,21,16,25.0,272.0;146.0;146.0;134.0;98.0;82.0;74.0;73.0;65.0;64.0;34.0;29.0;29.0;-25.0;-77.0;-80.0;-133.0;-134.0;-134.0;-136.0;-136.0
3001357,FAVORITO_CONFIRMADO,SOL#15min,BUY_YES,2026-07-21T15:22:20+00:00,YES,GANANCIA,12,16,17.0,142.0;37.0;20.0;-17.0;-43.0;-61.0;-64.0;-134.0;-142.0;-232.0;-233.0;-242.0
3001360,FAVORITO_CONFIRMADO,ETH#15min,BUY_YES,2026-07-21T15:23:25+00:00,NO,PERDIDA,36,31,2.0,296.0;254.0;254.0;240.0;239.0;216.0;200.0;168.0;165.0;165.0;164.0;164.0;164.0;156.0;132.0;47.0;47.0;27.0;24.0;23.0;2.0;-16.0;-63.0;-84.0;-85.0;-85.0;-93.0;-105.0;-130.0;-178.0;-180.0;-181.0;-186.0;-198.0;-244.0;-246.0
2989053,FAVORITO_CONFIRMADO,BTC#60min,BUY_YES,2026-07-21T16:07:21+00:00,NO,PERDIDA,0,0,,
3002664,FAVORITO_CONFIRMADO,SOL#15min,BUY_YES,2026-07-21T16:36:47+00:00,YES,GANANCIA,10,9,146.0,-146.0;-151.0;-152.0;-178.0;-178.0;-181.0;-215.0;-217.0;-220.0;-224.0
3002804,FAVORITO_CONFIRMADO,SOL#15min,BUY_YES,2026-07-21T16:54:21+00:00,YES,GANANCIA,1,3,285.0,-285.0
3003679,FAVORITO_CONFIRMADO,ETH#15min,BUY_YES,2026-07-21T17:06:05+00:00,NO,PERDIDA,18,25,58.0,295.0;293.0;275.0;263.0;257.0;236.0;203.0;202.0;197.0;197.0;179.0;139.0;71.0;58.0;-82.0;-106.0;-146.0;-187.0
2990524,FAVORITO_CONFIRMADO,BTC#60min,BUY_NO,2026-07-21T17:13:17+00:00,NO,GANANCIA,0,0,,
2991785,FAVORITO_CONFIRMADO,BTC#60min,BUY_NO,2026-07-21T18:03:04+00:00,YES,PERDIDA,0,0,,
2992250,FAVORITO_CONFIRMADO,BTC#60min,BUY_YES,2026-07-21T19:08:19+00:00,YES,GANANCIA,2,8,62.0,251.0;62.0
2992264,FAVORITO_CONFIRMADO,SOL#60min,BUY_YES,2026-07-21T19:08:20+00:00,YES,GANANCIA,0,0,,
2994680,FAVORITO_CONFIRMADO,BTC#60min,BUY_NO,2026-07-21T23:04:31+00:00,YES,PERDIDA,1,1,126.0,126.0
3008341,FAVORITO_CONFIRMADO,SOL#15min,BUY_YES,2026-07-21T23:50:05+00:00,YES,GANANCIA,6,7,70.0,158.0;157.0;137.0;-70.0;-83.0;-295.0
2996366,FAVORITO_CONFIRMADO,SOL#60min,BUY_YES,2026-07-22T04:11:48+00:00,YES,GANANCIA,0,1,,
3010828,FAVORITO_CONFIRMADO,ETH#15min,BUY_YES,2026-07-22T04:20:53+00:00,YES,GANANCIA,13,13,1.0,233.0;214.0;212.0;71.0;68.0;38.0;1.0;-4.0;-47.0;-47.0;-62.0;-115.0;-221.0
2998049,FAVORITO_CONFIRMADO,BTC#60min,BUY_NO,2026-07-22T07:13:54+00:00,NO,GANANCIA,0,0,,
3013653,GBM_LATE_15M,ETH#15min,BUY_YES,2026-07-22T07:20:35+00:00,YES,GANANCIA,23,85,29.0,283.0;277.0;275.0;275.0;275.0;245.0;235.0;31.0;29.0;-89.0;-95.0;-97.0;-100.0;-101.0;-107.0;-107.0;-107.0;-107.0;-109.0;-112.0;-112.0;-112.0;-112.0
3014187,FAVORITO_CONFIRMADO,SOL#15min,BUY_YES,2026-07-22T08:52:02+00:00,YES,GANANCIA,31,8,1.0,25.0;23.0;17.0;16.0;8.0;8.0;1.0;-1.0;-7.0;-8.0;-16.0;-17.0;-23.0;-25.0;-32.0;-34.0;-47.0;-119.0;-142.0;-143.0;-151.0;-151.0;-160.0;-160.0;-172.0;-175.0;-181.0;-184.0;-188.0;-191.0;-196.0
2998819,FAVORITO_CONFIRMADO,BTC#60min,BUY_YES,2026-07-22T09:15:00+00:00,NO,PERDIDA,0,0,,
3014346,FAVORITO_CONFIRMADO,SOL#15min,BUY_YES,2026-07-22T09:25:52+00:00,YES,GANANCIA,29,5,6.0,186.0;141.0;17.0;15.0;9.0;8.0;-6.0;-7.0;-15.0;-16.0;-22.0;-24.0;-31.0;-31.0;-55.0;-57.0;-64.0;-64.0;-72.0;-73.0;-79.0;-81.0;-87.0;-90.0;-117.0;-118.0;-124.0;-132.0;-133.0
3000512,FAVORITO_CONFIRMADO,BTC#60min,BUY_YES,2026-07-22T13:07:59+00:00,YES,GANANCIA,0,0,,
3000517,FAVORITO_CONFIRMADO,SOL#60min,BUY_YES,2026-07-22T13:15:31+00:00,YES,GANANCIA,0,0,,
3017576,FAVORITO_CONFIRMADO,ETH#15min,BUY_YES,2026-07-22T14:35:15+00:00,YES,GANANCIA,32,25,45.0,297.0;286.0;276.0;253.0;240.0;220.0;214.0;202.0;99.0;73.0;69.0;67.0;49.0;45.0;-126.0;-144.0;-146.0;-147.0;-147.0;-147.0;-149.0;-150.0;-150.0;-150.0;-150.0;-152.0;-194.0;-257.0;-267.0;-269.0;-272.0;-276.0
3017577,FAVORITO_CONFIRMADO,SOL#15min,BUY_YES,2026-07-22T14:35:17+00:00,YES,GANANCIA,24,12,71.0,106.0;71.0;-85.0;-140.0;-142.0;-142.0;-143.0;-143.0;-145.0;-145.0;-145.0;-233.0;-235.0;-235.0;-236.0;-236.0;-238.0;-238.0;-239.0;-239.0;-241.0;-280.0;-280.0;-284.0
3017696,FAVORITO_CONFIRMADO,SOL#15min,BUY_YES,2026-07-22T15:02:37+00:00,YES,GANANCIA,27,12,10.0,99.0;99.0;69.0;24.0;23.0;17.0;14.0;-10.0;-12.0;-37.0;-37.0;-39.0;-39.0;-40.0;-40.0;-42.0;-42.0;-43.0;-45.0;-91.0;-106.0;-108.0;-108.0;-112.0;-132.0;-132.0;-144.0
3017697,FAVORITO_CONFIRMADO,ETH#15min,BUY_YES,2026-07-22T15:09:16+00:00,YES,GANANCIA,15,12,3.0,188.0;5.0;5.0;5.0;3.0;-36.0;-63.0;-112.0;-171.0;-208.0;-208.0;-210.0;-211.0;-217.0;-219.0
3001514,FAVORITO_CONFIRMADO,BTC#60min,BUY_YES,2026-07-22T16:12:42+00:00,YES,GANANCIA,0,0,,
3019228,FAVORITO_CONFIRMADO,SOL#15min,BUY_YES,2026-07-22T17:05:40+00:00,NO,PERDIDA,18,10,54.0,297.0;228.0;227.0;227.0;227.0;227.0;204.0;203.0;183.0;114.0;92.0;54.0;-63.0;-63.0;-90.0;-105.0;-150.0;-187.0
3019345,FAVORITO_CONFIRMADO,SOL#15min,BUY_YES,2026-07-22T17:35:23+00:00,YES,GANANCIA,19,13,11.0,79.0;61.0;56.0;52.0;22.0;-11.0;-26.0;-28.0;-53.0;-76.0;-76.0;-83.0;-85.0;-107.0;-113.0;-214.0;-251.0;-251.0;-296.0
3019347,FAVORITO_CONFIRMADO,ETH#15min,BUY_YES,2026-07-22T17:35:24+00:00,YES,GANANCIA,23,14,11.0,136.0;132.0;124.0;96.0;90.0;51.0;51.0;51.0;19.0;-11.0;-54.0;-65.0;-65.0;-65.0;-65.0;-242.0;-246.0;-248.0;-248.0;-251.0;-278.0;-281.0;-297.0
3003909,FAVORITO_CONFIRMADO,BTC#60min,BUY_YES,2026-07-22T18:06:26+00:00,NO,PERDIDA,0,0,,
3019639,FAVORITO_CONFIRMADO,SOL#15min,BUY_YES,2026-07-22T18:06:42+00:00,NO,PERDIDA,10,6,21.0,184.0;174.0;174.0;171.0;171.0;168.0;22.0;21.0;-93.0;-132.0
3020424,FAVORITO_CONFIRMADO,SOL#15min,BUY_YES,2026-07-22T19:21:10+00:00,YES,GANANCIA,3,7,14.0,284.0;255.0;14.0
3020426,FAVORITO_CONFIRMADO,ETH#15min,BUY_YES,2026-07-22T19:21:20+00:00,YES,GANANCIA,11,9,91.0,239.0;239.0;238.0;233.0;149.0;91.0;-164.0;-172.0;-272.0;-272.0;-274.0
3020583,FAVORITO_CONFIRMADO,SOL#15min,BUY_YES,2026-07-22T19:52:00+00:00,YES,GANANCIA,12,8,19.0,201.0;168.0;49.0;42.0;19.0;-78.0;-104.0;-105.0;-105.0;-108.0;-117.0;-218.0
3005383,FAVORITO_CONFIRMADO,SOL#60min,BUY_YES,2026-07-22T20:08:04+00:00,YES,GANANCIA,0,0,,
3006691,FAVORITO_CONFIRMADO,BTC#60min,BUY_NO,2026-07-22T23:19:33+00:00,YES,PERDIDA,1,4,283.0,283.0
3023322,GBM_LATE_15M,ETH#15min,BUY_YES,2026-07-22T23:19:34+00:00,YES,GANANCIA,28,26,16.0,39.0;21.0;20.0;-16.0;-18.0;-19.0;-21.0;-24.0;-25.0;-25.0;-45.0;-45.0;-64.0;-66.0;-163.0;-165.0;-165.0;-166.0;-168.0;-192.0;-193.0;-195.0;-196.0;-196.0;-252.0;-270.0;-270.0;-270.0
3023319,FAVORITO_CONFIRMADO,SOL#15min,BUY_YES,2026-07-22T23:20:13+00:00,YES,GANANCIA,12,11,5.0,300.0;159.0;5.0;-58.0;-60.0;-60.0;-60.0;-79.0;-79.0;-79.0;-234.0;-289.0
3010022,FAVORITO_CONFIRMADO,BTC#60min,BUY_NO,2026-07-23T04:06:10+00:00,NO,GANANCIA,0,0,,
3010123,FAVORITO_CONFIRMADO,SOL#60min,BUY_YES,2026-07-23T04:18:30+00:00,NO,PERDIDA,0,0,,
3026725,FAVORITO_CONFIRMADO,SOL#15min,BUY_YES,2026-07-23T06:50:27+00:00,YES,GANANCIA,7,11,69.0,133.0;133.0;96.0;69.0;69.0;-135.0;-273.0
3027365,FAVORITO_CONFIRMADO,ETH#15min,BUY_YES,2026-07-23T09:05:40+00:00,YES,GANANCIA,46,21,46.0,246.0;246.0;246.0;246.0;227.0;227.0;221.0;-46.0;-48.0;-93.0;-94.0;-94.0;-96.0;-97.0;-99.0;-99.0;-100.0;-102.0;-103.0;-106.0;-106.0;-138.0;-139.0;-189.0;-195.0;-202.0;-202.0;-202.0;-202.0;-202.0;-207.0;-222.0;-244.0;-244.0;-244.0;-244.0;-244.0;-244.0;-244.0;-244.0;-246.0;-253.0;-255.0;-256.0;-265.0;-265.0
3027411,FAVORITO_CONFIRMADO,SOL#15min,BUY_YES,2026-07-23T09:22:59+00:00,YES,GANANCIA,11,9,23.0,233.0;233.0;178.0;134.0;133.0;124.0;-23.0;-29.0;-151.0;-211.0;-278.0
3017171,FAVORITO_CONFIRMADO,BTC#60min,BUY_YES,2026-07-23T13:03:23+00:00,NO,PERDIDA,0,0,,
3017173,FAVORITO_CONFIRMADO,SOL#60min,BUY_YES,2026-07-23T13:03:39+00:00,NO,PERDIDA,4,1,90.0,156.0;154.0;90.0;-200.0
3017481,FAVORITO_CONFIRMADO,SOL#60min,BUY_YES,2026-07-23T14:17:35+00:00,NO,PERDIDA,0,0,,
3051973,FAVORITO_CONFIRMADO,SOL#15min,BUY_YES,2026-07-24T06:52:48+00:00,YES,GANANCIA,4,17,24.0,183.0;-24.0;-24.0;-119.0
3030098,FAVORITO_CONFIRMADO,BTC#60min,BUY_YES,2026-07-24T14:02:25+00:00,NO,PERDIDA,0,0,,
3054672,FAVORITO_CONFIRMADO,SOL#15min,BUY_YES,2026-07-24T14:02:26+00:00,NO,PERDIDA,14,22,19.0,281.0;281.0;166.0;49.0;47.0;38.0;34.0;19.0;-59.0;-65.0;-65.0;-70.0;-118.0;-134.0
3029905,FAVORITO_CONFIRMADO,BTC#60min,BUY_YES,2026-07-24T14:54:11+00:00,YES,GANANCIA,0,0,,
3055375,FAVORITO_CONFIRMADO,SOL#15min,BUY_YES,2026-07-24T15:49:20+00:00,NO,PERDIDA,10,9,92.0,280.0;196.0;196.0;196.0;191.0;187.0;185.0;124.0;-92.0;-220.0
3030282,FAVORITO_CONFIRMADO,BTC#60min,BUY_YES,2026-07-24T16:12:48+00:00,NO,PERDIDA,4,3,42.0,238.0;237.0;-42.0;-77.0
3030320,FAVORITO_CONFIRMADO,SOL#60min,BUY_YES,2026-07-24T16:12:49+00:00,NO,PERDIDA,0,0,,
3032991,FAVORITO_CONFIRMADO,SOL#60min,BUY_YES,2026-07-24T18:04:59+00:00,NO,PERDIDA,0,0,,
3069051,FAVORITO_CONFIRMADO,SOL#15min,BUY_YES,2026-07-24T18:51:38+00:00,YES,GANANCIA,5,9,23.0,25.0;-23.0;-26.0;-164.0;-272.0
3046035,FAVORITO_CONFIRMADO,BTC#60min,BUY_NO,2026-07-24T23:06:15+00:00,NO,GANANCIA,0,0,,
3073693,FAVORITO_CONFIRMADO,SOL#15min,BUY_YES,2026-07-24T23:54:59+00:00,YES,GANANCIA,12,15,1.0,299.0;292.0;290.0;262.0;197.0;70.0;10.0;1.0;1.0;1.0;-224.0;-299.0
3054101,FAVORITO_CONFIRMADO,SOL#60min,BUY_YES,2026-07-25T13:07:23+00:00,YES,GANANCIA,0,0,,
3080929,FAVORITO_CONFIRMADO,SOL#15min,BUY_YES,2026-07-25T13:07:32+00:00,NO,PERDIDA,8,11,70.0,214.0;160.0;70.0;-107.0;-109.0;-109.0;-178.0;-269.0
3054096,FAVORITO_CONFIRMADO,BTC#60min,BUY_YES,2026-07-25T13:30:46+00:00,YES,GANANCIA,8,7,192.0,251.0;251.0;243.0;243.0;243.0;200.0;198.0;192.0
3055147,FAVORITO_CONFIRMADO,BTC#60min,BUY_NO,2026-07-25T15:09:00+00:00,NO,GANANCIA,0,0,,
3081889,FAVORITO_CONFIRMADO,SOL#15min,BUY_YES,2026-07-25T15:47:57+00:00,NO,PERDIDA,12,7,48.0,160.0;159.0;159.0;157.0;156.0;156.0;156.0;154.0;153.0;153.0;48.0;-84.0
3087425,FAVORITO_CONFIRMADO,SOL#15min,BUY_YES,2026-07-25T17:02:07+00:00,YES,GANANCIA,6,6,81.0,194.0;192.0;168.0;168.0;167.0;81.0
3067655,FAVORITO_CONFIRMADO,BTC#60min,BUY_YES,2026-07-25T17:08:45+00:00,YES,GANANCIA,3,3,204.0,240.0;240.0;204.0
3069069,FAVORITO_CONFIRMADO,BTC#60min,BUY_NO,2026-07-25T19:06:48+00:00,NO,GANANCIA,0,0,,
3091044,FAVORITO_CONFIRMADO,SOL#15min,BUY_YES,2026-07-25T21:50:05+00:00,NO,PERDIDA,10,24,44.0,238.0;233.0;233.0;164.0;100.0;100.0;98.0;-44.0;-46.0;-136.0
3072369,FAVORITO_CONFIRMADO,BTC#60min,BUY_NO,2026-07-25T23:25:07+00:00,NO,GANANCIA,0,1,,
3081529,FAVORITO_CONFIRMADO,BTC#60min,BUY_NO,2026-07-26T15:15:10+00:00,YES,PERDIDA,0,0,,
3103311,FAVORITO_CONFIRMADO,SOL#15min,BUY_YES,2026-07-26T17:55:17+00:00,YES,GANANCIA,4,10,23.0,110.0;107.0;23.0;-94.0
3089239,FAVORITO_CONFIRMADO,BTC#60min,BUY_NO,2026-07-26T19:08:03+00:00,NO,GANANCIA,0,0,,
3090801,FAVORITO_CONFIRMADO,BTC#60min,BUY_YES,2026-07-26T21:04:10+00:00,YES,GANANCIA,7,7,54.0,-54.0;-55.0;-57.0;-58.0;-63.0;-115.0;-115.0
3090803,FAVORITO_CONFIRMADO,SOL#60min,BUY_YES,2026-07-26T21:04:11+00:00,YES,GANANCIA,0,0,,
3092093,FAVORITO_CONFIRMADO,SOL#60min,BUY_YES,2026-07-26T23:14:11+00:00,YES,GANANCIA,1,0,289.0,-289.0
3095861,FAVORITO_CONFIRMADO,SOL#60min,BUY_YES,2026-07-27T04:08:21+00:00,NO,PERDIDA,0,0,,
3095713,FAVORITO_CONFIRMADO,BTC#60min,BUY_YES,2026-07-27T04:09:15+00:00,NO,PERDIDA,0,0,,
3098517,FAVORITO_CONFIRMADO,BTC#60min,BUY_YES,2026-07-27T07:24:14+00:00,NO,PERDIDA,6,2,37.0,299.0;290.0;190.0;37.0;-110.0;-112.0
3100841,FAVORITO_CONFIRMADO,BTC#60min,BUY_YES,2026-07-27T14:12:28+00:00,NO,PERDIDA,5,5,132.0,222.0;189.0;170.0;132.0;132.0
3114631,BALLENAS_TARDIAS,ETH#5min,BUY_YES,2026-07-27T15:53:37+00:00,NO,PERDIDA,39,43,7.0,65.0;60.0;57.0;54.0;50.0;48.0;48.0;48.0;47.0;38.0;35.0;35.0;32.0;30.0;29.0;27.0;27.0;26.0;23.0;21.0;12.0;11.0;8.0;8.0;8.0;-7.0;-7.0;-10.0;-10.0;-22.0;-24.0;-24.0;-34.0;-43.0;-43.0;-45.0;-46.0;-55.0;-58.0
3105733,FAVORITO_CONFIRMADO,BTC#60min,BUY_YES,2026-07-27T23:27:54+00:00,NO,PERDIDA,4,6,90.0,220.0;-90.0;-285.0;-285.0
3124305,BALLENAS_TARDIAS,ETH#5min,BUY_YES,2026-07-28T06:52:53+00:00,YES,GANANCIA,13,8,26.0,92.0;82.0;76.0;74.0;-26.0;-26.0;-31.0;-67.0;-101.0;-122.0;-128.0;-134.0;-137.0
3117028,FAVORITO_CONFIRMADO,BTC#60min,BUY_NO,2026-07-28T15:06:25+00:00,YES,PERDIDA,5,3,14.0,276.0;136.0;-14.0;-24.0;-30.0
3128611,BALLENAS_TARDIAS,ETH#5min,BUY_YES,2026-07-28T16:37:53+00:00,YES,GANANCIA,6,18,3.0,53.0;14.0;8.0;8.0;6.0;3.0
3128917,BALLENAS_TARDIAS,ETH#5min,BUY_YES,2026-07-28T17:57:53+00:00,YES,GANANCIA,5,33,59.0,59.0;-123.0;-144.0;-144.0;-144.0
3129276,BALLENAS_TARDIAS,ETH#5min,BUY_YES,2026-07-28T19:32:26+00:00,YES,GANANCIA,19,20,15.0,-15.0;-25.0;-117.0;-120.0;-126.0;-126.0;-126.0;-126.0;-130.0;-132.0;-133.0;-136.0;-136.0;-136.0;-136.0;-138.0;-139.0;-139.0;-142.0
3129274,BALLENAS_TARDIAS,BTC#15min,BUY_YES,2026-07-28T19:34:27+00:00,NO,PERDIDA,0,0,,
3129579,BALLENAS_TARDIAS,BTC#15min,BUY_YES,2026-07-28T19:50:32+00:00,YES,GANANCIA,33,21,15.0,110.0;99.0;99.0;98.0;98.0;90.0;74.0;74.0;66.0;59.0;45.0;45.0;32.0;15.0;-24.0;-28.0;-28.0;-28.0;-28.0;-30.0;-64.0;-84.0;-84.0;-100.0;-145.0;-151.0;-153.0;-153.0;-187.0;-187.0;-243.0;-244.0;-244.0
3129963,BALLENAS_TARDIAS,ETH#5min,BUY_YES,2026-07-28T20:27:57+00:00,YES,GANANCIA,2,14,47.0,104.0;47.0
3141492,BALLENAS_TARDIAS,ETH#5min,BUY_YES,2026-07-28T23:21:37+00:00,NO,PERDIDA,6,12,13.0,138.0;130.0;90.0;70.0;13.0;-14.0
3147820,BALLENAS_TARDIAS,BTC#15min,BUY_YES,2026-07-29T04:51:24+00:00,YES,GANANCIA,33,17,2.0,285.0;285.0;285.0;269.0;267.0;243.0;243.0;242.0;242.0;194.0;192.0;192.0;186.0;176.0;164.0;162.0;159.0;122.0;120.0;117.0;66.0;66.0;66.0;65.0;63.0;57.0;56.0;56.0;41.0;18.0;2.0;2.0;-9.0
3149951,BALLENAS_TARDIAS,BTC#15min,BUY_YES,2026-07-29T06:35:32+00:00,YES,GANANCIA,12,32,7.0,294.0;294.0;247.0;238.0;199.0;165.0;162.0;162.0;126.0;28.0;7.0;7.0
3150145,BALLENAS_TARDIAS,BTC#15min,BUY_YES,2026-07-29T07:10:32+00:00,YES,GANANCIA,27,28,13.0,238.0;237.0;232.0;232.0;231.0;228.0;204.0;157.0;147.0;144.0;142.0;141.0;141.0;138.0;133.0;132.0;132.0;126.0;96.0;64.0;13.0;-48.0;-114.0;-132.0;-134.0;-147.0;-155.0
3150610,BALLENAS_TARDIAS,BTC#15min,BUY_YES,2026-07-29T08:37:02+00:00,YES,GANANCIA,18,14,49.0,291.0;208.0;196.0;193.0;156.0;156.0;147.0;49.0;-98.0;-134.0;-215.0;-272.0;-272.0;-279.0;-279.0;-281.0;-288.0;-288.0
3156567,BALLENAS_TARDIAS,BTC#15min,BUY_YES,2026-07-29T14:50:41+00:00,YES,GANANCIA,0,0,,
3156979,BALLENAS_TARDIAS,BTC#15min,BUY_YES,2026-07-29T15:06:08+00:00,YES,GANANCIA,0,0,,
3157814,BALLENAS_TARDIAS,BTC#15min,BUY_YES,2026-07-29T15:51:25+00:00,NO,PERDIDA,0,0,,
3167868,BALLENAS_TARDIAS,BTC#15min,BUY_YES,2026-07-29T16:51:05+00:00,YES,GANANCIA,10,14,0.0,268.0;261.0;234.0;121.0;93.0;91.0;69.0;67.0;0.0;-3.0
3170062,BALLENAS_TARDIAS,BTC#15min,BUY_YES,2026-07-29T18:04:54+00:00,YES,GANANCIA,1,4,129.0,129.0
3176781,BALLENAS_TARDIAS,BTC#15min,BUY_YES,2026-07-29T18:51:54+00:00,YES,GANANCIA,0,11,,
3186452,GBM_LATE_15M,ETH#15min,BUY_YES,2026-07-29T19:39:01+00:00,NO,PERDIDA,25,11,35.0,295.0;283.0;277.0;214.0;157.0;155.0;154.0;149.0;148.0;131.0;128.0;128.0;127.0;125.0;113.0;107.0;103.0;88.0;68.0;35.0;-229.0;-230.0;-230.0;-271.0;-272.0
3187787,BALLENAS_TARDIAS,BTC#15min,BUY_YES,2026-07-29T20:20:31+00:00,NO,PERDIDA,15,4,260.0,298.0;295.0;295.0;293.0;292.0;292.0;292.0;292.0;292.0;289.0;287.0;286.0;286.0;284.0;260.0
3194251,GBM_LATE_15M,SOL#15min,BUY_YES,2026-07-29T23:10:16+00:00,NO,PERDIDA,6,9,16.0,16.0;-79.0;-80.0;-191.0;-200.0;-217.0
3194430,BALLENAS_TARDIAS,BTC#15min,BUY_YES,2026-07-29T23:54:57+00:00,NO,PERDIDA,49,51,2.0,263.0;240.0;231.0;230.0;215.0;204.0;186.0;186.0;186.0;171.0;170.0;170.0;162.0;146.0;125.0;125.0;117.0;116.0;114.0;114.0;110.0;110.0;108.0;107.0;93.0;87.0;84.0;71.0;65.0;63.0;59.0;54.0;53.0;53.0;48.0;48.0;48.0;29.0;21.0;17.0;17.0;17.0;15.0;14.0;2.0;-13.0;-18.0;-18.0;-39.0
3197159,BALLENAS_TARDIAS,BTC#15min,BUY_YES,2026-07-30T04:52:34+00:00,NO,PERDIDA,40,48,7.0,277.0;254.0;253.0;229.0;215.0;214.0;214.0;212.0;211.0;188.0;175.0;173.0;172.0;155.0;140.0;140.0;140.0;140.0;140.0;134.0;125.0;106.0;104.0;95.0;94.0;62.0;61.0;-7.0;-7.0;-17.0;-22.0;-58.0;-59.0;-73.0;-76.0;-85.0;-92.0;-103.0;-106.0;-109.0
3199394,FAVORITO_CONFIRMADO_15MIN_ALTACONVICCION,BTC#15min,BUY_YES,2026-07-30T07:10:25+00:00,YES,GANANCIA,12,24,14.0,145.0;145.0;79.0;20.0;-14.0;-23.0;-35.0;-50.0;-77.0;-139.0;-143.0;-298.0
3199435,FAVORITO_CONFIRMADO_15MIN_ALTACONVICCION,BTC#15min,BUY_YES,2026-07-30T07:19:44+00:00,YES,GANANCIA,0,0,,
3129699,BALLENAS_TARDIAS,BTC#15min,BUY_YES,2026-07-28T20:05:31+00:00,YES,GANANCIA,18,24,51.0,288.0;264.0;247.0;238.0;193.0;181.0;180.0;162.0;162.0;160.0;118.0;118.0;118.0;118.0;78.0;75.0;72.0;51.0
3169049,BALLENAS_TARDIAS,BTC#15min,BUY_YES,2026-07-29T17:50:32+00:00,YES,GANANCIA,42,20,3.0,232.0;159.0;127.0;102.0;96.0;96.0;94.0;66.0;63.0;63.0;63.0;60.0;48.0;10.0;9.0;6.0;4.0;4.0;3.0;3.0;-8.0;-11.0;-11.0;-12.0;-12.0;-12.0;-17.0;-26.0;-57.0;-63.0;-68.0;-80.0;-98.0;-122.0;-135.0;-158.0;-209.0;-209.0;-209.0;-209.0;-210.0;-246.0
3196997,BALLENAS_TARDIAS,BTC#15min,BUY_YES,2026-07-30T04:35:32+00:00,YES,GANANCIA,0,0,,
3128882,BALLENAS_TARDIAS,ETH#5min,BUY_YES,2026-07-28T17:42:52+00:00,YES,GANANCIA,13,24,29.0,70.0;67.0;57.0;54.0;51.0;40.0;-29.0;-36.0;-45.0;-45.0;-122.0;-122.0;-138.0
3129031,BALLENAS_TARDIAS,ETH#5min,BUY_YES,2026-07-28T18:19:51+00:00,NO,PERDIDA,19,21,7.0,7.0;7.0;7.0;7.0;-16.0;-19.0;-67.0;-73.0;-83.0;-136.0;-142.0;-145.0;-146.0;-154.0;-154.0;-155.0;-163.0;-169.0;-172.0
3129096,BALLENAS_TARDIAS,ETH#5min,BUY_YES,2026-07-28T18:22:33+00:00,YES,GANANCIA,18,26,5.0,74.0;70.0;16.0;14.0;7.0;5.0;-20.0;-34.0;-70.0;-98.0;-98.0;-106.0;-109.0;-109.0;-113.0;-118.0;-131.0;-140.0
3129120,BALLENAS_TARDIAS,ETH#5min,BUY_YES,2026-07-28T18:32:55+00:00,YES,GANANCIA,17,23,4.0,70.0;4.0;-12.0;-30.0;-47.0;-48.0;-48.0;-50.0;-59.0;-65.0;-66.0;-87.0;-107.0;-108.0;-120.0;-122.0;-173.0
3199867,FAVORITO_CONFIRMADO_15MIN_ALTACONVICCION,BTC#15min,BUY_YES,2026-07-30T08:32:46+00:00,YES,GANANCIA,0,0,,
3200075,FAVORITO_CONFIRMADO_15MIN_ALTACONVICCION,BTC#15min,BUY_YES,2026-07-30T09:08:19+00:00,YES,GANANCIA,26,18,1.0,286.0;277.0;277.0;274.0;274.0;271.0;271.0;269.0;269.0;242.0;215.0;211.0;206.0;185.0;169.0;161.0;151.0;109.0;65.0;61.0;58.0;5.0;1.0;-37.0;-37.0;-61.0
3200126,BALLENAS_TARDIAS,BTC#15min,BUY_YES,2026-07-30T09:21:30+00:00,YES,GANANCIA,58,21,2.0,219.0;158.0;155.0;155.0;147.0;146.0;144.0;144.0;138.0;129.0;128.0;122.0;117.0;104.0;104.0;102.0;90.0;89.0;89.0;87.0;86.0;86.0;84.0;83.0;81.0;81.0;80.0;80.0;77.0;77.0;77.0;74.0;72.0;66.0;66.0;65.0;62.0;50.0;29.0;29.0;24.0;12.0;11.0;11.0;11.0;9.0;9.0;9.0;9.0;9.0;8.0;2.0;-9.0;-19.0;-55.0;-79.0;-82.0;-109.0
3201632,BALLENAS_TARDIAS,BTC#15min,BUY_YES,2026-07-30T13:25:34+00:00,NO,PERDIDA,48,33,7.0,265.0;265.0;214.0;214.0;209.0;200.0;199.0;199.0;196.0;194.0;193.0;182.0;179.0;179.0;176.0;172.0;172.0;170.0;169.0;161.0;160.0;149.0;148.0;143.0;142.0;140.0;139.0;136.0;134.0;130.0;127.0;125.0;125.0;125.0;125.0;119.0;110.0;110.0;109.0;61.0;50.0;43.0;43.0;22.0;19.0;19.0;7.0;-7.0
3201773,FAVORITO_CONFIRMADO_15MIN_ALTACONVICCION,BTC#15min,BUY_YES,2026-07-30T13:49:35+00:00,YES,GANANCIA,0,0,,
3155791,FAVORITO_CONFIRMADO,BTC#60min,BUY_NO,2026-07-30T14:04:44+00:00,NO,GANANCIA,0,0,,
3201897,FAVORITO_CONFIRMADO_15MIN_ALTACONVICCION,BTC#15min,BUY_YES,2026-07-30T14:31:42+00:00,YES,GANANCIA,0,0,,
3202093,FAVORITO_CONFIRMADO_15MIN_ALTACONVICCION,BTC#15min,BUY_YES,2026-07-30T15:04:05+00:00,YES,GANANCIA,0,0,,
3202096,FAVORITO_CONFIRMADO_15MIN_ALTACONVICCION,ETH#15min,BUY_YES,2026-07-30T15:04:17+00:00,NO,PERDIDA,10,19,85.0,292.0;208.0;202.0;201.0;201.0;174.0;157.0;153.0;117.0;85.0
3202170,FAVORITO_CONFIRMADO_15MIN_ALTACONVICCION,BTC#15min,BUY_YES,2026-07-30T15:37:06+00:00,YES,GANANCIA,29,25,74.0,285.0;275.0;275.0;254.0;234.0;225.0;224.0;219.0;191.0;189.0;189.0;185.0;164.0;144.0;129.0;123.0;123.0;114.0;108.0;104.0;101.0;99.0;90.0;78.0;78.0;75.0;75.0;75.0;74.0
3203560,FAVORITO_CONFIRMADO_15MIN_ALTACONVICCION,BTC#15min,BUY_YES,2026-07-30T16:01:27+00:00,YES,GANANCIA,33,17,4.0,212.0;192.0;170.0;156.0;134.0;120.0;98.0;96.0;96.0;96.0;96.0;96.0;96.0;96.0;59.0;59.0;48.0;36.0;30.0;30.0;30.0;14.0;14.0;-4.0;-4.0;-4.0;-4.0;-4.0;-4.0;-4.0;-30.0;-33.0;-70.0
3203560,FAVORITO_CONFIRMADO_15MIN_ALTACONVICCION,BTC#15min,BUY_YES,2026-07-30T16:01:28+00:00,YES,GANANCIA,33,17,5.0,211.0;191.0;169.0;155.0;133.0;119.0;97.0;95.0;95.0;95.0;95.0;95.0;95.0;95.0;58.0;58.0;47.0;35.0;29.0;29.0;29.0;13.0;13.0;-5.0;-5.0;-5.0;-5.0;-5.0;-5.0;-5.0;-31.0;-34.0;-71.0
3205415,GBM_LATE_15M,SOL#15min,BUY_YES,2026-07-30T16:37:17+00:00,NO,PERDIDA,10,15,20.0,193.0;168.0;166.0;121.0;96.0;-20.0;-33.0;-78.0;-107.0;-246.0
3205500,FAVORITO_CONFIRMADO_15MIN_ALTACONVICCION,BTC#15min,BUY_YES,2026-07-30T16:48:23+00:00,YES,GANANCIA,27,11,73.0,223.0;220.0;204.0;199.0;199.0;198.0;189.0;172.0;168.0;166.0;166.0;139.0;138.0;127.0;115.0;102.0;102.0;102.0;75.0;75.0;75.0;75.0;75.0;75.0;75.0;73.0;73.0
3206153,FAVORITO_CONFIRMADO_15MIN_ALTACONVICCION,BTC#15min,BUY_YES,2026-07-30T17:01:50+00:00,NO,PERDIDA,0,0,,
3206713,FAVORITO_CONFIRMADO_15MIN_ALTACONVICCION,BTC#15min,BUY_YES,2026-07-30T18:06:56+00:00,NO,PERDIDA,54,32,10.0,297.0;265.0;246.0;226.0;210.0;210.0;210.0;210.0;207.0;207.0;205.0;205.0;184.0;184.0;183.0;183.0;183.0;183.0;183.0;141.0;139.0;138.0;135.0;132.0;132.0;111.0;111.0;100.0;97.0;97.0;88.0;88.0;88.0;69.0;69.0;69.0;69.0;69.0;69.0;67.0;67.0;67.0;67.0;67.0;67.0;66.0;61.0;60.0;52.0;51.0;13.0;12.0;10.0;10.0
3207751,FAVORITO_CONFIRMADO_15MIN_ALTACONVICCION,BTC#15min,BUY_YES,2026-07-30T19:02:02+00:00,YES,GANANCIA,50,11,0.0,300.0;292.0;282.0;282.0;279.0;277.0;274.0;270.0;268.0;268.0;267.0;130.0;103.0;99.0;97.0;76.0;75.0;73.0;73.0;70.0;69.0;64.0;64.0;45.0;22.0;22.0;22.0;22.0;22.0;22.0;21.0;21.0;21.0;16.0;0.0;-2.0;-2.0;-2.0;-3.0;-42.0;-42.0;-42.0;-45.0;-69.0;-69.0;-69.0;-69.0;-69.0;-69.0;-69.0
3208488,FAVORITO_CONFIRMADO_15MIN_ALTACONVICCION,BTC#15min,BUY_YES,2026-07-30T19:24:13+00:00,YES,GANANCIA,60,52,1.0,164.0;164.0;164.0;164.0;164.0;164.0;158.0;155.0;154.0;154.0;146.0;146.0;143.0;142.0;142.0;142.0;142.0;140.0;140.0;140.0;140.0;119.0;112.0;109.0;104.0;82.0;71.0;62.0;62.0;62.0;52.0;38.0;35.0;34.0;34.0;34.0;34.0;31.0;28.0;4.0;1.0;1.0;1.0;-1.0;-13.0;-22.0;-23.0;-25.0;-38.0;-56.0;-67.0;-70.0;-82.0;-82.0;-83.0;-83.0;-85.0;-86.0;-127.0;-128.0
3210246,FAVORITO_CONFIRMADO_15MIN_ALTACONVICCION,BTC#15min,BUY_YES,2026-07-30T20:01:04+00:00,NO,PERDIDA,0,0,,
3187819,FAVORITO_CONFIRMADO,BTC#60min,BUY_NO,2026-07-30T20:15:32+00:00,NO,GANANCIA,0,0,,
3214649,FAVORITO_CONFIRMADO_15MIN_ALTACONVICCION,BTC#15min,BUY_YES,2026-07-30T23:03:57+00:00,YES,GANANCIA,6,42,132.0,186.0;141.0;141.0;141.0;138.0;132.0
3214041,FAVORITO_CONFIRMADO_15MIN_ALTACONVICCION,ETH#15min,BUY_YES,2026-07-30T23:08:48+00:00,YES,GANANCIA,10,6,105.0,-105.0;-150.0;-150.0;-150.0;-157.0;-157.0;-186.0;-186.0;-219.0;-300.0
3214270,FAVORITO_CONFIRMADO_15MIN_ALTACONVICCION,ETH#15min,BUY_YES,2026-07-30T23:40:29+00:00,NO,PERDIDA,43,37,0.0,204.0;204.0;193.0;192.0;118.0;109.0;88.0;81.0;79.0;79.0;73.0;73.0;72.0;72.0;72.0;72.0;72.0;61.0;61.0;61.0;49.0;49.0;42.0;40.0;33.0;31.0;30.0;27.0;22.0;18.0;18.0;18.0;18.0;10.0;6.0;3.0;0.0;0.0;-2.0;-5.0;-6.0;-8.0;-8.0
3192543,FAVORITO_CONFIRMADO,BTC#60min,BUY_NO,2026-07-30T23:45:26+00:00,NO,GANANCIA,7,14,38.0,216.0;-38.0;-39.0;-41.0;-41.0;-44.0;-44.0
3199371,FAVORITO_CONFIRMADO,BTC#60min,BUY_NO,2026-07-31T07:07:57+00:00,NO,GANANCIA,10,11,9.0,267.0;212.0;92.0;90.0;90.0;9.0;-73.0;-73.0;-135.0;-201.0
3219673,FAVORITO_CONFIRMADO_15MIN_ALTACONVICCION,ETH#15min,BUY_YES,2026-07-31T08:50:57+00:00,YES,GANANCIA,7,13,110.0,300.0;287.0;287.0;281.0;134.0;110.0;-205.0
3199979,FAVORITO_CONFIRMADO,BTC#60min,BUY_NO,2026-07-31T09:06:07+00:00,NO,GANANCIA,0,0,,
3201538,FAVORITO_CONFIRMADO,BTC#60min,BUY_NO,2026-07-31T13:14:10+00:00,NO,GANANCIA,0,0,,
3221748,GBM_LATE_15M,ETH#15min,BUY_YES,2026-07-31T13:23:29+00:00,YES,GANANCIA,43,10,6.0,141.0;124.0;123.0;120.0;81.0;76.0;73.0;-6.0;-89.0;-89.0;-140.0;-140.0;-141.0;-143.0;-144.0;-146.0;-146.0;-147.0;-149.0;-150.0;-152.0;-153.0;-155.0;-155.0;-156.0;-158.0;-159.0;-161.0;-161.0;-162.0;-164.0;-165.0;-167.0;-167.0;-168.0;-170.0;-171.0;-191.0;-191.0;-197.0;-240.0;-248.0;-248.0
3222522,FAVORITO_CONFIRMADO_15MIN_ALTACONVICCION,ETH#15min,BUY_YES,2026-07-31T14:49:13+00:00,NO,PERDIDA,6,3,187.0,275.0;268.0;230.0;230.0;230.0;187.0
3205517,FAVORITO_CONFIRMADO,BTC#60min,BUY_NO,2026-07-31T17:08:25+00:00,YES,PERDIDA,6,4,20.0,22.0;-20.0;-244.0;-245.0;-266.0;-266.0
3229153,FAVORITO_CONFIRMADO_15MIN_ALTACONVICCION,ETH#15min,BUY_YES,2026-07-31T18:51:49+00:00,YES,GANANCIA,12,9,52.0,118.0;-52.0;-52.0;-73.0;-166.0;-181.0;-214.0;-221.0;-230.0;-281.0;-284.0;-287.0
3207259,FAVORITO_CONFIRMADO,BTC#60min,BUY_NO,2026-07-31T19:09:20+00:00,NO,GANANCIA,0,0,,
3210167,FAVORITO_CONFIRMADO,BTC#60min,BUY_NO,2026-07-31T20:06:13+00:00,NO,GANANCIA,0,0,,
3212545,FAVORITO_CONFIRMADO,BTC#60min,BUY_NO,2026-07-31T23:46:34+00:00,NO,GANANCIA,20,25,13.0,89.0;41.0;38.0;37.0;37.0;31.0;29.0;28.0;28.0;28.0;26.0;22.0;13.0;-32.0;-65.0;-82.0;-83.0;-83.0;-97.0;-190.0
3236799,FAVORITO_CONFIRMADO_15MIN_ALTACONVICCION,ETH#15min,BUY_YES,2026-08-01T04:24:20+00:00,NO,PERDIDA,24,45,5.0,298.0;297.0;295.0;261.0;241.0;207.0;144.0;144.0;144.0;135.0;126.0;72.0;70.0;9.0;-5.0;-5.0;-24.0;-27.0;-33.0;-53.0;-74.0;-129.0;-221.0;-222.0
3240463,FAVORITO_CONFIRMADO_15MIN_ALTACONVICCION,ETH#15min,BUY_YES,2026-08-01T13:38:06+00:00,YES,GANANCIA,26,9,3.0,296.0;287.0;269.0;258.0;258.0;237.0;237.0;236.0;231.0;225.0;225.0;207.0;198.0;50.0;50.0;44.0;35.0;3.0;-9.0;-33.0;-46.0;-46.0;-67.0;-85.0;-120.0;-162.0
3222535,FAVORITO_CONFIRMADO,BTC#60min,BUY_NO,2026-08-01T15:07:59+00:00,NO,GANANCIA,1,4,43.0,43.0
3240870,FAVORITO_CONFIRMADO_15MIN_ALTACONVICCION,ETH#15min,BUY_YES,2026-08-01T15:39:56+00:00,NO,PERDIDA,20,13,49.0,279.0;262.0;250.0;222.0;208.0;178.0;159.0;148.0;141.0;82.0;82.0;51.0;51.0;51.0;51.0;51.0;49.0;-168.0;-180.0;-182.0
3244590,FAVORITO_CONFIRMADO_15MIN_ALTACONVICCION,ETH#15min,BUY_YES,2026-08-01T19:05:57+00:00,YES,GANANCIA,33,8,8.0,282.0;282.0;197.0;185.0;185.0;185.0;185.0;185.0;101.0;9.0;8.0;-22.0;-24.0;-166.0;-198.0;-208.0;-211.0;-211.0;-214.0;-214.0;-214.0;-214.0;-214.0;-216.0;-216.0;-216.0;-216.0;-216.0;-216.0;-216.0;-217.0;-217.0;-244.0
3229247,FAVORITO_CONFIRMADO,BTC#60min,BUY_NO,2026-08-01T19:16:25+00:00,NO,GANANCIA,0,0,,
3246708,FAVORITO_CONFIRMADO_15MIN_ALTACONVICCION,ETH#15min,BUY_YES,2026-08-01T19:51:54+00:00,YES,GANANCIA,44,10,2.0,297.0;281.0;264.0;257.0;249.0;245.0;243.0;243.0;243.0;243.0;228.0;219.0;218.0;218.0;203.0;201.0;197.0;195.0;179.0;159.0;150.0;117.0;107.0;86.0;81.0;81.0;77.0;57.0;39.0;30.0;9.0;2.0;-15.0;-31.0;-49.0;-57.0;-79.0;-96.0;-108.0;-129.0;-132.0;-132.0;-294.0;-295.0
3247610,FAVORITO_CONFIRMADO_15MIN_ALTACONVICCION,ETH#15min,BUY_YES,2026-08-01T21:22:57+00:00,YES,GANANCIA,34,7,0.0,174.0;167.0;167.0;147.0;134.0;111.0;110.0;74.0;59.0;59.0;27.0;11.0;8.0;0.0;-21.0;-84.0;-114.0;-127.0;-135.0;-171.0;-172.0;-177.0;-193.0;-213.0;-214.0;-214.0;-214.0;-240.0;-271.0;-294.0;-294.0;-294.0;-295.0;-295.0
3247985,FAVORITO_CONFIRMADO_15MIN_ALTACONVICCION,ETH#15min,BUY_YES,2026-08-01T21:56:50+00:00,YES,GANANCIA,22,19,12.0,180.0;171.0;166.0;154.0;148.0;132.0;132.0;132.0;123.0;-12.0;-17.0;-27.0;-50.0;-72.0;-87.0;-99.0;-99.0;-99.0;-132.0;-198.0;-249.0;-282.0
3254457,FAVORITO_CONFIRMADO_15MIN_ALTACONVICCION,ETH#15min,BUY_YES,2026-08-02T04:05:15+00:00,YES,GANANCIA,40,29,3.0,293.0;260.0;243.0;240.0;240.0;236.0;228.0;215.0;203.0;183.0;170.0;134.0;134.0;108.0;108.0;108.0;108.0;108.0;87.0;68.0;51.0;39.0;21.0;3.0;-27.0;-57.0;-69.0;-69.0;-100.0;-115.0;-130.0;-142.0;-142.0;-192.0;-192.0;-207.0;-207.0;-237.0;-237.0;-238.0
3268918,GBM_LATE_15M,SOL#15min,BUY_YES,2026-08-02T17:49:26+00:00,NO,PERDIDA,12,19,72.0,286.0;274.0;-72.0;-74.0;-87.0;-87.0;-146.0;-164.0;-164.0;-212.0;-249.0;-255.0
3271939,FAVORITO_CONFIRMADO_15MIN_ALTACONVICCION,ETH#15min,BUY_YES,2026-08-02T19:25:59+00:00,NO,PERDIDA,30,26,0.0,229.0;214.0;211.0;190.0;165.0;165.0;163.0;162.0;148.0;147.0;147.0;147.0;147.0;145.0;135.0;135.0;118.0;16.0;12.0;7.0;6.0;1.0;0.0;-39.0;-42.0;-42.0;-44.0;-45.0;-86.0;-209.0
3273066,FAVORITO_CONFIRMADO_15MIN_ALTACONVICCION,ETH#15min,BUY_YES,2026-08-02T19:38:46+00:00,YES,GANANCIA,33,6,13.0,218.0;197.0;190.0;170.0;160.0;139.0;124.0;95.0;79.0;64.0;52.0;35.0;32.0;28.0;28.0;19.0;14.0;13.0;13.0;13.0;13.0;-119.0;-158.0;-160.0;-196.0;-196.0;-209.0;-211.0;-235.0;-235.0;-241.0;-244.0;-244.0
3262130,FAVORITO_CONFIRMADO,BTC#60min,BUY_NO,2026-08-03T15:01:40+00:00,NO,GANANCIA,0,0,,
3291290,GBM_LATE_15M,SOL#15min,BUY_YES,2026-08-03T16:50:42+00:00,YES,GANANCIA,4,13,120.0,248.0;173.0;120.0;-286.0
3270642,FAVORITO_CONFIRMADO,BTC#60min,BUY_NO,2026-08-03T19:09:14+00:00,NO,GANANCIA,0,0,,
