timestamp_utc,market_id,question,end_date,horas_a_vencimiento,precio_yes,direccion,votos_favor,votos_contra,total_votos,edge_medio,entropia,factor_consenso,volatilidad,factor_vol,conviction_score,estable,kelly_recomendado,estrategias
2026-07-09T10:14:59+00:00,2844178,"Bitcoin Up or Down - July 9, 6:00AM-6:15AM ET",2026-07-09T10:15:00,0.1,0.405,BUY_YES,2,0,2,0.3192,0.0,1.0,0.0,0.8,0.4993,True,0.0999,GBM_LATE_15M|GBM_LATE_15M_TARDIO
2026-07-09T10:14:59+00:00,2844041,"Bitcoin Up or Down - July 9, 5:45AM-6:00AM ET",2026-07-09T10:00:00,0.2,0.495,BUY_YES,2,0,2,0.173,0.0,1.0,0.0,0.8,0.4655,True,0.0931,GBM_LATE_15M|GBM_LATE_15M_TARDIO
2026-07-09T10:14:59+00:00,2842845,"Ethereum Up or Down - July 9, 2:00AM-2:15AM ET",2026-07-09T06:15:00,0.1,0.345,BUY_YES,2,0,2,0.1759,0.0,1.0,0.0,0.8,0.4616,True,0.0923,GBM_LATE_15M|UPDOWN_GBM
2026-07-09T10:14:59+00:00,2842998,"Bitcoin Up or Down - July 9, 2:25AM-2:30AM ET",2026-07-09T06:30:00,0.0,0.475,BUY_YES,1,0,1,0.22,0.0,1.0,0.0,0.8,0.4552,True,0.091,LATE_WINDOW_5MIN
2026-07-09T10:14:59+00:00,2839525,"Bitcoin Up or Down - July 8, 8:00PM-8:15PM ET",2026-07-09T00:15:00,0.1,0.485,BUY_NO,1,0,1,0.2553,0.0,1.0,0.0,0.8,0.4516,True,0.0903,GBM_LATE_15M
2026-07-09T10:14:59+00:00,2840446,"Ethereum Up or Down - July 8, 10:15PM-10:30PM ET",2026-07-09T02:30:00,0.2,0.315,BUY_YES,1,0,1,0.2127,0.0,1.0,0.0,0.8,0.4516,True,0.0903,GBM_LATE_15M
2026-07-09T10:14:59+00:00,2840450,"Bitcoin Up or Down - July 8, 10:15PM-10:30PM ET",2026-07-09T02:30:00,0.2,0.385,BUY_YES,1,0,1,0.2134,0.0,1.0,0.0,0.8,0.4516,True,0.0903,GBM_LATE_15M
2026-07-09T10:14:59+00:00,2840500,"Ethereum Up or Down - July 8, 10:30PM-10:45PM ET",2026-07-09T02:45:00,0.2,0.505,BUY_NO,1,0,1,0.235,0.0,1.0,0.0,0.8,0.4516,True,0.0903,GBM_LATE_15M
2026-07-09T10:14:59+00:00,2840660,"XRP Up or Down - July 8, 11:00PM-11:15PM ET",2026-07-09T03:15:00,0.2,0.505,BUY_YES,1,0,1,0.227,0.0,1.0,0.0,0.8,0.4516,True,0.0903,GBM_LATE_15M
2026-07-09T10:14:59+00:00,2841297,"Ethereum Up or Down - July 9, 12:00AM-12:15AM ET",2026-07-09T04:15:00,0.2,0.565,BUY_YES,1,0,1,0.3038,0.0,1.0,0.0,0.8,0.4516,True,0.0903,GBM_LATE_15M
2026-07-09T10:14:59+00:00,2841439,"Ethereum Up or Down - July 9, 12:30AM-12:45AM ET",2026-07-09T04:45:00,0.2,0.505,BUY_YES,1,0,1,0.2948,0.0,1.0,0.0,0.8,0.4516,True,0.0903,GBM_LATE_15M
2026-07-09T10:14:59+00:00,2841441,"Bitcoin Up or Down - July 9, 12:30AM-12:45AM ET",2026-07-09T04:45:00,0.2,0.495,BUY_YES,1,0,1,0.2845,0.0,1.0,0.0,0.8,0.4516,True,0.0903,GBM_LATE_15M
2026-07-09T10:14:59+00:00,2841504,"Bitcoin Up or Down - July 9, 12:45AM-1:00AM ET",2026-07-09T05:00:00,0.1,0.535,BUY_YES,1,0,1,0.227,0.0,1.0,0.0,0.8,0.4516,True,0.0903,GBM_LATE_15M
2026-07-09T10:14:59+00:00,2842557,"Ethereum Up or Down - July 9, 1:00AM-1:15AM ET",2026-07-09T05:15:00,0.1,0.225,BUY_YES,1,0,1,0.6875,0.0,1.0,0.0,0.8,0.4516,True,0.0903,GBM_LATE_15M
2026-07-09T10:14:59+00:00,2842582,"Bitcoin Up or Down - July 9, 1:15AM-1:30AM ET",2026-07-09T05:30:00,0.1,0.505,BUY_NO,1,0,1,0.332,0.0,1.0,0.0,0.8,0.4516,True,0.0903,GBM_LATE_15M
2026-07-09T10:14:59+00:00,2842682,"Bitcoin Up or Down - July 9, 1:45AM-2:00AM ET",2026-07-09T06:00:00,0.2,0.485,BUY_YES,1,0,1,0.2277,0.0,1.0,0.0,0.8,0.4516,True,0.0903,GBM_LATE_15M
2026-07-09T10:14:59+00:00,2842685,"Ethereum Up or Down - July 9, 1:45AM-2:00AM ET",2026-07-09T06:00:00,0.2,0.485,BUY_YES,1,0,1,0.2235,0.0,1.0,0.0,0.8,0.4516,True,0.0903,GBM_LATE_15M
2026-07-09T10:14:59+00:00,2842842,"Bitcoin Up or Down - July 9, 2:00AM-2:15AM ET",2026-07-09T06:15:00,0.2,0.535,BUY_YES,1,0,1,0.2198,0.0,1.0,0.0,0.8,0.4516,True,0.0903,GBM_LATE_15M
2026-07-09T10:14:59+00:00,2842982,"Bitcoin Up or Down - July 9, 2:15AM-2:30AM ET",2026-07-09T06:30:00,0.2,0.465,BUY_YES,1,0,1,0.2048,0.0,1.0,0.0,0.8,0.4516,True,0.0903,GBM_LATE_15M
2026-07-09T10:14:59+00:00,2843402,"Bitcoin Up or Down - July 9, 2:45AM-3:00AM ET",2026-07-09T07:00:00,0.2,0.425,BUY_YES,1,0,1,0.2541,0.0,1.0,0.0,0.8,0.4516,True,0.0903,GBM_LATE_15M
2026-07-09T10:14:59+00:00,2843413,"Ethereum Up or Down - July 9, 2:45AM-3:00AM ET",2026-07-09T07:00:00,0.2,0.365,BUY_YES,1,0,1,0.308,0.0,1.0,0.0,0.8,0.4516,True,0.0903,GBM_LATE_15M
2026-07-09T10:14:59+00:00,2843482,"Solana Up or Down - July 9, 3:00AM-3:15AM ET",2026-07-09T07:15:00,0.2,0.895,BUY_NO,1,0,1,0.2836,0.0,1.0,0.0,0.8,0.4516,True,0.0903,GBM_LATE_15M
2026-07-09T10:14:59+00:00,2843512,"Bitcoin Up or Down - July 9, 3:15AM-3:30AM ET",2026-07-09T07:30:00,0.2,0.475,BUY_YES,1,0,1,0.2409,0.0,1.0,0.0,0.8,0.4516,True,0.0903,GBM_LATE_15M
2026-07-09T10:14:59+00:00,2843601,"Solana Up or Down - July 9, 3:45AM-4:00AM ET",2026-07-09T08:00:00,0.2,0.785,BUY_NO,1,0,1,0.2025,0.0,1.0,0.0,0.8,0.4516,True,0.0903,GBM_LATE_15M
2026-07-09T10:14:59+00:00,2840689,"Ethereum Up or Down - July 8, 11:15PM-11:30PM ET",2026-07-09T03:30:00,0.2,0.515,BUY_YES,1,0,1,0.1951,0.0,1.0,0.0,0.8,0.4455,True,0.0891,GBM_LATE_15M
2026-07-09T10:14:59+00:00,2843941,"Bitcoin Up or Down - July 9, 5:30AM-5:45AM ET",2026-07-09T09:45:00,0.2,0.495,BUY_YES,1,0,1,0.1944,0.0,1.0,0.0,0.8,0.4446,True,0.0889,GBM_LATE_15M
2026-07-09T10:14:59+00:00,2839905,"Solana Up or Down - July 8, 9:00PM-9:15PM ET",2026-07-09T01:15:00,0.2,0.415,BUY_YES,1,0,1,0.1934,0.0,1.0,0.0,0.8,0.4434,True,0.0887,GBM_LATE_15M
2026-07-09T10:14:59+00:00,2839967,"Bitcoin Up or Down - July 8, 9:10PM-9:15PM ET",2026-07-09T01:15:00,0.0,0.505,BUY_YES,1,0,1,0.19,0.0,1.0,0.0,0.8,0.4427,True,0.0885,LATE_WINDOW_5MIN
2026-07-09T10:14:59+00:00,2841336,"Solana Up or Down - July 9, 12:15AM-12:30AM ET",2026-07-09T04:30:00,0.2,0.775,BUY_NO,1,0,1,0.1921,0.0,1.0,0.0,0.8,0.4418,True,0.0884,GBM_LATE_15M
2026-07-09T10:14:59+00:00,2844047,"Ethereum Up or Down - July 9, 5:45AM-6:00AM ET",2026-07-09T10:00:00,0.2,0.515,BUY_YES,2,0,2,0.154,0.0,1.0,0.0,0.8,0.4417,True,0.0883,GBM_LATE_15M|GBM_LATE_15M_TARDIO
2026-07-09T10:14:59+00:00,2843939,"Ethereum Up or Down - July 9, 5:30AM-5:45AM ET",2026-07-09T09:45:00,0.2,0.515,BUY_YES,1,0,1,0.1882,0.0,1.0,0.0,0.8,0.4369,True,0.0874,GBM_LATE_15M
2026-07-09T10:14:59+00:00,2843511,"Ethereum Up or Down - July 9, 3:15AM-3:30AM ET",2026-07-09T07:30:00,0.2,0.495,BUY_YES,2,0,2,0.1554,0.0,1.0,0.0,0.8,0.4359,True,0.0872,UPDOWN_GBM|GBM_LATE_15M
2026-07-09T10:14:59+00:00,2843609,"Ethereum Up or Down - July 9, 3:45AM-4:00AM ET",2026-07-09T08:00:00,0.2,0.675,BUY_YES,2,0,2,0.1544,0.0,1.0,0.0,0.8,0.4347,True,0.0869,UPDOWN_GBM|GBM_LATE_15M
2026-07-09T10:14:59+00:00,2824766,"Bitcoin Up or Down - July 8, 10PM ET",2026-07-09T03:00:00,0.3,0.765,BUY_NO,1,0,1,0.353,0.0,1.0,0.0,0.8,0.4322,True,0.0864,GBM_LATE_60M
2026-07-09T10:14:59+00:00,2824776,"Ethereum Up or Down - July 8, 10PM ET",2026-07-09T03:00:00,0.3,0.745,BUY_NO,1,0,1,0.3896,0.0,1.0,0.0,0.8,0.4322,True,0.0864,GBM_LATE_60M
2026-07-09T10:14:59+00:00,2824777,"Solana Up or Down - July 8, 10PM ET",2026-07-09T03:00:00,0.3,0.845,BUY_NO,1,0,1,0.2705,0.0,1.0,0.0,0.8,0.4322,True,0.0864,GBM_LATE_60M
2026-07-09T10:14:59+00:00,2825218,"Solana Up or Down - July 8, 11PM ET",2026-07-09T04:00:00,0.3,0.805,BUY_NO,1,0,1,0.2172,0.0,1.0,0.0,0.8,0.4322,True,0.0864,GBM_LATE_60M
2026-07-09T10:14:59+00:00,2826356,"Bitcoin Up or Down - July 9, 1AM ET",2026-07-09T06:00:00,0.3,0.135,BUY_YES,1,0,1,0.3422,0.0,1.0,0.0,0.8,0.4322,True,0.0864,GBM_LATE_60M
2026-07-09T10:14:59+00:00,2826358,"Ethereum Up or Down - July 9, 1AM ET",2026-07-09T06:00:00,0.3,0.295,BUY_YES,1,0,1,0.2274,0.0,1.0,0.0,0.8,0.4322,True,0.0864,GBM_LATE_60M
2026-07-09T10:14:59+00:00,2826373,"Solana Up or Down - July 9, 1AM ET",2026-07-09T06:00:00,0.3,0.29,BUY_YES,1,0,1,0.2384,0.0,1.0,0.0,0.8,0.4322,True,0.0864,GBM_LATE_60M
2026-07-09T10:14:59+00:00,2839628,"Bitcoin Up or Down - July 8, 8:30PM-8:45PM ET",2026-07-09T00:45:00,0.2,0.505,BUY_YES,1,0,1,0.1842,0.0,1.0,0.0,0.8,0.4319,True,0.0864,GBM_LATE_15M
2026-07-09T10:14:59+00:00,2843822,"Bitcoin Up or Down - July 9, 4:45AM-5:00AM ET",2026-07-09T09:00:00,0.2,0.475,BUY_NO,1,0,1,0.1841,0.0,1.0,0.0,0.8,0.4318,True,0.0864,GBM_LATE_15M
2026-07-09T10:14:59+00:00,2833061,Bitcoin Up or Down on July 9?,2026-07-09T16:00:00,16.0,0.715,BUY_NO,1,0,1,0.1929,0.0,1.0,0.0,0.8,0.4311,True,0.0862,UPDOWN_GBM
2026-07-09T10:14:59+00:00,2843734,"Ethereum Up or Down - July 9, 4:30AM-4:45AM ET",2026-07-09T08:45:00,0.2,0.495,BUY_YES,1,0,1,0.1819,0.0,1.0,0.0,0.8,0.429,True,0.0858,GBM_LATE_15M
2026-07-09T10:14:59+00:00,2758357,"Will Ethereum reach $2,100 in July?",2026-08-01T04:00:00,556.0,0.115,BUY_YES,1,0,1,0.2902,0.0,1.0,0.0,0.8,0.4285,True,0.0857,PRICE_TARGET_GBM
2026-07-09T10:14:59+00:00,2758358,"Will Ethereum reach $2,000 in July?",2026-08-01T04:00:00,556.0,0.225,BUY_YES,1,0,1,0.3136,0.0,1.0,0.0,0.8,0.4285,True,0.0857,PRICE_TARGET_GBM
2026-07-09T10:14:59+00:00,2758359,"Will Ethereum reach $1,900 in July?",2026-08-01T04:00:00,556.0,0.445,BUY_YES,1,0,1,0.2539,0.0,1.0,0.0,0.8,0.4285,True,0.0857,PRICE_TARGET_GBM
2026-07-09T10:14:59+00:00,2758379,Will Solana reach $90 in July?,2026-08-01T04:00:00,556.0,0.31,BUY_YES,1,0,1,0.3498,0.0,1.0,0.0,0.8,0.4285,True,0.0857,PRICE_TARGET_GBM
2026-07-09T10:14:59+00:00,2840619,"Bitcoin Up or Down - July 8, 10:45PM-11:00PM ET",2026-07-09T03:00:00,0.2,0.535,BUY_NO,1,0,1,0.1815,0.0,1.0,0.0,0.8,0.4285,True,0.0857,GBM_LATE_15M
2026-07-09T10:14:59+00:00,2839586,"Ethereum Up or Down - July 8, 8:15PM-8:30PM ET",2026-07-09T00:30:00,0.1,0.245,BUY_YES,1,0,1,0.1807,0.0,1.0,0.0,0.8,0.4275,True,0.0855,GBM_LATE_15M
2026-07-09T10:14:59+00:00,2827854,"Ethereum Up or Down - July 9, 2AM ET",2026-07-09T07:00:00,0.3,0.685,BUY_YES,1,0,1,0.1962,0.0,1.0,0.0,0.8,0.4274,True,0.0855,GBM_LATE_60M
2026-07-09T10:14:59+00:00,2839989,"Solana Up or Down - July 8, 9:15PM-9:30PM ET",2026-07-09T01:30:00,0.2,0.365,BUY_YES,1,0,1,0.1795,0.0,1.0,0.0,0.8,0.426,True,0.0852,GBM_LATE_15M
2026-07-09T10:14:59+00:00,2828028,"Ethereum Up or Down - July 9, 3AM ET",2026-07-09T08:00:00,0.3,0.225,BUY_YES,1,0,1,0.1931,0.0,1.0,0.0,0.8,0.4236,True,0.0847,GBM_LATE_60M
2026-07-09T10:14:59+00:00,2825217,"Ethereum Up or Down - July 8, 11PM ET",2026-07-09T04:00:00,0.3,0.875,BUY_NO,1,0,1,0.1877,0.0,1.0,0.0,0.8,0.4168,True,0.0834,GBM_LATE_60M
2026-07-09T10:14:59+00:00,2828018,"Bitcoin Up or Down - July 9, 3AM ET",2026-07-09T08:00:00,0.3,0.255,BUY_YES,1,0,1,0.1817,0.0,1.0,0.0,0.8,0.4093,True,0.0819,GBM_LATE_60M
2026-07-09T10:14:59+00:00,2839623,"Ethereum Up or Down - July 8, 8:30PM-8:45PM ET",2026-07-09T00:45:00,0.2,0.505,BUY_YES,1,0,1,0.1656,0.0,1.0,0.0,0.8,0.4086,True,0.0817,GBM_LATE_15M
2026-07-09T10:14:59+00:00,2824574,"Ethereum Up or Down - July 8, 9PM ET",2026-07-09T02:00:00,0.3,0.815,BUY_NO,1,0,1,0.1811,0.0,1.0,0.0,0.8,0.4086,True,0.0817,GBM_LATE_60M
2026-07-09T10:14:59+00:00,2840489,"Solana Up or Down - July 8, 10:30PM-10:45PM ET",2026-07-09T02:45:00,0.2,0.505,BUY_NO,1,0,1,0.1615,0.0,1.0,0.0,0.8,0.4035,True,0.0807,GBM_LATE_15M
2026-07-09T10:14:59+00:00,2842591,"Ethereum Up or Down - July 9, 1:15AM-1:30AM ET",2026-07-09T05:30:00,0.2,0.495,BUY_NO,3,0,3,0.0889,0.0,1.0,0.0,0.8,0.3989,True,0.0798,GBM_LATE_15M|STREAK_FADE_15M|UPDOWN_GBM
2026-07-09T10:14:59+00:00,2824564,"Bitcoin Up or Down - July 8, 9PM ET",2026-07-09T02:00:00,0.3,0.875,BUY_NO,1,0,1,0.1708,0.0,1.0,0.0,0.8,0.3957,True,0.0791,GBM_LATE_60M
2026-07-09T10:14:59+00:00,2843867,"Bitcoin Up or Down - July 9, 5:00AM-5:15AM ET",2026-07-09T09:15:00,0.1,0.335,BUY_NO,1,0,1,0.1546,0.0,1.0,0.0,0.8,0.3949,True,0.079,GBM_LATE_15M
2026-07-09T10:14:59+00:00,2843828,"Ethereum Up or Down - July 9, 4:45AM-5:00AM ET",2026-07-09T09:00:00,0.2,0.495,BUY_NO,1,0,1,0.1538,0.0,1.0,0.0,0.8,0.3939,True,0.0788,GBM_LATE_15M
2026-07-09T10:14:59+00:00,2843606,"Bitcoin Up or Down - July 9, 3:45AM-3:50AM ET",2026-07-09T07:50:00,0.0,0.855,BUY_NO,1,0,1,0.15,0.0,1.0,0.0,0.8,0.3927,True,0.0785,LATE_WINDOW_5MIN
2026-07-09T10:14:59+00:00,2841506,"Solana Up or Down - July 9, 12:45AM-1:00AM ET",2026-07-09T05:00:00,0.2,0.375,BUY_YES,1,0,1,0.1527,0.0,1.0,0.0,0.8,0.3925,True,0.0785,GBM_LATE_15M
2026-07-09T10:14:59+00:00,2840720,"Bitcoin Up or Down - July 8, 11:30PM-11:45PM ET",2026-07-09T03:45:00,0.2,0.505,BUY_YES,1,0,1,0.1501,0.0,1.0,0.0,0.8,0.3893,True,0.0779,GBM_LATE_15M
2026-07-09T10:14:59+00:00,2840440,"Solana Up or Down - July 8, 10:15PM-10:30PM ET",2026-07-09T02:30:00,0.2,0.305,BUY_YES,1,0,1,0.1484,0.0,1.0,0.0,0.8,0.3871,True,0.0774,GBM_LATE_15M
2026-07-09T10:14:59+00:00,2842592,"XRP Up or Down - July 9, 1:15AM-1:30AM ET",2026-07-09T05:30:00,0.1,0.495,BUY_NO,2,0,2,0.1084,0.0,1.0,0.0,0.8,0.3833,True,0.0767,GBM_LATE_15M|STREAK_FADE_15M
2026-07-09T10:14:59+00:00,2840624,"Solana Up or Down - July 8, 10:45PM-11:00PM ET",2026-07-09T03:00:00,0.2,0.515,BUY_NO,1,0,1,0.141,0.0,1.0,0.0,0.8,0.3779,True,0.0756,GBM_LATE_15M
2026-07-09T10:14:59+00:00,2843006,"Ethereum Up or Down - July 9, 2:30AM-2:45AM ET",2026-07-09T06:45:00,0.1,0.455,BUY_YES,1,0,1,0.14,0.0,1.0,0.0,0.8,0.3766,True,0.0753,GBM_LATE_15M
2026-07-09T10:14:59+00:00,2769703,"Will the price of Bitcoin be between $62,000 and $64,000 on July 9?",2026-07-09T16:00:00,16.0,0.58,BUY_YES,1,0,1,0.145,0.0,1.0,0.0,0.8,0.376,True,0.0752,WEEKLY_PRICE
2026-07-09T10:14:59+00:00,2784638,"Will the price of Bitcoin be between $62,000 and $64,000 on July 10?",2026-07-10T16:00:00,40.0,0.42,BUY_YES,1,0,1,0.145,0.0,1.0,0.0,0.8,0.376,True,0.0752,WEEKLY_PRICE
2026-07-09T10:14:59+00:00,2784709,"Will the price of Ethereum be between $1,700 and $1,800 on July 10?",2026-07-10T16:00:00,40.0,0.615,BUY_YES,1,0,1,0.145,0.0,1.0,0.0,0.8,0.376,True,0.0752,WEEKLY_PRICE
2026-07-09T10:14:59+00:00,2795863,"Will the price of Bitcoin be between $62,000 and $64,000 on July 11?",2026-07-11T16:00:00,64.0,0.37,BUY_YES,1,0,1,0.145,0.0,1.0,0.0,0.8,0.376,True,0.0752,WEEKLY_PRICE
2026-07-09T10:14:59+00:00,2795944,"Will the price of Ethereum be between $1,700 and $1,800 on July 11?",2026-07-11T16:00:00,64.0,0.515,BUY_YES,1,0,1,0.145,0.0,1.0,0.0,0.8,0.376,True,0.0752,WEEKLY_PRICE
2026-07-09T10:14:59+00:00,2796033,Will the price of Solana be between $70 and $80 on July 11?,2026-07-11T16:00:00,64.0,0.72,BUY_YES,1,0,1,0.145,0.0,1.0,0.0,0.8,0.376,True,0.0752,WEEKLY_PRICE
2026-07-09T10:14:59+00:00,2807488,"Will the price of Bitcoin be between $62,000 and $64,000 on July 12?",2026-07-12T16:00:00,88.0,0.345,BUY_YES,1,0,1,0.145,0.0,1.0,0.0,0.8,0.376,True,0.0752,WEEKLY_PRICE
2026-07-09T10:14:59+00:00,2807539,"Will the price of Ethereum be between $1,700 and $1,800 on July 12?",2026-07-12T16:00:00,88.0,0.485,BUY_YES,1,0,1,0.145,0.0,1.0,0.0,0.8,0.376,True,0.0752,WEEKLY_PRICE
2026-07-09T10:14:59+00:00,2807647,Will the price of Solana be between $70 and $80 on July 12?,2026-07-12T16:00:00,88.0,0.68,BUY_YES,1,0,1,0.145,0.0,1.0,0.0,0.8,0.376,True,0.0752,WEEKLY_PRICE
2026-07-09T10:14:59+00:00,2818013,"Will the price of Bitcoin be between $62,000 and $64,000 on July 13?",2026-07-13T16:00:00,112.0,0.3,BUY_YES,1,0,1,0.145,0.0,1.0,0.0,0.8,0.376,True,0.0752,WEEKLY_PRICE
2026-07-09T10:14:59+00:00,2818088,"Will the price of Ethereum be between $1,700 and $1,800 on July 13?",2026-07-13T16:00:00,112.0,0.385,BUY_YES,1,0,1,0.145,0.0,1.0,0.0,0.8,0.376,True,0.0752,WEEKLY_PRICE
2026-07-09T10:14:59+00:00,2818164,Will the price of Solana be between $70 and $80 on July 13?,2026-07-13T16:00:00,112.0,0.625,BUY_YES,1,0,1,0.145,0.0,1.0,0.0,0.8,0.376,True,0.0752,WEEKLY_PRICE
2026-07-09T10:14:59+00:00,2833082,"Will the price of Bitcoin be between $62,000 and $64,000 on July 14?",2026-07-14T16:00:00,136.0,0.26,BUY_YES,1,0,1,0.145,0.0,1.0,0.0,0.8,0.376,True,0.0752,WEEKLY_PRICE
2026-07-09T10:14:59+00:00,2833138,"Will the price of Ethereum be between $1,700 and $1,800 on July 14?",2026-07-14T16:00:00,136.0,0.37,BUY_YES,1,0,1,0.145,0.0,1.0,0.0,0.8,0.376,True,0.0752,WEEKLY_PRICE
2026-07-09T10:14:59+00:00,2833207,Will the price of Solana be between $70 and $80 on July 14?,2026-07-14T16:00:00,136.0,0.59,BUY_YES,1,0,1,0.145,0.0,1.0,0.0,0.8,0.376,True,0.0752,WEEKLY_PRICE
2026-07-09T10:14:59+00:00,2842583,"Solana Up or Down - July 9, 1:15AM-1:30AM ET",2026-07-09T05:30:00,0.2,0.475,BUY_NO,2,0,2,0.1014,0.0,1.0,0.0,0.8,0.3746,True,0.0749,STREAK_FADE_15M|GBM_LATE_15M
2026-07-09T10:14:59+00:00,2842973,"Ethereum Up or Down - July 9, 2:15AM-2:30AM ET",2026-07-09T06:30:00,0.2,0.485,BUY_YES,1,0,1,0.1384,0.0,1.0,0.0,0.8,0.3746,True,0.0749,GBM_LATE_15M
2026-07-09T10:14:59+00:00,2839894,"Bitcoin Up or Down - July 8, 9:00PM-9:15PM ET",2026-07-09T01:15:00,0.1,0.535,BUY_YES,1,0,1,0.1376,0.0,1.0,0.0,0.8,0.3736,True,0.0747,GBM_LATE_15M
2026-07-09T10:14:59+00:00,2840388,"Solana Up or Down - July 8, 10:00PM-10:15PM ET",2026-07-09T02:15:00,0.2,0.575,BUY_NO,1,0,1,0.1367,0.0,1.0,0.0,0.8,0.3725,True,0.0745,GBM_LATE_15M
2026-07-09T10:14:59+00:00,2840626,"Ethereum Up or Down - July 8, 10:45PM-11:00PM ET",2026-07-09T03:00:00,0.2,0.525,BUY_NO,1,0,1,0.1357,0.0,1.0,0.0,0.8,0.3713,True,0.0743,GBM_LATE_15M
2026-07-09T10:14:59+00:00,2840724,"Ethereum Up or Down - July 8, 11:30PM-11:45PM ET",2026-07-09T03:45:00,0.2,0.505,BUY_YES,1,0,1,0.1357,0.0,1.0,0.0,0.8,0.3713,True,0.0743,GBM_LATE_15M
2026-07-09T10:14:59+00:00,2843893,"Solana Up or Down - July 9, 5:15AM-5:30AM ET",2026-07-09T09:30:00,0.2,0.44,BUY_YES,1,0,1,0.1328,0.0,1.0,0.0,0.8,0.3676,True,0.0735,GBM_LATE_15M
2026-07-09T10:14:59+00:00,2839892,"XRP Up or Down - July 8, 9:00PM-9:15PM ET",2026-07-09T01:15:00,0.2,0.525,BUY_YES,2,0,2,0.0957,0.0,1.0,0.0,0.8,0.3674,True,0.0735,STREAK_FADE_15M|GBM_LATE_15M
2026-07-09T10:14:59+00:00,2844043,"XRP Up or Down - July 9, 5:45AM-6:00AM ET",2026-07-09T10:00:00,0.2,0.505,BUY_YES,2,0,2,0.0934,0.0,1.0,0.0,0.8,0.366,True,0.0732,GBM_LATE_15M|GBM_LATE_15M_TARDIO
2026-07-09T10:14:59+00:00,2839977,"Ethereum Up or Down - July 8, 9:15PM-9:30PM ET",2026-07-09T01:30:00,0.2,0.325,BUY_YES,1,0,1,0.1314,0.0,1.0,0.0,0.8,0.3659,True,0.0732,GBM_LATE_15M
2026-07-09T10:14:59+00:00,2843541,"Ethereum Up or Down - July 9, 3:30AM-3:45AM ET",2026-07-09T07:45:00,0.2,0.505,BUY_YES,1,0,1,0.1406,0.0,1.0,0.0,0.8,0.3658,True,0.0732,UPDOWN_GBM
2026-07-09T10:14:59+00:00,2828728,"Ethereum Up or Down - July 9, 5AM ET",2026-07-09T10:00:00,0.3,0.575,BUY_NO,1,0,1,0.1462,0.0,1.0,0.0,0.8,0.3649,True,0.073,GBM_LATE_60M
2026-07-09T10:14:59+00:00,2844172,"Ethereum Up or Down - July 9, 6:00AM-6:15AM ET",2026-07-09T10:15:00,0.1,0.355,BUY_YES,2,0,2,0.0884,0.0,1.0,0.0,0.8,0.3598,True,0.072,GBM_LATE_15M|GBM_LATE_15M_TARDIO
2026-07-09T10:14:59+00:00,2843702,"Ethereum Up or Down - July 9, 4:15AM-4:30AM ET",2026-07-09T08:30:00,0.2,0.505,BUY_YES,2,0,2,0.0934,0.0,1.0,0.0,0.8,0.3584,True,0.0717,UPDOWN_GBM|GBM_LATE_15M
2026-07-09T10:14:59+00:00,2833104,Solana Up or Down on July 9?,2026-07-09T16:00:00,16.0,0.7,BUY_NO,1,0,1,0.1337,0.0,1.0,0.0,0.8,0.3571,True,0.0714,UPDOWN_GBM
2026-07-09T10:14:59+00:00,2842673,"Solana Up or Down - July 9, 1:45AM-2:00AM ET",2026-07-09T06:00:00,0.2,0.475,BUY_YES,1,0,1,0.1239,0.0,1.0,0.0,0.8,0.3565,True,0.0713,GBM_LATE_15M
2026-07-09T10:14:59+00:00,2843658,"Solana Up or Down - July 9, 4:00AM-4:15AM ET",2026-07-09T08:15:00,0.2,0.495,BUY_NO,1,0,1,0.1239,0.0,1.0,0.0,0.8,0.3565,True,0.0713,GBM_LATE_15M
2026-07-09T10:14:59+00:00,2843736,"Bitcoin Up or Down - July 9, 4:30AM-4:45AM ET",2026-07-09T08:45:00,0.2,0.415,BUY_YES,1,0,1,0.1238,0.0,1.0,0.0,0.8,0.3564,True,0.0713,GBM_LATE_15M
2026-07-09T10:14:59+00:00,2840382,"Ethereum Up or Down - July 8, 10:00PM-10:15PM ET",2026-07-09T02:15:00,0.2,0.555,BUY_NO,1,0,1,0.123,0.0,1.0,0.0,0.8,0.3554,True,0.0711,GBM_LATE_15M
2026-07-09T10:14:59+00:00,2840495,"XRP Up or Down - July 8, 10:30PM-10:45PM ET",2026-07-09T02:45:00,0.2,0.505,BUY_NO,1,0,1,0.1159,0.0,1.0,0.0,0.8,0.3465,True,0.0693,GBM_LATE_15M
2026-07-09T10:14:59+00:00,2825527,"Solana Up or Down - July 9, 12AM ET",2026-07-09T05:00:00,0.3,0.525,BUY_YES,1,0,1,0.1314,0.0,1.0,0.0,0.8,0.3464,True,0.0693,GBM_LATE_60M
2026-07-09T10:14:59+00:00,2841347,"Bitcoin Up or Down - July 9, 12:15AM-12:30AM ET",2026-07-09T04:30:00,0.2,0.795,BUY_NO,1,0,1,0.1149,0.0,1.0,0.0,0.8,0.3453,True,0.0691,GBM_LATE_15M
2026-07-09T10:14:59+00:00,2840394,"XRP Up or Down - July 8, 10:00PM-10:15PM ET",2026-07-09T02:15:00,0.2,0.505,BUY_YES,1,0,1,0.1136,0.0,1.0,0.0,0.8,0.3436,True,0.0687,GBM_LATE_15M
2026-07-09T10:14:59+00:00,2840727,"Solana Up or Down - July 8, 11:30PM-11:45PM ET",2026-07-09T03:45:00,0.2,0.495,BUY_YES,1,0,1,0.1135,0.0,1.0,0.0,0.8,0.3435,True,0.0687,GBM_LATE_15M
2026-07-09T10:14:59+00:00,2843600,"XRP Up or Down - July 9, 3:45AM-4:00AM ET",2026-07-09T08:00:00,0.2,0.505,BUY_YES,1,0,1,0.1133,0.0,1.0,0.0,0.8,0.3433,True,0.0687,GBM_LATE_15M
2026-07-09T10:14:59+00:00,2843897,"XRP Up or Down - July 9, 5:15AM-5:30AM ET",2026-07-09T09:30:00,0.2,0.505,BUY_YES,1,0,1,0.1097,0.0,1.0,0.0,0.8,0.3388,True,0.0678,GBM_LATE_15M
2026-07-09T10:14:59+00:00,2784815,Will the price of Solana be between $70 and $80 on July 10?,2026-07-10T16:00:00,40.0,0.76,BUY_YES,1,0,1,0.115,0.0,1.0,0.0,0.8,0.3385,True,0.0677,WEEKLY_PRICE
2026-07-09T10:14:59+00:00,2840488,"Bitcoin Up or Down - July 8, 10:30PM-10:45PM ET",2026-07-09T02:45:00,0.2,0.495,BUY_NO,1,0,1,0.1088,0.0,1.0,0.0,0.8,0.3376,True,0.0675,GBM_LATE_15M
2026-07-09T10:14:59+00:00,2840658,"Solana Up or Down - July 8, 11:00PM-11:15PM ET",2026-07-09T03:15:00,0.2,0.515,BUY_YES,1,0,1,0.108,0.0,1.0,0.0,0.8,0.3366,True,0.0673,GBM_LATE_15M
2026-07-09T10:14:59+00:00,2833089,Ethereum Up or Down on July 9?,2026-07-09T16:00:00,16.0,0.7,BUY_NO,1,0,1,0.1163,0.0,1.0,0.0,0.8,0.3354,True,0.0671,UPDOWN_GBM
2026-07-09T10:14:59+00:00,2839533,"Ethereum Up or Down - July 8, 8:00PM-8:15PM ET",2026-07-09T00:15:00,0.2,0.475,BUY_YES,2,0,2,0.0744,0.0,1.0,0.0,0.8,0.3347,True,0.0669,UPDOWN_GBM|GBM_LATE_15M
2026-07-09T10:14:59+00:00,2843667,"Ethereum Up or Down - July 9, 4:00AM-4:15AM ET",2026-07-09T08:15:00,0.2,0.495,BUY_NO,1,0,1,0.1063,0.0,1.0,0.0,0.8,0.3345,True,0.0669,GBM_LATE_15M
2026-07-09T10:14:59+00:00,2843940,"XRP Up or Down - July 9, 5:30AM-5:45AM ET",2026-07-09T09:45:00,0.2,0.515,BUY_NO,2,0,2,0.0714,0.0,1.0,0.0,0.8,0.3342,True,0.0668,LEADLAG_BTC_XRP_15M|GBM_LATE_15M
2026-07-09T10:14:59+00:00,2843409,"Solana Up or Down - July 9, 2:45AM-3:00AM ET",2026-07-09T07:00:00,0.2,0.445,BUY_YES,1,0,1,0.1047,0.0,1.0,0.0,0.8,0.3325,True,0.0665,GBM_LATE_15M
2026-07-09T10:14:59+00:00,2841292,"Bitcoin Up or Down - July 9, 12:00AM-12:15AM ET",2026-07-09T04:15:00,0.2,0.675,BUY_YES,1,0,1,0.1045,0.0,1.0,0.0,0.8,0.3323,True,0.0665,GBM_LATE_15M
2026-07-09T10:14:59+00:00,2842551,"Bitcoin Up or Down - July 9, 1:00AM-1:15AM ET",2026-07-09T05:15:00,0.2,0.465,BUY_YES,1,0,1,0.1043,0.0,1.0,0.0,0.8,0.332,True,0.0664,GBM_LATE_15M
2026-07-09T10:14:59+00:00,2840042,"Ethereum Up or Down - July 8, 9:30PM-9:45PM ET",2026-07-09T01:45:00,0.2,0.485,BUY_NO,2,0,2,0.0694,0.0,1.0,0.0,0.8,0.3284,True,0.0657,UPDOWN_GBM|GBM_LATE_15M
2026-07-09T10:14:59+00:00,2840172,"Bitcoin Up or Down - July 8, 9:45PM-10:00PM ET",2026-07-09T02:00:00,0.2,0.525,BUY_NO,1,0,1,0.0997,0.0,1.0,0.0,0.8,0.3263,True,0.0653,GBM_LATE_15M
2026-07-09T10:14:59+00:00,2839589,"Solana Up or Down - July 8, 8:15PM-8:30PM ET",2026-07-09T00:30:00,0.2,0.49,BUY_NO,1,0,1,0.0989,0.0,1.0,0.0,0.8,0.3253,True,0.0651,GBM_LATE_15M
2026-07-09T10:14:59+00:00,2844181,"Solana Up or Down - July 9, 6:00AM-6:15AM ET",2026-07-09T10:15:00,0.2,0.465,BUY_YES,2,0,2,0.0607,0.0,1.0,0.0,0.8,0.3252,True,0.065,GBM_LATE_15M|GBM_LATE_15M_TARDIO
2026-07-09T10:14:59+00:00,2840041,"XRP Up or Down - July 8, 9:30PM-9:45PM ET",2026-07-09T01:45:00,0.2,0.495,BUY_NO,1,0,1,0.0988,0.0,1.0,0.0,0.8,0.3251,True,0.065,GBM_LATE_15M
2026-07-09T10:14:59+00:00,2844038,"Solana Up or Down - July 9, 5:45AM-6:00AM ET",2026-07-09T10:00:00,0.2,0.515,BUY_YES,2,0,2,0.0589,0.0,1.0,0.0,0.8,0.3228,True,0.0646,GBM_LATE_15M|GBM_LATE_15M_TARDIO
2026-07-09T10:14:59+00:00,2839776,"Bitcoin Up or Down - July 8, 8:45PM-9:00PM ET",2026-07-09T01:00:00,0.2,0.505,BUY_NO,2,0,2,0.0645,0.0,1.0,0.0,0.8,0.3223,True,0.0645,UPDOWN_GBM|GBM_LATE_15M
2026-07-09T10:14:59+00:00,2833076,"Will the price of Ethereum be above $1,600 on July 14?",2026-07-14T16:00:00,136.0,0.895,BUY_NO,1,0,1,0.1147,0.0,1.0,0.0,0.8,0.3219,True,0.0644,PRICE_TARGET_GBM
2026-07-09T10:14:59+00:00,2843009,"Bitcoin Up or Down - July 9, 2:30AM-2:45AM ET",2026-07-09T06:45:00,0.2,0.455,BUY_YES,1,0,1,0.0954,0.0,1.0,0.0,0.8,0.3209,True,0.0642,GBM_LATE_15M
2026-07-09T10:14:59+00:00,2828304,"Bitcoin Up or Down - July 9, 4AM ET",2026-07-09T09:00:00,0.3,0.435,BUY_YES,1,0,1,0.1101,0.0,1.0,0.0,0.8,0.3198,True,0.064,GBM_LATE_60M
2026-07-09T10:14:59+00:00,2824575,"Solana Up or Down - July 8, 9PM ET",2026-07-09T02:00:00,0.3,0.835,BUY_NO,1,0,1,0.1085,0.0,1.0,0.0,0.8,0.3178,True,0.0636,GBM_LATE_60M
2026-07-09T10:14:59+00:00,2840730,"XRP Up or Down - July 8, 11:30PM-11:45PM ET",2026-07-09T03:45:00,0.2,0.505,BUY_YES,1,0,1,0.092,0.0,1.0,0.0,0.8,0.3166,True,0.0633,GBM_LATE_15M
2026-07-09T10:14:59+00:00,2828314,"Ethereum Up or Down - July 9, 4AM ET",2026-07-09T09:00:00,0.3,0.835,BUY_NO,1,0,1,0.1074,0.0,1.0,0.0,0.8,0.3164,True,0.0633,GBM_LATE_60M
2026-07-09T10:14:59+00:00,2841440,"XRP Up or Down - July 9, 12:30AM-12:45AM ET",2026-07-09T04:45:00,0.2,0.505,BUY_YES,1,0,1,0.0911,0.0,1.0,0.0,0.8,0.3155,True,0.0631,GBM_LATE_15M
2026-07-09T10:14:59+00:00,2842837,"XRP Up or Down - July 9, 1:55AM-2:00AM ET",2026-07-09T06:00:00,0.1,0.475,BUY_YES,1,0,1,0.1,0.0,1.0,0.0,0.8,0.3153,True,0.0631,STREAK_MOM_5M
2026-07-09T10:14:59+00:00,2840096,"Solana Up or Down - July 8, 9:40PM-9:45PM ET",2026-07-09T01:45:00,0.1,0.51,BUY_NO,2,0,2,0.0652,0.0,1.0,0.0,0.8,0.3151,True,0.063,STREAK_MOM_5M|ORDER_FLOW_5M
2026-07-09T10:14:59+00:00,2842553,"XRP Up or Down - July 9, 1:00AM-1:15AM ET",2026-07-09T05:15:00,0.2,0.495,BUY_NO,1,0,1,0.0905,0.0,1.0,0.0,0.8,0.3148,True,0.063,GBM_LATE_15M
2026-07-09T10:14:59+00:00,2769700,"Will the price of Bitcoin be between $60,000 and $62,000 on July 9?",2026-07-09T16:00:00,16.0,0.355,BUY_NO,1,0,1,0.095,0.0,1.0,0.0,0.8,0.3135,True,0.0627,WEEKLY_PRICE
2026-07-09T10:14:59+00:00,2784636,"Will the price of Bitcoin be between $60,000 and $62,000 on July 10?",2026-07-10T16:00:00,40.0,0.355,BUY_NO,1,0,1,0.095,0.0,1.0,0.0,0.8,0.3135,True,0.0627,WEEKLY_PRICE
2026-07-09T10:14:59+00:00,2784706,"Will the price of Ethereum be between $1,600 and $1,700 on July 10?",2026-07-10T16:00:00,40.0,0.22,BUY_NO,1,0,1,0.095,0.0,1.0,0.0,0.8,0.3135,True,0.0627,WEEKLY_PRICE
2026-07-09T10:14:59+00:00,2784820,Will the price of Solana be between $80 and $90 on July 10?,2026-07-10T16:00:00,40.0,0.215,BUY_NO,1,0,1,0.095,0.0,1.0,0.0,0.8,0.3135,True,0.0627,WEEKLY_PRICE
2026-07-09T10:14:59+00:00,2795860,"Will the price of Bitcoin be between $60,000 and $62,000 on July 11?",2026-07-11T16:00:00,64.0,0.345,BUY_NO,1,0,1,0.095,0.0,1.0,0.0,0.8,0.3135,True,0.0627,WEEKLY_PRICE
2026-07-09T10:14:59+00:00,2795937,"Will the price of Ethereum be between $1,600 and $1,700 on July 11?",2026-07-11T16:00:00,64.0,0.255,BUY_NO,1,0,1,0.095,0.0,1.0,0.0,0.8,0.3135,True,0.0627,WEEKLY_PRICE
2026-07-09T10:14:59+00:00,2796042,Will the price of Solana be between $80 and $90 on July 11?,2026-07-11T16:00:00,64.0,0.265,BUY_NO,1,0,1,0.095,0.0,1.0,0.0,0.8,0.3135,True,0.0627,WEEKLY_PRICE
2026-07-09T10:14:59+00:00,2807486,"Will the price of Bitcoin be between $60,000 and $62,000 on July 12?",2026-07-12T16:00:00,88.0,0.32,BUY_NO,1,0,1,0.095,0.0,1.0,0.0,0.8,0.3135,True,0.0627,WEEKLY_PRICE
2026-07-09T10:14:59+00:00,2807535,"Will the price of Ethereum be between $1,600 and $1,700 on July 12?",2026-07-12T16:00:00,88.0,0.26,BUY_NO,1,0,1,0.095,0.0,1.0,0.0,0.8,0.3135,True,0.0627,WEEKLY_PRICE
2026-07-09T10:14:59+00:00,2807544,"Will the price of Ethereum be between $1,800 and $1,900 on July 12?",2026-07-12T16:00:00,88.0,0.2,BUY_NO,1,0,1,0.095,0.0,1.0,0.0,0.8,0.3135,True,0.0627,WEEKLY_PRICE
2026-07-09T10:14:59+00:00,2807652,Will the price of Solana be between $80 and $90 on July 12?,2026-07-12T16:00:00,88.0,0.29,BUY_NO,1,0,1,0.095,0.0,1.0,0.0,0.8,0.3135,True,0.0627,WEEKLY_PRICE
2026-07-09T10:14:59+00:00,2818010,"Will the price of Bitcoin be between $60,000 and $62,000 on July 13?",2026-07-13T16:00:00,112.0,0.28,BUY_NO,1,0,1,0.095,0.0,1.0,0.0,0.8,0.3135,True,0.0627,WEEKLY_PRICE
2026-07-09T10:14:59+00:00,2818084,"Will the price of Ethereum be between $1,600 and $1,700 on July 13?",2026-07-13T16:00:00,112.0,0.285,BUY_NO,1,0,1,0.095,0.0,1.0,0.0,0.8,0.3135,True,0.0627,WEEKLY_PRICE
2026-07-09T10:14:59+00:00,2818093,"Will the price of Ethereum be between $1,800 and $1,900 on July 13?",2026-07-13T16:00:00,112.0,0.2,BUY_NO,1,0,1,0.095,0.0,1.0,0.0,0.8,0.3135,True,0.0627,WEEKLY_PRICE
2026-07-09T10:14:59+00:00,2818168,Will the price of Solana be between $80 and $90 on July 13?,2026-07-13T16:00:00,112.0,0.31,BUY_NO,1,0,1,0.095,0.0,1.0,0.0,0.8,0.3135,True,0.0627,WEEKLY_PRICE
2026-07-09T10:14:59+00:00,2833079,"Will the price of Bitcoin be between $60,000 and $62,000 on July 14?",2026-07-14T16:00:00,136.0,0.265,BUY_NO,1,0,1,0.095,0.0,1.0,0.0,0.8,0.3135,True,0.0627,WEEKLY_PRICE
2026-07-09T10:14:59+00:00,2833135,"Will the price of Ethereum be between $1,600 and $1,700 on July 14?",2026-07-14T16:00:00,136.0,0.27,BUY_NO,1,0,1,0.095,0.0,1.0,0.0,0.8,0.3135,True,0.0627,WEEKLY_PRICE
2026-07-09T10:14:59+00:00,2833140,"Will the price of Ethereum be between $1,800 and $1,900 on July 14?",2026-07-14T16:00:00,136.0,0.2,BUY_NO,1,0,1,0.095,0.0,1.0,0.0,0.8,0.3135,True,0.0627,WEEKLY_PRICE
2026-07-09T10:14:59+00:00,2833209,Will the price of Solana be between $80 and $90 on July 14?,2026-07-14T16:00:00,136.0,0.32,BUY_NO,1,0,1,0.095,0.0,1.0,0.0,0.8,0.3135,True,0.0627,WEEKLY_PRICE
2026-07-09T10:14:59+00:00,2843863,"Solana Up or Down - July 9, 5:00AM-5:15AM ET",2026-07-09T09:15:00,0.2,0.505,BUY_YES,1,0,1,0.0886,0.0,1.0,0.0,0.8,0.3124,True,0.0625,GBM_LATE_15M
2026-07-09T10:14:59+00:00,2843697,"Solana Up or Down - July 9, 4:15AM-4:30AM ET",2026-07-09T08:30:00,0.2,0.525,BUY_NO,1,0,1,0.088,0.0,1.0,0.0,0.8,0.3116,True,0.0623,GBM_LATE_15M
2026-07-09T10:14:59+00:00,2828729,"Solana Up or Down - July 9, 5AM ET",2026-07-09T10:00:00,0.3,0.37,BUY_YES,1,0,1,0.1031,0.0,1.0,0.0,0.8,0.3111,True,0.0622,GBM_LATE_60M
2026-07-09T10:14:59+00:00,2844175,"XRP Up or Down - July 9, 6:00AM-6:15AM ET",2026-07-09T10:15:00,0.2,0.505,BUY_YES,2,0,2,0.0488,0.0,1.0,0.0,0.8,0.3103,True,0.0621,GBM_LATE_15M|GBM_LATE_15M_TARDIO
2026-07-09T10:14:59+00:00,2843865,"Ethereum Up or Down - July 9, 5:00AM-5:15AM ET",2026-07-09T09:15:00,0.2,0.505,BUY_NO,1,0,1,0.0869,0.0,1.0,0.0,0.8,0.3103,True,0.0621,GBM_LATE_15M
2026-07-09T10:14:59+00:00,2843890,"Ethereum Up or Down - July 9, 5:10AM-5:15AM ET",2026-07-09T09:15:00,0.1,0.52,BUY_NO,1,0,1,0.095,0.0,1.0,0.0,0.8,0.309,True,0.0618,STREAK_MOM_5M
2026-07-09T10:14:59+00:00,2844174,"Ethereum Up or Down - July 9, 6:00AM-6:05AM ET",2026-07-09T10:05:00,0.1,0.48,BUY_YES,1,0,1,0.095,0.0,1.0,0.0,0.8,0.309,True,0.0618,STREAK_MOM_5M
2026-07-09T10:14:59+00:00,2839544,"Solana Up or Down - July 8, 8:00PM-8:15PM ET",2026-07-09T00:15:00,0.2,0.38,BUY_YES,1,0,1,0.0857,0.0,1.0,0.0,0.8,0.3088,True,0.0618,GBM_LATE_15M
2026-07-09T10:14:59+00:00,2841345,"XRP Up or Down - July 9, 12:15AM-12:30AM ET",2026-07-09T04:30:00,0.2,0.505,BUY_NO,1,0,1,0.0837,0.0,1.0,0.0,0.8,0.3063,True,0.0613,GBM_LATE_15M
2026-07-09T10:14:59+00:00,2841433,"Solana Up or Down - July 9, 12:30AM-12:45AM ET",2026-07-09T04:45:00,0.2,0.495,BUY_YES,1,0,1,0.0832,0.0,1.0,0.0,0.8,0.3056,True,0.0611,GBM_LATE_15M
2026-07-09T10:14:59+00:00,2843891,"Ethereum Up or Down - July 9, 5:15AM-5:30AM ET",2026-07-09T09:30:00,0.1,0.515,BUY_YES,1,0,1,0.0828,0.0,1.0,0.0,0.8,0.3051,True,0.061,GBM_LATE_15M
2026-07-09T10:14:59+00:00,2839982,"Bitcoin Up or Down - July 8, 9:15PM-9:30PM ET",2026-07-09T01:30:00,0.2,0.385,BUY_YES,1,0,1,0.0825,0.0,1.0,0.0,0.8,0.3048,True,0.061,GBM_LATE_15M
2026-07-09T10:14:59+00:00,2839596,"XRP Up or Down - July 8, 8:15PM-8:30PM ET",2026-07-09T00:30:00,0.2,0.505,BUY_NO,1,0,1,0.0818,0.0,1.0,0.0,0.8,0.3039,True,0.0608,GBM_LATE_15M
2026-07-09T10:14:59+00:00,2840048,"Solana Up or Down - July 8, 9:30PM-9:45PM ET",2026-07-09T01:45:00,0.2,0.495,BUY_NO,1,0,1,0.0817,0.0,1.0,0.0,0.8,0.3038,True,0.0608,GBM_LATE_15M
2026-07-09T10:14:59+00:00,2840168,"Ethereum Up or Down - July 8, 9:45PM-10:00PM ET",2026-07-09T02:00:00,0.2,0.525,BUY_NO,2,0,2,0.0497,0.0,1.0,0.0,0.8,0.3037,True,0.0607,UPDOWN_GBM|GBM_LATE_15M
2026-07-09T10:14:59+00:00,2840692,"Bitcoin Up or Down - July 8, 11:15PM-11:30PM ET",2026-07-09T03:30:00,0.2,0.585,BUY_YES,1,1,2,0.2036,0.9884,0.0116,0.0,0.8,0.3034,True,0.0607,GBM_LATE_15M
2026-07-09T10:14:59+00:00,2839968,"Solana Up or Down - July 8, 9:10PM-9:15PM ET",2026-07-09T01:15:00,0.1,0.485,BUY_YES,1,0,1,0.09,0.0,1.0,0.0,0.8,0.3028,True,0.0606,STREAK_MOM_5M
2026-07-09T10:14:59+00:00,2839972,"XRP Up or Down - July 8, 9:10PM-9:15PM ET",2026-07-09T01:15:00,0.1,0.485,BUY_YES,1,0,1,0.09,0.0,1.0,0.0,0.8,0.3028,True,0.0606,STREAK_MOM_5M
2026-07-09T10:14:59+00:00,2840387,"Ethereum Up or Down - July 8, 10:00PM-10:05PM ET",2026-07-09T02:05:00,0.1,0.515,BUY_NO,1,0,1,0.09,0.0,1.0,0.0,0.8,0.3028,True,0.0606,STREAK_MOM_5M
2026-07-09T10:14:59+00:00,2842836,"Ethereum Up or Down - July 9, 1:55AM-2:00AM ET",2026-07-09T06:00:00,0.1,0.485,BUY_YES,1,0,1,0.09,0.0,1.0,0.0,0.8,0.3028,True,0.0606,STREAK_MOM_5M
2026-07-09T10:14:59+00:00,2843681,"Ethereum Up or Down - July 9, 4:05AM-4:10AM ET",2026-07-09T08:10:00,0.1,0.515,BUY_NO,1,0,1,0.09,0.0,1.0,0.0,0.8,0.3028,True,0.0606,STREAK_MOM_5M
2026-07-09T10:14:59+00:00,2843715,"Ethereum Up or Down - July 9, 4:25AM-4:30AM ET",2026-07-09T08:30:00,0.1,0.485,BUY_YES,1,0,1,0.09,0.0,1.0,0.0,0.8,0.3028,True,0.0606,STREAK_MOM_5M
2026-07-09T10:14:59+00:00,2839777,"Solana Up or Down - July 8, 8:45PM-9:00PM ET",2026-07-09T01:00:00,0.2,0.505,BUY_YES,1,0,1,0.0796,0.0,1.0,0.0,0.8,0.3011,True,0.0602,GBM_LATE_15M
2026-07-09T10:14:59+00:00,2828718,"Bitcoin Up or Down - July 9, 5AM ET",2026-07-09T10:00:00,0.3,0.755,BUY_NO,1,0,1,0.0943,0.0,1.0,0.0,0.8,0.3001,True,0.06,GBM_LATE_60M
2026-07-09T10:14:59+00:00,2843869,"Ethereum Up or Down - July 9, 5:00AM-5:05AM ET",2026-07-09T09:05:00,0.1,0.51,BUY_NO,1,0,1,0.085,0.0,1.0,0.0,0.8,0.2965,True,0.0593,STREAK_MOM_5M
2026-07-09T10:14:59+00:00,2843698,"Bitcoin Up or Down - July 9, 4:15AM-4:30AM ET",2026-07-09T08:30:00,0.1,0.78,BUY_NO,1,0,1,0.0748,0.0,1.0,0.0,0.8,0.2951,True,0.059,GBM_LATE_15M
2026-07-09T10:14:59+00:00,2795947,"Will the price of Ethereum be between $1,800 and $1,900 on July 11?",2026-07-11T16:00:00,64.0,0.185,BUY_NO,1,0,1,0.08,0.0,1.0,0.0,0.8,0.2948,True,0.059,WEEKLY_PRICE
2026-07-09T10:14:59+00:00,2841335,"Ethereum Up or Down - July 9, 12:15AM-12:30AM ET",2026-07-09T04:30:00,0.2,0.76,BUY_NO,1,0,1,0.0745,0.0,1.0,0.0,0.8,0.2948,True,0.059,GBM_LATE_15M
2026-07-09T10:14:59+00:00,2842981,"Solana Up or Down - July 9, 2:15AM-2:30AM ET",2026-07-09T06:30:00,0.2,0.48,BUY_YES,1,0,1,0.0711,0.0,1.0,0.0,0.8,0.2905,True,0.0581,GBM_LATE_15M
2026-07-09T10:14:59+00:00,2840183,"Ethereum Up or Down - July 8, 9:50PM-9:55PM ET",2026-07-09T01:55:00,0.1,0.505,BUY_NO,1,0,1,0.08,0.0,1.0,0.0,0.8,0.2903,True,0.0581,STREAK_MOM_5M
2026-07-09T10:14:59+00:00,2840202,"Ethereum Up or Down - July 8, 9:55PM-10:00PM ET",2026-07-09T02:00:00,0.1,0.505,BUY_NO,1,0,1,0.08,0.0,1.0,0.0,0.8,0.2903,True,0.0581,STREAK_MOM_5M
2026-07-09T10:14:59+00:00,2840499,"Ethereum Up or Down - July 8, 10:30PM-10:35PM ET",2026-07-09T02:35:00,0.1,0.505,BUY_NO,1,0,1,0.08,0.0,1.0,0.0,0.8,0.2903,True,0.0581,STREAK_MOM_5M
2026-07-09T10:14:59+00:00,2840540,"Ethereum Up or Down - July 8, 10:35PM-10:40PM ET",2026-07-09T02:40:00,0.1,0.505,BUY_NO,1,0,1,0.08,0.0,1.0,0.0,0.8,0.2903,True,0.0581,STREAK_MOM_5M
2026-07-09T10:14:59+00:00,2840804,"Ethereum Up or Down - July 8, 11:50PM-11:55PM ET",2026-07-09T03:55:00,0.1,0.505,BUY_NO,1,0,1,0.08,0.0,1.0,0.0,0.8,0.2903,True,0.0581,STREAK_MOM_5M
2026-07-09T10:14:59+00:00,2841315,"Ethereum Up or Down - July 9, 12:10AM-12:15AM ET",2026-07-09T04:15:00,0.1,0.495,BUY_YES,1,0,1,0.08,0.0,1.0,0.0,0.8,0.2903,True,0.0581,STREAK_MOM_5M
2026-07-09T10:14:59+00:00,2842567,"Ethereum Up or Down - July 9, 1:05AM-1:10AM ET",2026-07-09T05:10:00,0.1,0.495,BUY_YES,1,0,1,0.08,0.0,1.0,0.0,0.8,0.2903,True,0.0581,STREAK_MOM_5M
2026-07-09T10:14:59+00:00,2842617,"Ethereum Up or Down - July 9, 1:30AM-1:35AM ET",2026-07-09T05:35:00,0.1,0.505,BUY_NO,1,0,1,0.08,0.0,1.0,0.0,0.8,0.2903,True,0.0581,STREAK_MOM_5M
2026-07-09T10:14:59+00:00,2842834,"Solana Up or Down - July 9, 1:55AM-2:00AM ET",2026-07-09T06:00:00,0.1,0.495,BUY_YES,1,0,1,0.08,0.0,1.0,0.0,0.8,0.2903,True,0.0581,STREAK_MOM_5M
2026-07-09T10:14:59+00:00,2842852,"Solana Up or Down - July 9, 2:00AM-2:05AM ET",2026-07-09T06:05:00,0.1,0.495,BUY_YES,1,0,1,0.08,0.0,1.0,0.0,0.8,0.2903,True,0.0581,STREAK_MOM_5M
2026-07-09T10:14:59+00:00,2842861,"Ethereum Up or Down - July 9, 2:05AM-2:10AM ET",2026-07-09T06:10:00,0.1,0.495,BUY_YES,1,0,1,0.08,0.0,1.0,0.0,0.8,0.2903,True,0.0581,STREAK_MOM_5M
2026-07-09T10:14:59+00:00,2843003,"XRP Up or Down - July 9, 2:30AM-2:35AM ET",2026-07-09T06:35:00,0.1,0.495,BUY_YES,1,0,1,0.08,0.0,1.0,0.0,0.8,0.2903,True,0.0581,STREAK_MOM_5M
2026-07-09T10:14:59+00:00,2843014,"Solana Up or Down - July 9, 2:30AM-2:35AM ET",2026-07-09T06:35:00,0.1,0.495,BUY_YES,1,0,1,0.08,0.0,1.0,0.0,0.8,0.2903,True,0.0581,STREAK_MOM_5M
2026-07-09T10:14:59+00:00,2843491,"Solana Up or Down - July 9, 3:05AM-3:10AM ET",2026-07-09T07:10:00,0.1,0.495,BUY_YES,1,0,1,0.08,0.0,1.0,0.0,0.8,0.2903,True,0.0581,STREAK_MOM_5M
2026-07-09T10:14:59+00:00,2843680,"Solana Up or Down - July 9, 4:05AM-4:10AM ET",2026-07-09T08:10:00,0.1,0.505,BUY_NO,1,0,1,0.08,0.0,1.0,0.0,0.8,0.2903,True,0.0581,STREAK_MOM_5M
2026-07-09T10:14:59+00:00,2843738,"XRP Up or Down - July 9, 4:30AM-4:35AM ET",2026-07-09T08:35:00,0.1,0.495,BUY_YES,1,0,1,0.08,0.0,1.0,0.0,0.8,0.2903,True,0.0581,STREAK_MOM_5M
2026-07-09T10:14:59+00:00,2843861,"Solana Up or Down - July 9, 5:00AM-5:05AM ET",2026-07-09T09:05:00,0.1,0.505,BUY_NO,1,0,1,0.08,0.0,1.0,0.0,0.8,0.2903,True,0.0581,STREAK_MOM_5M
2026-07-09T10:14:59+00:00,2843871,"Solana Up or Down - July 9, 5:05AM-5:10AM ET",2026-07-09T09:10:00,0.1,0.505,BUY_NO,1,0,1,0.08,0.0,1.0,0.0,0.8,0.2903,True,0.0581,STREAK_MOM_5M
2026-07-09T10:14:59+00:00,2843872,"Ethereum Up or Down - July 9, 5:05AM-5:10AM ET",2026-07-09T09:10:00,0.1,0.505,BUY_NO,1,0,1,0.08,0.0,1.0,0.0,0.8,0.2903,True,0.0581,STREAK_MOM_5M
2026-07-09T10:14:59+00:00,2843876,"XRP Up or Down - July 9, 5:05AM-5:10AM ET",2026-07-09T09:10:00,0.1,0.505,BUY_NO,1,0,1,0.08,0.0,1.0,0.0,0.8,0.2903,True,0.0581,STREAK_MOM_5M
2026-07-09T10:14:59+00:00,2843904,"Solana Up or Down - July 9, 5:15AM-5:20AM ET",2026-07-09T09:20:00,0.1,0.505,BUY_NO,1,0,1,0.08,0.0,1.0,0.0,0.8,0.2903,True,0.0581,STREAK_MOM_5M
2026-07-09T10:14:59+00:00,2843913,"Solana Up or Down - July 9, 5:20AM-5:25AM ET",2026-07-09T09:25:00,0.1,0.505,BUY_NO,1,0,1,0.08,0.0,1.0,0.0,0.8,0.2903,True,0.0581,STREAK_MOM_5M
2026-07-09T10:14:59+00:00,2844028,"Solana Up or Down - July 9, 5:40AM-5:45AM ET",2026-07-09T09:45:00,0.1,0.495,BUY_YES,1,0,1,0.08,0.0,1.0,0.0,0.8,0.2903,True,0.0581,STREAK_MOM_5M
2026-07-09T10:14:59+00:00,2844186,"XRP Up or Down - July 9, 6:05AM-6:10AM ET",2026-07-09T10:10:00,0.1,0.495,BUY_YES,1,0,1,0.08,0.0,1.0,0.0,0.8,0.2903,True,0.0581,STREAK_MOM_5M
2026-07-09T10:14:59+00:00,2843479,"Ethereum Up or Down - July 9, 3:00AM-3:15AM ET",2026-07-09T07:15:00,0.2,0.895,BUY_NO,1,0,1,0.0695,0.0,1.0,0.0,0.8,0.2885,True,0.0577,GBM_LATE_15M
2026-07-09T10:14:59+00:00,2843011,"XRP Up or Down - July 9, 2:30AM-2:45AM ET",2026-07-09T06:45:00,0.2,0.495,BUY_NO,1,0,1,0.0688,0.0,1.0,0.0,0.8,0.2876,True,0.0575,GBM_LATE_15M
2026-07-09T10:14:59+00:00,2843668,"XRP Up or Down - July 9, 4:00AM-4:15AM ET",2026-07-09T08:15:00,0.2,0.495,BUY_NO,2,0,2,0.0333,0.0,1.0,0.0,0.8,0.2865,True,0.0573,LEADLAG_BTC_XRP_15M|GBM_LATE_15M
2026-07-09T10:14:59+00:00,2842615,"Ethereum Up or Down - July 9, 1:30AM-1:45AM ET",2026-07-09T05:45:00,0.2,0.505,BUY_NO,1,0,1,0.0672,0.0,1.0,0.0,0.8,0.2856,True,0.0571,GBM_LATE_15M
2026-07-09T10:14:59+00:00,2828029,"Solana Up or Down - July 9, 3AM ET",2026-07-09T08:00:00,0.3,0.125,BUY_YES,1,0,1,0.0821,0.0,1.0,0.0,0.8,0.2848,True,0.057,GBM_LATE_60M
2026-07-09T10:14:59+00:00,2840389,"Bitcoin Up or Down - July 8, 10:00PM-10:15PM ET",2026-07-09T02:15:00,0.1,0.715,BUY_YES,1,0,1,0.0663,0.0,1.0,0.0,0.8,0.2845,True,0.0569,GBM_LATE_15M
2026-07-09T10:14:59+00:00,2807489,"Will the price of Ethereum be above $1,700 on July 12?",2026-07-12T16:00:00,88.0,0.725,BUY_NO,1,0,1,0.0845,0.0,1.0,0.0,0.8,0.2841,True,0.0568,PRICE_TARGET_GBM
2026-07-09T10:14:59+00:00,2839881,"Solana Up or Down - July 8, 8:55PM-9:00PM ET",2026-07-09T01:00:00,0.1,0.5,BUY_YES,1,0,1,0.075,0.0,1.0,0.0,0.8,0.284,True,0.0568,STREAK_MOM_5M
2026-07-09T10:14:59+00:00,2839956,"Solana Up or Down - July 8, 9:05PM-9:10PM ET",2026-07-09T01:10:00,0.1,0.5,BUY_YES,1,0,1,0.075,0.0,1.0,0.0,0.8,0.284,True,0.0568,STREAK_MOM_5M
2026-07-09T10:14:59+00:00,2840090,"Solana Up or Down - July 8, 9:35PM-9:40PM ET",2026-07-09T01:40:00,0.1,0.5,BUY_NO,1,0,1,0.075,0.0,1.0,0.0,0.8,0.284,True,0.0568,STREAK_MOM_5M
2026-07-09T10:14:59+00:00,2840163,"Solana Up or Down - July 8, 9:45PM-9:50PM ET",2026-07-09T01:50:00,0.1,0.5,BUY_NO,1,0,1,0.075,0.0,1.0,0.0,0.8,0.284,True,0.0568,STREAK_MOM_5M
2026-07-09T10:14:59+00:00,2840166,"XRP Up or Down - July 8, 9:45PM-9:50PM ET",2026-07-09T01:50:00,0.1,0.5,BUY_NO,1,0,1,0.075,0.0,1.0,0.0,0.8,0.284,True,0.0568,STREAK_MOM_5M
2026-07-09T10:14:59+00:00,2840439,"Solana Up or Down - July 8, 10:15PM-10:20PM ET",2026-07-09T02:20:00,0.1,0.5,BUY_YES,1,0,1,0.075,0.0,1.0,0.0,0.8,0.284,True,0.0568,STREAK_MOM_5M
2026-07-09T10:14:59+00:00,2840447,"XRP Up or Down - July 8, 10:15PM-10:20PM ET",2026-07-09T02:20:00,0.1,0.5,BUY_YES,1,0,1,0.075,0.0,1.0,0.0,0.8,0.284,True,0.0568,STREAK_MOM_5M
2026-07-09T10:14:59+00:00,2840493,"XRP Up or Down - July 8, 10:30PM-10:35PM ET",2026-07-09T02:35:00,0.1,0.5,BUY_NO,1,0,1,0.075,0.0,1.0,0.0,0.8,0.284,True,0.0568,STREAK_MOM_5M
2026-07-09T10:14:59+00:00,2840498,"Solana Up or Down - July 8, 10:30PM-10:35PM ET",2026-07-09T02:35:00,0.1,0.5,BUY_NO,1,0,1,0.075,0.0,1.0,0.0,0.8,0.284,True,0.0568,STREAK_MOM_5M
2026-07-09T10:14:59+00:00,2840538,"Solana Up or Down - July 8, 10:35PM-10:40PM ET",2026-07-09T02:40:00,0.1,0.5,BUY_NO,1,0,1,0.075,0.0,1.0,0.0,0.8,0.284,True,0.0568,STREAK_MOM_5M
2026-07-09T10:14:59+00:00,2840541,"XRP Up or Down - July 8, 10:35PM-10:40PM ET",2026-07-09T02:40:00,0.1,0.5,BUY_NO,1,0,1,0.075,0.0,1.0,0.0,0.8,0.284,True,0.0568,STREAK_MOM_5M
2026-07-09T10:14:59+00:00,2841489,"XRP Up or Down - July 9, 12:40AM-12:45AM ET",2026-07-09T04:45:00,0.1,0.5,BUY_YES,1,0,1,0.075,0.0,1.0,0.0,0.8,0.284,True,0.0568,STREAK_MOM_5M
2026-07-09T10:14:59+00:00,2841491,"Solana Up or Down - July 9, 12:40AM-12:45AM ET",2026-07-09T04:45:00,0.1,0.5,BUY_YES,1,0,1,0.075,0.0,1.0,0.0,0.8,0.284,True,0.0568,STREAK_MOM_5M
2026-07-09T10:14:59+00:00,2841502,"Solana Up or Down - July 9, 12:45AM-12:50AM ET",2026-07-09T04:50:00,0.1,0.5,BUY_YES,1,0,1,0.075,0.0,1.0,0.0,0.8,0.284,True,0.0568,STREAK_MOM_5M
2026-07-09T10:14:59+00:00,2842691,"XRP Up or Down - July 9, 1:50AM-1:55AM ET",2026-07-09T05:55:00,0.1,0.5,BUY_YES,1,0,1,0.075,0.0,1.0,0.0,0.8,0.284,True,0.0568,STREAK_MOM_5M
2026-07-09T10:14:59+00:00,2842692,"Solana Up or Down - July 9, 1:50AM-1:55AM ET",2026-07-09T05:55:00,0.1,0.5,BUY_YES,1,0,1,0.075,0.0,1.0,0.0,0.8,0.284,True,0.0568,STREAK_MOM_5M
2026-07-09T10:14:59+00:00,2842997,"Solana Up or Down - July 9, 2:25AM-2:30AM ET",2026-07-09T06:30:00,0.1,0.5,BUY_YES,1,0,1,0.075,0.0,1.0,0.0,0.8,0.284,True,0.0568,STREAK_MOM_5M
2026-07-09T10:14:59+00:00,2843513,"XRP Up or Down - July 9, 3:15AM-3:20AM ET",2026-07-09T07:20:00,0.1,0.5,BUY_NO,1,0,1,0.075,0.0,1.0,0.0,0.8,0.284,True,0.0568,STREAK_MOM_5M
2026-07-09T10:14:59+00:00,2843620,"Solana Up or Down - July 9, 3:50AM-3:55AM ET",2026-07-09T07:55:00,0.1,0.5,BUY_YES,1,0,1,0.075,0.0,1.0,0.0,0.8,0.284,True,0.0568,STREAK_MOM_5M
2026-07-09T10:14:59+00:00,2843731,"Solana Up or Down - July 9, 4:30AM-4:35AM ET",2026-07-09T08:35:00,0.1,0.5,BUY_YES,1,0,1,0.075,0.0,1.0,0.0,0.8,0.284,True,0.0568,STREAK_MOM_5M
2026-07-09T10:14:59+00:00,2843849,"Solana Up or Down - July 9, 4:55AM-5:00AM ET",2026-07-09T09:00:00,0.1,0.5,BUY_NO,1,0,1,0.075,0.0,1.0,0.0,0.8,0.284,True,0.0568,STREAK_MOM_5M
2026-07-09T10:14:59+00:00,2843885,"Solana Up or Down - July 9, 5:10AM-5:15AM ET",2026-07-09T09:15:00,0.1,0.5,BUY_NO,1,0,1,0.075,0.0,1.0,0.0,0.8,0.284,True,0.0568,STREAK_MOM_5M
2026-07-09T10:14:59+00:00,2843887,"XRP Up or Down - July 9, 5:10AM-5:15AM ET",2026-07-09T09:15:00,0.1,0.5,BUY_NO,1,0,1,0.075,0.0,1.0,0.0,0.8,0.284,True,0.0568,STREAK_MOM_5M
2026-07-09T10:14:59+00:00,2844033,"Ethereum Up or Down - July 9, 5:40AM-5:45AM ET",2026-07-09T09:45:00,0.1,0.5,BUY_YES,1,0,1,0.075,0.0,1.0,0.0,0.8,0.284,True,0.0568,STREAK_MOM_5M
2026-07-09T10:14:59+00:00,2844037,"XRP Up or Down - July 9, 5:45AM-5:50AM ET",2026-07-09T09:50:00,0.1,0.5,BUY_NO,1,0,1,0.075,0.0,1.0,0.0,0.8,0.284,True,0.0568,STREAK_MOM_5M
2026-07-09T10:14:59+00:00,2844173,"XRP Up or Down - July 9, 6:00AM-6:05AM ET",2026-07-09T10:05:00,0.1,0.5,BUY_YES,1,0,1,0.075,0.0,1.0,0.0,0.8,0.284,True,0.0568,STREAK_MOM_5M
2026-07-09T10:14:59+00:00,2844179,"Solana Up or Down - July 9, 6:00AM-6:05AM ET",2026-07-09T10:05:00,0.1,0.5,BUY_YES,1,0,1,0.075,0.0,1.0,0.0,0.8,0.284,True,0.0568,STREAK_MOM_5M
2026-07-09T10:14:59+00:00,2843543,"Bitcoin Up or Down - July 9, 3:30AM-3:45AM ET",2026-07-09T07:45:00,0.2,0.485,BUY_NO,1,0,1,0.0651,0.0,1.0,0.0,0.8,0.283,True,0.0566,GBM_LATE_15M
2026-07-09T10:14:59+00:00,2843903,"Bitcoin Up or Down - July 9, 5:15AM-5:30AM ET",2026-07-09T09:30:00,0.1,0.575,BUY_YES,1,0,1,0.0649,0.0,1.0,0.0,0.8,0.2828,True,0.0566,GBM_LATE_15M
2026-07-09T10:14:59+00:00,2840196,"Bitcoin Up or Down - July 8, 9:55PM-10:00PM ET",2026-07-09T02:00:00,0.1,0.525,BUY_NO,1,0,1,0.0713,0.0,1.0,0.0,0.8,0.2824,True,0.0565,ORDER_FLOW_5M
2026-07-09T10:14:59+00:00,2840044,"Bitcoin Up or Down - July 8, 9:30PM-9:45PM ET",2026-07-09T01:45:00,0.2,0.505,BUY_NO,1,0,1,0.064,0.0,1.0,0.0,0.8,0.2816,True,0.0563,GBM_LATE_15M
2026-07-09T10:14:59+00:00,2843816,"XRP Up or Down - July 9, 4:45AM-5:00AM ET",2026-07-09T09:00:00,0.2,0.505,BUY_YES,1,0,1,0.0625,0.0,1.0,0.0,0.8,0.2798,True,0.056,GBM_LATE_15M
2026-07-09T10:14:59+00:00,2839780,"XRP Up or Down - July 8, 8:45PM-9:00PM ET",2026-07-09T01:00:00,0.2,0.505,BUY_YES,1,0,1,0.061,0.0,1.0,0.0,0.8,0.2779,True,0.0556,GBM_LATE_15M
2026-07-09T10:14:59+00:00,2840089,"Ethereum Up or Down - July 8, 9:35PM-9:40PM ET",2026-07-09T01:40:00,0.1,0.495,BUY_NO,1,0,1,0.07,0.0,1.0,0.0,0.8,0.2778,True,0.0556,STREAK_MOM_5M
2026-07-09T10:14:59+00:00,2840099,"Ethereum Up or Down - July 8, 9:40PM-9:45PM ET",2026-07-09T01:45:00,0.1,0.495,BUY_NO,1,0,1,0.07,0.0,1.0,0.0,0.8,0.2778,True,0.0556,STREAK_MOM_5M
2026-07-09T10:14:59+00:00,2840167,"Ethereum Up or Down - July 8, 9:45PM-9:50PM ET",2026-07-09T01:50:00,0.1,0.495,BUY_NO,1,0,1,0.07,0.0,1.0,0.0,0.8,0.2778,True,0.0556,STREAK_MOM_5M
2026-07-09T10:14:59+00:00,2840452,"Ethereum Up or Down - July 8, 10:15PM-10:20PM ET",2026-07-09T02:20:00,0.1,0.505,BUY_YES,1,0,1,0.07,0.0,1.0,0.0,0.8,0.2778,True,0.0556,STREAK_MOM_5M
2026-07-09T10:14:59+00:00,2840774,"Ethereum Up or Down - July 8, 11:35PM-11:40PM ET",2026-07-09T03:40:00,0.1,0.505,BUY_YES,1,0,1,0.07,0.0,1.0,0.0,0.8,0.2778,True,0.0556,STREAK_MOM_5M
2026-07-09T10:14:59+00:00,2841309,"Ethereum Up or Down - July 9, 12:05AM-12:10AM ET",2026-07-09T04:10:00,0.1,0.505,BUY_YES,1,0,1,0.07,0.0,1.0,0.0,0.8,0.2778,True,0.0556,STREAK_MOM_5M
2026-07-09T10:14:59+00:00,2841425,"XRP Up or Down - July 9, 12:25AM-12:30AM ET",2026-07-09T04:30:00,0.1,0.495,BUY_NO,1,0,1,0.07,0.0,1.0,0.0,0.8,0.2778,True,0.0556,STREAK_MOM_5M
2026-07-09T10:14:59+00:00,2841486,"Ethereum Up or Down - July 9, 12:40AM-12:45AM ET",2026-07-09T04:45:00,0.1,0.505,BUY_YES,1,0,1,0.07,0.0,1.0,0.0,0.8,0.2778,True,0.0556,STREAK_MOM_5M
2026-07-09T10:14:59+00:00,2841496,"Ethereum Up or Down - July 9, 12:45AM-12:50AM ET",2026-07-09T04:50:00,0.1,0.505,BUY_YES,1,0,1,0.07,0.0,1.0,0.0,0.8,0.2778,True,0.0556,STREAK_MOM_5M
2026-07-09T10:14:59+00:00,2842679,"Ethereum Up or Down - July 9, 1:45AM-1:50AM ET",2026-07-09T05:50:00,0.1,0.505,BUY_YES,1,0,1,0.07,0.0,1.0,0.0,0.8,0.2778,True,0.0556,STREAK_MOM_5M
2026-07-09T10:14:59+00:00,2842688,"Ethereum Up or Down - July 9, 1:50AM-1:55AM ET",2026-07-09T05:55:00,0.1,0.505,BUY_YES,1,0,1,0.07,0.0,1.0,0.0,0.8,0.2778,True,0.0556,STREAK_MOM_5M
2026-07-09T10:14:59+00:00,2842847,"Ethereum Up or Down - July 9, 2:00AM-2:05AM ET",2026-07-09T06:05:00,0.1,0.505,BUY_YES,1,0,1,0.07,0.0,1.0,0.0,0.8,0.2778,True,0.0556,STREAK_MOM_5M
2026-07-09T10:14:59+00:00,2842983,"XRP Up or Down - July 9, 2:15AM-2:20AM ET",2026-07-09T06:20:00,0.1,0.495,BUY_NO,1,0,1,0.07,0.0,1.0,0.0,0.8,0.2778,True,0.0556,STREAK_MOM_5M
2026-07-09T10:14:59+00:00,2843000,"Ethereum Up or Down - July 9, 2:25AM-2:30AM ET",2026-07-09T06:30:00,0.1,0.505,BUY_YES,1,0,1,0.07,0.0,1.0,0.0,0.8,0.2778,True,0.0556,STREAK_MOM_5M
2026-07-09T10:14:59+00:00,2843012,"Ethereum Up or Down - July 9, 2:30AM-2:35AM ET",2026-07-09T06:35:00,0.1,0.505,BUY_YES,1,0,1,0.07,0.0,1.0,0.0,0.8,0.2778,True,0.0556,STREAK_MOM_5M
2026-07-09T10:14:59+00:00,2843678,"XRP Up or Down - July 9, 4:05AM-4:10AM ET",2026-07-09T08:10:00,0.1,0.495,BUY_NO,1,0,1,0.07,0.0,1.0,0.0,0.8,0.2778,True,0.0556,STREAK_MOM_5M
2026-07-09T10:14:59+00:00,2843737,"Ethereum Up or Down - July 9, 4:30AM-4:35AM ET",2026-07-09T08:35:00,0.1,0.505,BUY_YES,1,0,1,0.07,0.0,1.0,0.0,0.8,0.2778,True,0.0556,STREAK_MOM_5M
2026-07-09T10:14:59+00:00,2843921,"Solana Up or Down - July 9, 5:25AM-5:30AM ET",2026-07-09T09:30:00,0.1,0.495,BUY_NO,1,0,1,0.07,0.0,1.0,0.0,0.8,0.2778,True,0.0556,STREAK_MOM_5M
2026-07-09T10:14:59+00:00,2844194,"XRP Up or Down - July 9, 6:10AM-6:15AM ET",2026-07-09T10:15:00,0.1,0.505,BUY_YES,1,0,1,0.07,0.0,1.0,0.0,0.8,0.2778,True,0.0556,STREAK_MOM_5M
2026-07-09T10:14:59+00:00,2839902,"Ethereum Up or Down - July 8, 9:00PM-9:15PM ET",2026-07-09T01:15:00,0.1,0.755,BUY_NO,1,1,2,0.1796,0.9977,0.0023,0.0,0.8,0.2765,True,0.0553,GBM_LATE_15M
2026-07-09T10:14:59+00:00,2843540,"Solana Up or Down - July 9, 3:30AM-3:45AM ET",2026-07-09T07:45:00,0.2,0.525,BUY_NO,1,0,1,0.0583,0.0,1.0,0.0,0.8,0.2745,True,0.0549,GBM_LATE_15M
2026-07-09T10:14:59+00:00,2833078,"Will the price of Ethereum be above $1,700 on July 14?",2026-07-14T16:00:00,136.0,0.67,BUY_NO,1,0,1,0.0765,0.0,1.0,0.0,0.8,0.2741,True,0.0548,PRICE_TARGET_GBM
2026-07-09T10:14:59+00:00,2818009,"Will the price of Ethereum be above $1,700 on July 13?",2026-07-13T16:00:00,112.0,0.69,BUY_NO,1,0,1,0.0761,0.0,1.0,0.0,0.8,0.2736,True,0.0547,PRICE_TARGET_GBM
2026-07-09T10:14:59+00:00,2842672,"XRP Up or Down - July 9, 1:45AM-2:00AM ET",2026-07-09T06:00:00,0.2,0.495,BUY_YES,1,0,1,0.0561,0.0,1.0,0.0,0.8,0.2718,True,0.0544,GBM_LATE_15M
2026-07-09T10:14:59+00:00,2818015,"Will the price of Bitcoin be between $64,000 and $66,000 on July 13?",2026-07-13T16:00:00,112.0,0.165,BUY_NO,1,0,1,0.06,0.0,1.0,0.0,0.8,0.2698,True,0.054,WEEKLY_PRICE
2026-07-09T10:14:59+00:00,2843728,"Solana Up or Down - July 9, 4:30AM-4:45AM ET",2026-07-09T08:45:00,0.2,0.535,BUY_NO,1,0,1,0.0532,0.0,1.0,0.0,0.8,0.2681,True,0.0536,GBM_LATE_15M
2026-07-09T10:14:59+00:00,2840793,"Ethereum Up or Down - July 8, 11:45PM-12:00AM ET",2026-07-09T04:00:00,0.1,0.305,BUY_NO,2,1,3,0.1385,0.9542,0.0458,0.0,0.8,0.2662,True,0.0532,UPDOWN_GBM|STREAK_FADE_15M
2026-07-09T10:14:59+00:00,2807490,"Will the price of Bitcoin be between $64,000 and $66,000 on July 12?",2026-07-12T16:00:00,88.0,0.16,BUY_NO,1,0,1,0.055,0.0,1.0,0.0,0.8,0.2635,True,0.0527,WEEKLY_PRICE
2026-07-09T10:14:59+00:00,2843603,"Bitcoin Up or Down - July 9, 3:45AM-4:00AM ET",2026-07-09T08:00:00,0.2,0.695,BUY_YES,1,0,1,0.0482,0.0,1.0,0.0,0.8,0.2619,True,0.0524,GBM_LATE_15M
2026-07-09T10:14:59+00:00,2843404,"XRP Up or Down - July 9, 2:45AM-3:00AM ET",2026-07-09T07:00:00,0.2,0.49,BUY_YES,1,0,1,0.0477,0.0,1.0,0.0,0.8,0.2613,True,0.0523,GBM_LATE_15M
2026-07-09T10:14:59+00:00,2824358,"Ethereum Up or Down - July 8, 8PM ET",2026-07-09T01:00:00,0.3,0.345,BUY_YES,1,0,1,0.0627,0.0,1.0,0.0,0.8,0.2606,True,0.0521,GBM_LATE_60M
2026-07-09T10:14:59+00:00,2840805,"Bitcoin Up or Down - July 8, 11:50PM-11:55PM ET",2026-07-09T03:55:00,0.1,0.505,BUY_NO,1,0,1,0.0518,0.0,1.0,0.0,0.8,0.2581,True,0.0516,ORDER_FLOW_5M
2026-07-09T10:14:59+00:00,2839984,"XRP Up or Down - July 8, 9:15PM-9:30PM ET",2026-07-09T01:30:00,0.2,0.495,BUY_YES,1,0,1,0.045,0.0,1.0,0.0,0.8,0.2579,True,0.0516,GBM_LATE_15M
2026-07-09T10:14:59+00:00,2840792,"Solana Up or Down - July 8, 11:45PM-12:00AM ET",2026-07-09T04:00:00,0.1,0.475,BUY_YES,1,0,1,0.045,0.0,1.0,0.0,0.8,0.2579,True,0.0516,GBM_LATE_15M
2026-07-09T10:14:59+00:00,2827855,"Solana Up or Down - July 9, 2AM ET",2026-07-09T07:00:00,0.3,0.425,BUY_YES,1,0,1,0.0605,0.0,1.0,0.0,0.8,0.2578,True,0.0516,GBM_LATE_60M
2026-07-09T10:14:59+00:00,2840684,"Bitcoin Up or Down - July 8, 11:10PM-11:15PM ET",2026-07-09T03:15:00,0.1,0.505,BUY_NO,1,0,1,0.0513,0.0,1.0,0.0,0.8,0.2574,True,0.0515,ORDER_FLOW_5M
2026-07-09T10:14:59+00:00,2769772,"Will the price of Ethereum be between $1,700 and $1,800 on July 9?",2026-07-09T16:00:00,16.0,0.825,BUY_YES,1,0,1,0.05,0.0,1.0,0.0,0.8,0.2573,True,0.0515,WEEKLY_PRICE
2026-07-09T10:14:59+00:00,2833084,"Will the price of Bitcoin be between $64,000 and $66,000 on July 14?",2026-07-14T16:00:00,136.0,0.155,BUY_NO,1,0,1,0.05,0.0,1.0,0.0,0.8,0.2573,True,0.0515,WEEKLY_PRICE
2026-07-09T10:14:59+00:00,2840448,"XRP Up or Down - July 8, 10:15PM-10:30PM ET",2026-07-09T02:30:00,0.2,0.525,BUY_NO,1,0,1,0.0445,0.0,1.0,0.0,0.8,0.2573,True,0.0515,GBM_LATE_15M
2026-07-09T10:14:59+00:00,2841295,"XRP Up or Down - July 9, 12:00AM-12:15AM ET",2026-07-09T04:15:00,0.2,0.475,BUY_NO,1,0,1,0.0445,0.0,1.0,0.0,0.8,0.2573,True,0.0515,GBM_LATE_15M
2026-07-09T10:14:59+00:00,2843475,"XRP Up or Down - July 9, 3:00AM-3:15AM ET",2026-07-09T07:15:00,0.2,0.495,BUY_YES,1,0,1,0.0444,0.0,1.0,0.0,0.8,0.2571,True,0.0514,GBM_LATE_15M
2026-07-09T10:14:59+00:00,2843732,"XRP Up or Down - July 9, 4:30AM-4:45AM ET",2026-07-09T08:45:00,0.2,0.505,BUY_NO,1,0,1,0.0435,0.0,1.0,0.0,0.8,0.256,True,0.0512,GBM_LATE_15M
2026-07-09T10:14:59+00:00,2839597,"Bitcoin Up or Down - July 8, 8:15PM-8:30PM ET",2026-07-09T00:30:00,0.2,0.505,BUY_YES,1,0,1,0.0417,0.0,1.0,0.0,0.8,0.2538,True,0.0508,GBM_LATE_15M
2026-07-09T10:14:59+00:00,2839529,"XRP Up or Down - July 8, 8:00PM-8:15PM ET",2026-07-09T00:15:00,0.2,0.525,BUY_NO,1,0,1,0.041,0.0,1.0,0.0,0.8,0.2529,True,0.0506,GBM_LATE_15M
2026-07-09T10:14:59+00:00,2843826,"Solana Up or Down - July 9, 4:45AM-5:00AM ET",2026-07-09T09:00:00,0.2,0.495,BUY_NO,1,0,1,0.0408,0.0,1.0,0.0,0.8,0.2526,True,0.0505,GBM_LATE_15M
2026-07-09T10:14:59+00:00,2842612,"Bitcoin Up or Down - July 9, 1:30AM-1:45AM ET",2026-07-09T05:45:00,0.2,0.485,BUY_NO,1,0,1,0.0401,0.0,1.0,0.0,0.8,0.2518,True,0.0504,GBM_LATE_15M
2026-07-09T10:14:59+00:00,2841284,"Solana Up or Down - July 9, 12:00AM-12:15AM ET",2026-07-09T04:15:00,0.2,0.475,BUY_NO,1,0,1,0.0396,0.0,1.0,0.0,0.8,0.2511,True,0.0502,GBM_LATE_15M
2026-07-09T10:14:59+00:00,2841494,"Ethereum Up or Down - July 9, 12:45AM-1:00AM ET",2026-07-09T05:00:00,0.2,0.485,BUY_NO,1,0,1,0.0395,0.0,1.0,0.0,0.8,0.251,True,0.0502,GBM_LATE_15M
2026-07-09T10:14:59+00:00,2839621,"Solana Up or Down - July 8, 8:30PM-8:45PM ET",2026-07-09T00:45:00,0.2,0.395,BUY_YES,1,0,1,0.0394,0.0,1.0,0.0,0.8,0.2509,True,0.0502,GBM_LATE_15M
2026-07-09T10:14:59+00:00,2839622,"XRP Up or Down - July 8, 8:30PM-8:45PM ET",2026-07-09T00:45:00,0.2,0.505,BUY_NO,1,0,1,0.039,0.0,1.0,0.0,0.8,0.2504,True,0.0501,GBM_LATE_15M
2026-07-09T10:14:59+00:00,2840000,"Solana Up or Down - July 8, 9:20PM-9:25PM ET",2026-07-09T01:25:00,0.1,0.5,BUY_NO,1,0,1,0.0453,0.0,1.0,0.0,0.8,0.2499,True,0.05,ORDER_FLOW_5M
2026-07-09T10:14:59+00:00,2843510,"Solana Up or Down - July 9, 3:15AM-3:30AM ET",2026-07-09T07:30:00,0.2,0.505,BUY_NO,1,0,1,0.0374,0.0,1.0,0.0,0.8,0.2484,True,0.0497,GBM_LATE_15M
2026-07-09T10:14:59+00:00,2842620,"XRP Up or Down - July 9, 1:30AM-1:45AM ET",2026-07-09T05:45:00,0.2,0.505,BUY_NO,1,0,1,0.0353,0.0,1.0,0.0,0.8,0.2458,True,0.0492,GBM_LATE_15M
2026-07-09T10:14:59+00:00,2840028,"Bitcoin Up or Down - July 8, 9:25PM-9:30PM ET",2026-07-09T01:30:00,0.1,0.495,BUY_NO,1,0,1,0.0413,0.0,1.0,0.0,0.8,0.2449,True,0.049,ORDER_FLOW_5M
2026-07-09T10:14:59+00:00,2784718,"Will the price of Ethereum be between $1,800 and $1,900 on July 10?",2026-07-10T16:00:00,40.0,0.145,BUY_NO,1,0,1,0.04,0.0,1.0,0.0,0.8,0.2448,True,0.049,WEEKLY_PRICE
2026-07-09T10:14:59+00:00,2840795,"XRP Up or Down - July 8, 11:45PM-12:00AM ET",2026-07-09T04:00:00,0.1,0.495,BUY_YES,1,0,1,0.0344,0.0,1.0,0.0,0.8,0.2446,True,0.0489,GBM_LATE_15M
2026-07-09T10:14:59+00:00,2840625,"XRP Up or Down - July 8, 10:45PM-11:00PM ET",2026-07-09T03:00:00,0.2,0.495,BUY_NO,1,0,1,0.0328,0.0,1.0,0.0,0.8,0.2426,True,0.0485,GBM_LATE_15M
2026-07-09T10:14:59+00:00,2842849,"Solana Up or Down - July 9, 2:00AM-2:15AM ET",2026-07-09T06:15:00,0.2,0.51,BUY_NO,1,0,1,0.0321,0.0,1.0,0.0,0.8,0.2418,True,0.0484,GBM_LATE_15M
2026-07-09T10:14:59+00:00,2840696,"Solana Up or Down - July 8, 11:15PM-11:30PM ET",2026-07-09T03:30:00,0.2,0.545,BUY_NO,1,1,2,0.1513,0.9977,0.0023,0.0,0.8,0.2411,True,0.0482,GBM_LATE_15M
2026-07-09T10:14:59+00:00,2841503,"XRP Up or Down - July 9, 12:45AM-1:00AM ET",2026-07-09T05:00:00,0.2,0.495,BUY_NO,1,0,1,0.0315,0.0,1.0,0.0,0.8,0.241,True,0.0482,GBM_LATE_15M
2026-07-09T10:14:59+00:00,2843008,"Solana Up or Down - July 9, 2:30AM-2:45AM ET",2026-07-09T06:45:00,0.2,0.485,BUY_NO,1,0,1,0.0312,0.0,1.0,0.0,0.8,0.2406,True,0.0481,GBM_LATE_15M
2026-07-09T10:14:59+00:00,2842846,"XRP Up or Down - July 9, 2:00AM-2:15AM ET",2026-07-09T06:15:00,0.2,0.485,BUY_YES,1,0,1,0.0309,0.0,1.0,0.0,0.8,0.2403,True,0.0481,GBM_LATE_15M
2026-07-09T10:14:59+00:00,2843500,"XRP Up or Down - July 9, 3:15AM-3:30AM ET",2026-07-09T07:30:00,0.2,0.495,BUY_YES,1,0,1,0.0308,0.0,1.0,0.0,0.8,0.2401,True,0.048,GBM_LATE_15M
2026-07-09T10:14:59+00:00,2843933,"Solana Up or Down - July 9, 5:30AM-5:45AM ET",2026-07-09T09:45:00,0.2,0.525,BUY_YES,1,0,1,0.0307,0.0,1.0,0.0,0.8,0.24,True,0.048,GBM_LATE_15M
2026-07-09T10:14:59+00:00,2840790,"Bitcoin Up or Down - July 8, 11:45PM-12:00AM ET",2026-07-09T04:00:00,0.2,0.495,BUY_NO,1,0,1,0.0306,0.0,1.0,0.0,0.8,0.2399,True,0.048,GBM_LATE_15M
2026-07-09T10:14:59+00:00,2795856,"Will the price of Ethereum be above $1,700 on July 11?",2026-07-11T16:00:00,64.0,0.745,BUY_NO,1,0,1,0.0487,0.0,1.0,0.0,0.8,0.2394,True,0.0479,PRICE_TARGET_GBM
2026-07-09T10:14:59+00:00,2842986,"XRP Up or Down - July 9, 2:15AM-2:30AM ET",2026-07-09T06:30:00,0.2,0.495,BUY_YES,1,0,1,0.0301,0.0,1.0,0.0,0.8,0.2393,True,0.0479,GBM_LATE_15M
2026-07-09T10:14:59+00:00,2843859,"XRP Up or Down - July 9, 5:00AM-5:15AM ET",2026-07-09T09:15:00,0.2,0.5,BUY_NO,1,0,1,0.0296,0.0,1.0,0.0,0.8,0.2386,True,0.0477,GBM_LATE_15M
2026-07-09T10:14:59+00:00,2795869,"Will the price of Bitcoin be between $64,000 and $66,000 on July 11?",2026-07-11T16:00:00,64.0,0.14,BUY_NO,1,0,1,0.035,0.0,1.0,0.0,0.8,0.2385,True,0.0477,WEEKLY_PRICE
2026-07-09T10:14:59+00:00,2842616,"Solana Up or Down - July 9, 1:30AM-1:45AM ET",2026-07-09T05:45:00,0.2,0.495,BUY_NO,1,0,1,0.0291,0.0,1.0,0.0,0.8,0.238,True,0.0476,GBM_LATE_15M
2026-07-09T10:14:59+00:00,2842562,"Solana Up or Down - July 9, 1:00AM-1:15AM ET",2026-07-09T05:15:00,0.2,0.415,BUY_NO,1,0,1,0.0285,0.0,1.0,0.0,0.8,0.2373,True,0.0475,GBM_LATE_15M
2026-07-09T10:14:59+00:00,2843659,"Bitcoin Up or Down - July 9, 4:00AM-4:15AM ET",2026-07-09T08:15:00,0.2,0.465,BUY_NO,1,0,1,0.0281,0.0,1.0,0.0,0.8,0.2368,True,0.0474,GBM_LATE_15M
2026-07-09T10:14:59+00:00,2840170,"Solana Up or Down - July 8, 9:45PM-10:00PM ET",2026-07-09T02:00:00,0.2,0.505,BUY_NO,1,0,1,0.0272,0.0,1.0,0.0,0.8,0.2356,True,0.0471,GBM_LATE_15M
2026-07-09T10:14:59+00:00,2840659,"Ethereum Up or Down - July 8, 11:00PM-11:15PM ET",2026-07-09T03:15:00,0.1,0.315,BUY_NO,1,0,1,0.0268,0.0,1.0,0.0,0.8,0.2351,True,0.047,GBM_LATE_15M
2026-07-09T10:14:59+00:00,2840699,"XRP Up or Down - July 8, 11:15PM-11:30PM ET",2026-07-09T03:30:00,0.2,0.505,BUY_YES,1,0,1,0.0266,0.0,1.0,0.0,0.8,0.2349,True,0.047,GBM_LATE_15M
2026-07-09T10:14:59+00:00,2833075,"Will the price of Bitcoin be between $58,000 and $60,000 on July 14?",2026-07-14T16:00:00,136.0,0.135,BUY_NO,1,0,1,0.03,0.0,1.0,0.0,0.8,0.2323,True,0.0465,WEEKLY_PRICE
2026-07-09T10:14:59+00:00,2784640,"Will the price of Bitcoin be between $64,000 and $66,000 on July 10?",2026-07-10T16:00:00,40.0,0.13,BUY_NO,1,0,1,0.025,0.0,1.0,0.0,0.8,0.226,True,0.0452,WEEKLY_PRICE
2026-07-09T10:14:59+00:00,2843545,"XRP Up or Down - July 9, 3:30AM-3:45AM ET",2026-07-09T07:45:00,0.2,0.505,BUY_NO,1,1,2,0.0801,0.9977,0.0023,0.0,0.8,0.1521,True,0.0304,GBM_LATE_15M
2026-07-09T10:14:59+00:00,2840171,"XRP Up or Down - July 8, 9:45PM-10:00PM ET",2026-07-09T02:00:00,0.2,0.49,BUY_YES,1,1,2,0.046,0.9884,0.0116,0.0,0.8,0.1109,True,0.0222,GBM_LATE_15M
2026-07-09T10:14:59+00:00,2839896,"Solana Up or Down - July 8, 9:00PM-9:05PM ET",2026-07-09T01:05:00,0.1,0.5,BUY_NO,1,1,2,0.0459,0.9991,0.0009,0.0,0.8,0.1008,True,0.0202,ORDER_FLOW_5M
2026-07-09T10:14:59+00:00,2843703,"XRP Up or Down - July 9, 4:15AM-4:30AM ET",2026-07-09T08:30:00,0.2,0.505,BUY_YES,1,1,2,0.0352,0.9945,0.0055,0.0,0.8,0.0965,True,0.0193,GBM_LATE_15M
2026-07-09T10:14:59+00:00,2839771,"Ethereum Up or Down - July 8, 8:45PM-9:00PM ET",2026-07-09T01:00:00,0.2,0.505,BUY_YES,1,1,2,0.0301,0.9884,0.0116,0.0,0.8,0.091,True,0.0182,GBM_LATE_15M
