timestamp_utc,plataforma_a,plataforma_b,activo,similitud,titulo_a,titulo_b,price_yes_a,price_yes_b,gap_pct,coste_arb,profit_bruto,profit_neto,accionable,plat_compra_yes,plat_compra_no,liq_a,liq_b,fecha_a,fecha_b,url_a,url_b,AVISO
2026-07-03T00:10:13+00:00,Polymarket,Kalshi,BTC,0.8,"Will the price of Bitcoin be above $62,000 on July 3?","Bitcoin price on Jul 3, 2026?",0.3025,0.655,35.25,0.6475,35.25,33.25,True,Polymarket,Kalshi,24048.65208,0.0,2026-07-03,2026-07-03,https://polymarket.com/event/2694698,https://kalshi.com/markets/KXBTCD-26JUL0317-T60999.99,SOLO OBSERVACION — validar resolucion antes de operar
2026-07-03T00:10:13+00:00,Polymarket,Kalshi,BTC,0.75,"Will the price of Bitcoin be above $62,000 on July 4?","Bitcoin price on Jul 3, 2026?",0.355,0.045,31.0,0.69,31.0,29.0,True,Kalshi,Polymarket,25730.2443,0.0,2026-07-04,2026-07-03,https://polymarket.com/event/2710388,https://kalshi.com/markets/KXBTCD-26JUL0317-T62999.99,SOLO OBSERVACION — validar resolucion antes de operar
2026-07-03T00:10:13+00:00,Polymarket,Kalshi,ETH,0.8,"Will the price of Ethereum be above $1,700 on July 3?","Ethereum price at Jul 3, 2026 at 5pm EDT?",0.5,0.81,31.0,0.69,31.0,29.0,True,Polymarket,Kalshi,21968.428,0.0,2026-07-03,2026-07-03,https://polymarket.com/event/2694618,https://kalshi.com/markets/KXETHD-26JUL0317-T1669.99,SOLO OBSERVACION — validar resolucion antes de operar
2026-07-03T00:10:13+00:00,Polymarket,Kalshi,ETH,0.75,"Will the price of Ethereum be above $1,700 on July 4?","Ethereum price at Jul 3, 2026 at 5pm EDT?",0.505,0.81,30.5,0.695,30.5,28.5,True,Polymarket,Kalshi,18758.6486,0.0,2026-07-04,2026-07-03,https://polymarket.com/event/2710332,https://kalshi.com/markets/KXETHD-26JUL0317-T1669.99,SOLO OBSERVACION — validar resolucion antes de operar
2026-07-03T00:10:13+00:00,Polymarket,Kalshi,BTC,0.8,"Will the price of Bitcoin be above $60,000 on July 3?","Bitcoin price on Jul 3, 2026?",0.955,0.655,30.0,0.7,30.0,28.0,True,Kalshi,Polymarket,29936.2286,0.0,2026-07-03,2026-07-03,https://polymarket.com/event/2694694,https://kalshi.com/markets/KXBTCD-26JUL0317-T60999.99,SOLO OBSERVACION — validar resolucion antes de operar
2026-07-03T00:10:13+00:00,Polymarket,Kalshi,BTC,0.75,"Will the price of Bitcoin be above $62,000 on July 4?","Bitcoin price on Jul 3, 2026?",0.355,0.655,30.0,0.7,30.0,28.0,True,Polymarket,Kalshi,25730.2443,0.0,2026-07-04,2026-07-03,https://polymarket.com/event/2710388,https://kalshi.com/markets/KXBTCD-26JUL0317-T60999.99,SOLO OBSERVACION — validar resolucion antes de operar
2026-07-03T00:10:13+00:00,Polymarket,Kalshi,BTC,0.75,"Will the price of Bitcoin be above $60,000 on July 4?","Bitcoin price on Jul 3, 2026?",0.915,0.655,26.0,0.74,26.0,24.0,True,Kalshi,Polymarket,23154.9189,0.0,2026-07-04,2026-07-03,https://polymarket.com/event/2710385,https://kalshi.com/markets/KXBTCD-26JUL0317-T60999.99,SOLO OBSERVACION — validar resolucion antes de operar
2026-07-03T00:10:13+00:00,Polymarket,Kalshi,BTC,0.8,"Will the price of Bitcoin be above $62,000 on July 3?","Bitcoin price on Jul 3, 2026?",0.3025,0.045,25.75,0.7425,25.75,23.75,True,Kalshi,Polymarket,24048.65208,0.0,2026-07-03,2026-07-03,https://polymarket.com/event/2694698,https://kalshi.com/markets/KXBTCD-26JUL0317-T62999.99,SOLO OBSERVACION — validar resolucion antes de operar
2026-07-03T00:10:13+00:00,Polymarket,Kalshi,BTC,0.75,"Will the price of Bitcoin be above $62,000 on July 4?","Bitcoin price on Jul 3, 2026?",0.355,0.11,24.5,0.755,24.5,22.5,True,Kalshi,Polymarket,25730.2443,0.0,2026-07-04,2026-07-03,https://polymarket.com/event/2710388,https://kalshi.com/markets/KXBTCD-26JUL0317-T62499.99,SOLO OBSERVACION — validar resolucion antes de operar
2026-07-03T00:10:13+00:00,Polymarket,Kalshi,BTC,0.8,"Will the price of Bitcoin be above $62,000 on July 3?","Bitcoin price on Jul 3, 2026?",0.3025,0.11,19.25,0.8075,19.25,17.25,True,Kalshi,Polymarket,24048.65208,0.0,2026-07-03,2026-07-03,https://polymarket.com/event/2694698,https://kalshi.com/markets/KXBTCD-26JUL0317-T62499.99,SOLO OBSERVACION — validar resolucion antes de operar
2026-07-03T00:10:13+00:00,Polymarket,Kalshi,ETH,0.75,"Will the price of Ethereum be above $1,700 on July 4?","Ethereum price at Jul 3, 2026 at 5pm EDT?",0.505,0.34,16.5,0.835,16.5,14.5,True,Kalshi,Polymarket,18758.6486,0.0,2026-07-04,2026-07-03,https://polymarket.com/event/2710332,https://kalshi.com/markets/KXETHD-26JUL0317-T1709.99,SOLO OBSERVACION — validar resolucion antes de operar
2026-07-03T00:10:13+00:00,Polymarket,Kalshi,ETH,0.8,"Will the price of Ethereum be above $1,700 on July 3?","Ethereum price at Jul 3, 2026 at 5pm EDT?",0.5,0.34,16.0,0.84,16.0,14.0,True,Kalshi,Polymarket,21968.428,0.0,2026-07-03,2026-07-03,https://polymarket.com/event/2694618,https://kalshi.com/markets/KXETHD-26JUL0317-T1709.99,SOLO OBSERVACION — validar resolucion antes de operar
2026-07-03T00:10:13+00:00,Polymarket,Kalshi,BTC,0.8,"Will the price of Bitcoin be above $62,000 on July 3?","Bitcoin price on Jul 3, 2026?",0.3025,0.455,15.25,0.8475,15.25,13.25,True,Polymarket,Kalshi,24048.65208,0.0,2026-07-03,2026-07-03,https://polymarket.com/event/2694698,https://kalshi.com/markets/KXBTCD-26JUL0317-T61499.99,SOLO OBSERVACION — validar resolucion antes de operar
2026-07-03T00:10:13+00:00,Polymarket,Kalshi,BTC,0.8,"Will the price of Bitcoin be above $60,000 on July 3?","Bitcoin price on Jul 3, 2026?",0.955,0.82,13.5,0.865,13.5,11.5,True,Kalshi,Polymarket,29936.2286,0.0,2026-07-03,2026-07-03,https://polymarket.com/event/2694694,https://kalshi.com/markets/KXBTCD-26JUL0317-T60499.99,SOLO OBSERVACION — validar resolucion antes de operar
2026-07-03T00:10:13+00:00,Polymarket,Kalshi,BTC,0.95,"Will the price of Bitcoin be above $62,000 on July 4?","Bitcoin price on Jul 3, 2026?",0.355,0.235,12.0,0.88,12.0,10.0,True,Kalshi,Polymarket,25730.2443,0.0,2026-07-04,2026-07-03,https://polymarket.com/event/2710388,https://kalshi.com/markets/KXBTCD-26JUL0317-T61999.99,SOLO OBSERVACION — validar resolucion antes de operar
2026-07-03T00:10:13+00:00,Polymarket,Kalshi,BTC,0.75,"Will the price of Bitcoin be above $62,000 on July 4?","Bitcoin price on Jul 3, 2026?",0.355,0.455,10.0,0.9,10.0,8.0,True,Polymarket,Kalshi,25730.2443,0.0,2026-07-04,2026-07-03,https://polymarket.com/event/2710388,https://kalshi.com/markets/KXBTCD-26JUL0317-T61499.99,SOLO OBSERVACION — validar resolucion antes de operar
2026-07-03T00:10:13+00:00,Polymarket,Kalshi,BTC,0.75,"Will the price of Bitcoin be above $60,000 on July 4?","Bitcoin price on Jul 3, 2026?",0.915,0.82,9.5,0.905,9.5,7.5,True,Kalshi,Polymarket,23154.9189,0.0,2026-07-04,2026-07-03,https://polymarket.com/event/2710385,https://kalshi.com/markets/KXBTCD-26JUL0317-T60499.99,SOLO OBSERVACION — validar resolucion antes de operar
2026-07-03T00:10:13+00:00,Polymarket,Kalshi,BTC,1.0,"Will the price of Bitcoin be above $62,000 on July 3?","Bitcoin price on Jul 3, 2026?",0.3025,0.235,6.75,0.9325,6.75,4.75,True,Kalshi,Polymarket,24048.65208,0.0,2026-07-03,2026-07-03,https://polymarket.com/event/2694698,https://kalshi.com/markets/KXBTCD-26JUL0317-T61999.99,SOLO OBSERVACION — validar resolucion antes de operar
2026-07-03T00:10:13+00:00,Polymarket,Kalshi,BTC,0.75,"Will the price of Bitcoin be above $60,000 on July 4?","Bitcoin price on Jul 3, 2026?",0.915,0.96,4.5,0.955,4.5,2.5,True,Polymarket,Kalshi,23154.9189,0.0,2026-07-04,2026-07-03,https://polymarket.com/event/2710385,https://kalshi.com/markets/KXBTCD-26JUL0317-T59499.99,SOLO OBSERVACION — validar resolucion antes de operar
2026-07-03T00:10:13+00:00,Polymarket,Kalshi,BTC,1.0,"Will the price of Bitcoin be above $60,000 on July 3?","Bitcoin price on Jul 3, 2026?",0.955,0.915,4.0,0.96,4.0,2.0,True,Kalshi,Polymarket,29936.2286,0.0,2026-07-03,2026-07-03,https://polymarket.com/event/2694694,https://kalshi.com/markets/KXBTCD-26JUL0317-T59999.99,SOLO OBSERVACION — validar resolucion antes de operar
2026-07-03T00:21:44+00:00,Polymarket,Kalshi,BTC,0.8,"Will the price of Bitcoin be above $62,000 on July 3?","Bitcoin price on Jul 3, 2026?",0.3025,0.655,35.25,0.6475,35.25,33.25,True,Polymarket,Kalshi,24048.65208,0.0,2026-07-03,2026-07-03,https://polymarket.com/event/2694698,https://kalshi.com/markets/KXBTCD-26JUL0317-T60999.99,SOLO OBSERVACION — validar resolucion antes de operar
2026-07-03T00:21:44+00:00,Polymarket,Kalshi,ETH,0.8,"Will the price of Ethereum be above $1,700 on July 3?","Ethereum price at Jul 3, 2026 at 5pm EDT?",0.5,0.83,33.0,0.67,33.0,31.0,True,Polymarket,Kalshi,21968.428,0.0,2026-07-03,2026-07-03,https://polymarket.com/event/2694618,https://kalshi.com/markets/KXETHD-26JUL0317-T1669.99,SOLO OBSERVACION — validar resolucion antes de operar
2026-07-03T00:21:44+00:00,Polymarket,Kalshi,ETH,0.75,"Will the price of Ethereum be above $1,700 on July 4?","Ethereum price at Jul 3, 2026 at 5pm EDT?",0.505,0.83,32.5,0.675,32.5,30.5,True,Polymarket,Kalshi,18758.6486,0.0,2026-07-04,2026-07-03,https://polymarket.com/event/2710332,https://kalshi.com/markets/KXETHD-26JUL0317-T1669.99,SOLO OBSERVACION — validar resolucion antes de operar
2026-07-03T00:21:44+00:00,Polymarket,Kalshi,BTC,0.8,"Will the price of Bitcoin be above $60,000 on July 3?","Bitcoin price on Jul 3, 2026?",0.955,0.655,30.0,0.7,30.0,28.0,True,Kalshi,Polymarket,29936.2286,0.0,2026-07-03,2026-07-03,https://polymarket.com/event/2694694,https://kalshi.com/markets/KXBTCD-26JUL0317-T60999.99,SOLO OBSERVACION — validar resolucion antes de operar
2026-07-03T00:21:44+00:00,Polymarket,Kalshi,BTC,0.75,"Will the price of Bitcoin be above $62,000 on July 4?","Bitcoin price on Jul 3, 2026?",0.355,0.055,30.0,0.7,30.0,28.0,True,Kalshi,Polymarket,25730.2443,0.0,2026-07-04,2026-07-03,https://polymarket.com/event/2710388,https://kalshi.com/markets/KXBTCD-26JUL0317-T62999.99,SOLO OBSERVACION — validar resolucion antes de operar
2026-07-03T00:21:44+00:00,Polymarket,Kalshi,BTC,0.75,"Will the price of Bitcoin be above $62,000 on July 4?","Bitcoin price on Jul 3, 2026?",0.355,0.655,30.0,0.7,30.0,28.0,True,Polymarket,Kalshi,25730.2443,0.0,2026-07-04,2026-07-03,https://polymarket.com/event/2710388,https://kalshi.com/markets/KXBTCD-26JUL0317-T60999.99,SOLO OBSERVACION — validar resolucion antes de operar
2026-07-03T00:21:44+00:00,Polymarket,Kalshi,BTC,0.75,"Will the price of Bitcoin be above $60,000 on July 4?","Bitcoin price on Jul 3, 2026?",0.915,0.655,26.0,0.74,26.0,24.0,True,Kalshi,Polymarket,23154.9189,0.0,2026-07-04,2026-07-03,https://polymarket.com/event/2710385,https://kalshi.com/markets/KXBTCD-26JUL0317-T60999.99,SOLO OBSERVACION — validar resolucion antes de operar
2026-07-03T00:21:44+00:00,Polymarket,Kalshi,BTC,0.8,"Will the price of Bitcoin be above $62,000 on July 3?","Bitcoin price on Jul 3, 2026?",0.3025,0.055,24.75,0.7525,24.75,22.75,True,Kalshi,Polymarket,24048.65208,0.0,2026-07-03,2026-07-03,https://polymarket.com/event/2694698,https://kalshi.com/markets/KXBTCD-26JUL0317-T62999.99,SOLO OBSERVACION — validar resolucion antes de operar
2026-07-03T00:21:44+00:00,Polymarket,Kalshi,BTC,0.75,"Will the price of Bitcoin be above $62,000 on July 4?","Bitcoin price on Jul 3, 2026?",0.355,0.115,24.0,0.76,24.0,22.0,True,Kalshi,Polymarket,25730.2443,0.0,2026-07-04,2026-07-03,https://polymarket.com/event/2710388,https://kalshi.com/markets/KXBTCD-26JUL0317-T62499.99,SOLO OBSERVACION — validar resolucion antes de operar
2026-07-03T00:21:44+00:00,Polymarket,Kalshi,BTC,0.8,"Will the price of Bitcoin be above $62,000 on July 3?","Bitcoin price on Jul 3, 2026?",0.3025,0.115,18.75,0.8125,18.75,16.75,True,Kalshi,Polymarket,24048.65208,0.0,2026-07-03,2026-07-03,https://polymarket.com/event/2694698,https://kalshi.com/markets/KXBTCD-26JUL0317-T62499.99,SOLO OBSERVACION — validar resolucion antes de operar
2026-07-03T00:21:44+00:00,Polymarket,Kalshi,BTC,0.8,"Will the price of Bitcoin be above $62,000 on July 3?","Bitcoin price on Jul 3, 2026?",0.3025,0.46,15.75,0.8425,15.75,13.75,True,Polymarket,Kalshi,24048.65208,0.0,2026-07-03,2026-07-03,https://polymarket.com/event/2694698,https://kalshi.com/markets/KXBTCD-26JUL0317-T61499.99,SOLO OBSERVACION — validar resolucion antes de operar
2026-07-03T00:21:44+00:00,Polymarket,Kalshi,ETH,0.75,"Will the price of Ethereum be above $1,700 on July 4?","Ethereum price at Jul 3, 2026 at 5pm EDT?",0.505,0.355,15.0,0.85,15.0,13.0,True,Kalshi,Polymarket,18758.6486,0.0,2026-07-04,2026-07-03,https://polymarket.com/event/2710332,https://kalshi.com/markets/KXETHD-26JUL0317-T1709.99,SOLO OBSERVACION — validar resolucion antes de operar
2026-07-03T00:21:44+00:00,Polymarket,Kalshi,ETH,0.8,"Will the price of Ethereum be above $1,700 on July 3?","Ethereum price at Jul 3, 2026 at 5pm EDT?",0.5,0.355,14.5,0.855,14.5,12.5,True,Kalshi,Polymarket,21968.428,0.0,2026-07-03,2026-07-03,https://polymarket.com/event/2694618,https://kalshi.com/markets/KXETHD-26JUL0317-T1709.99,SOLO OBSERVACION — validar resolucion antes de operar
2026-07-03T00:21:44+00:00,Polymarket,Kalshi,BTC,0.8,"Will the price of Bitcoin be above $60,000 on July 3?","Bitcoin price on Jul 3, 2026?",0.955,0.83,12.5,0.875,12.5,10.5,True,Kalshi,Polymarket,29936.2286,0.0,2026-07-03,2026-07-03,https://polymarket.com/event/2694694,https://kalshi.com/markets/KXBTCD-26JUL0317-T60499.99,SOLO OBSERVACION — validar resolucion antes de operar
2026-07-03T00:21:44+00:00,Polymarket,Kalshi,BTC,0.95,"Will the price of Bitcoin be above $62,000 on July 4?","Bitcoin price on Jul 3, 2026?",0.355,0.25,10.5,0.895,10.5,8.5,True,Kalshi,Polymarket,25730.2443,0.0,2026-07-04,2026-07-03,https://polymarket.com/event/2710388,https://kalshi.com/markets/KXBTCD-26JUL0317-T61999.99,SOLO OBSERVACION — validar resolucion antes de operar
2026-07-03T00:21:44+00:00,Polymarket,Kalshi,BTC,0.75,"Will the price of Bitcoin be above $62,000 on July 4?","Bitcoin price on Jul 3, 2026?",0.355,0.46,10.5,0.895,10.5,8.5,True,Polymarket,Kalshi,25730.2443,0.0,2026-07-04,2026-07-03,https://polymarket.com/event/2710388,https://kalshi.com/markets/KXBTCD-26JUL0317-T61499.99,SOLO OBSERVACION — validar resolucion antes de operar
2026-07-03T00:21:44+00:00,Polymarket,Kalshi,BTC,0.75,"Will the price of Bitcoin be above $60,000 on July 4?","Bitcoin price on Jul 3, 2026?",0.915,0.83,8.5,0.915,8.5,6.5,True,Kalshi,Polymarket,23154.9189,0.0,2026-07-04,2026-07-03,https://polymarket.com/event/2710385,https://kalshi.com/markets/KXBTCD-26JUL0317-T60499.99,SOLO OBSERVACION — validar resolucion antes de operar
2026-07-03T00:21:44+00:00,Polymarket,Kalshi,BTC,1.0,"Will the price of Bitcoin be above $62,000 on July 3?","Bitcoin price on Jul 3, 2026?",0.3025,0.25,5.25,0.9475,5.25,3.25,True,Kalshi,Polymarket,24048.65208,0.0,2026-07-03,2026-07-03,https://polymarket.com/event/2694698,https://kalshi.com/markets/KXBTCD-26JUL0317-T61999.99,SOLO OBSERVACION — validar resolucion antes de operar
2026-07-03T00:21:44+00:00,Polymarket,Kalshi,BTC,0.75,"Will the price of Bitcoin be above $60,000 on July 4?","Bitcoin price on Jul 3, 2026?",0.915,0.96,4.5,0.955,4.5,2.5,True,Polymarket,Kalshi,23154.9189,0.0,2026-07-04,2026-07-03,https://polymarket.com/event/2710385,https://kalshi.com/markets/KXBTCD-26JUL0317-T59499.99,SOLO OBSERVACION — validar resolucion antes de operar
2026-07-03T00:21:44+00:00,Polymarket,Kalshi,BTC,1.0,"Will the price of Bitcoin be above $60,000 on July 3?","Bitcoin price on Jul 3, 2026?",0.955,0.915,4.0,0.96,4.0,2.0,True,Kalshi,Polymarket,29936.2286,0.0,2026-07-03,2026-07-03,https://polymarket.com/event/2694694,https://kalshi.com/markets/KXBTCD-26JUL0317-T59999.99,SOLO OBSERVACION — validar resolucion antes de operar
