timestamp_utc,market_id,condition_id,activo,marco,end_date,restante_s,ask_yes,ask_no,ask_sum,bid_yes,bid_no
2026-07-28T23:59:56+00:00,3121325,0x8adbbb41421feb80fe79f6dfdb274b4ecd81e8ea26702fac61305bd2e3df3c21,BTC,60min,2026-07-29T00:00:00+00:00,3.2,,0.01,,0.99,
2026-07-28T23:59:56+00:00,3122008,0xeabbcdf011cf53a86a56a68fe026bd4993b68fec883b72015aca14e47e61481a,BTC,60min,2026-07-29T01:00:00+00:00,3603.0,0.49,0.52,1.01,0.48,0.51
2026-07-28T23:59:57+00:00,3121326,0xd02d2177efbd50fe196d13a4b7d726465a67544cb7223e4982db2e1f2b52525a,ETH,60min,2026-07-29T00:00:00+00:00,2.8,,0.01,,0.99,
2026-07-28T23:59:57+00:00,3122039,0xe9e695a9798f678e6fce041462c625a64ce9a787d4c9447f194d2eeeda8a3272,ETH,60min,2026-07-29T01:00:00+00:00,3602.6,0.45,0.67,1.12,0.33,0.55
2026-07-28T23:59:57+00:00,3122425,0x81817b3fbc909ce74bcd892e7b3d8337426bf7c2a48f6a1e25d4db30d3463609,ETH,60min,2026-07-29T02:00:00+00:00,7202.5,0.51,0.51,1.02,0.49,0.49
2026-07-28T23:59:57+00:00,3121327,0x5f0734335303aa501481591d1e7daf694884b1d2839d7e59468375b1be90baf5,SOL,60min,2026-07-29T00:00:00+00:00,2.3,,0.01,,0.99,
2026-07-28T23:59:57+00:00,3122064,0xa494ed9702e2b5cc5daf5ad14d86efcf5b034e4d357ad816f2fc0d277353c070,SOL,60min,2026-07-29T01:00:00+00:00,3602.2,0.52,0.92,1.44,0.08,0.48
2026-07-28T23:59:58+00:00,3122426,0x7299fd44616e7e8564c570afc08ba9d3a6b7f501bc03b336f60df28fd5be7c17,SOL,60min,2026-07-29T02:00:00+00:00,7201.9,0.53,0.52,1.05,0.48,0.47
2026-07-28T23:59:58+00:00,3122423,0xe51b06a2257b94859577da3a42e14abccf9190251f8aa1ae983e4ed81c1533b2,BTC,60min,2026-07-29T02:00:00+00:00,7201.8,0.5,0.51,1.01,0.49,0.5
2026-07-28T23:59:58+00:00,3123792,0x6b2be2d46640fc28934a08e3b31329a0f8b4b5271166504ed043a8db4fd562b6,SOL,60min,2026-07-29T03:00:00+00:00,10801.6,0.52,0.52,1.04,0.48,0.48
2026-07-28T23:59:58+00:00,3123799,0xf36bce5d8b45d33fc6de1594ad0cfcc6ebba8d963b064f39b31d9cc122784ec9,SOL,60min,2026-07-29T04:00:00+00:00,14401.4,0.51,0.5,1.01,0.5,0.49
2026-07-28T23:59:58+00:00,3123810,0xdcae117ceb888028bde2d0db8a546d39e72ab902daff79fe60f2f10e26b8db60,SOL,60min,2026-07-29T05:00:00+00:00,18001.2,0.51,0.5,1.01,0.5,0.49
2026-07-28T23:59:58+00:00,3123727,0x0fcdde7d98403fb601de6a85bd7f41603a5332ab91d9c51dc0fb98912ab9d84b,ETH,60min,2026-07-29T03:00:00+00:00,10801.0,0.51,0.51,1.02,0.49,0.49
2026-07-28T23:59:59+00:00,3123734,0x6c997c5ed81370120a109bec877f00f3f4d9dc05b4bf7260621db703450aaf89,ETH,60min,2026-07-29T04:00:00+00:00,14400.8,0.51,0.5,1.01,0.5,0.49
2026-07-28T23:59:59+00:00,3123741,0x63c34c588ed324681bf5579d27dcaf147afedfb4b61becaa05d1026b987552e2,ETH,60min,2026-07-29T05:00:00+00:00,18000.7,0.51,0.5,1.01,0.5,0.49
2026-07-28T23:59:59+00:00,3123680,0xc210bf8ddd7ce50f48e33a440a03660bbc32284fca81bcaee39ec02e216631e6,BTC,60min,2026-07-29T03:00:00+00:00,10800.5,0.5,0.51,1.01,0.49,0.5
2026-07-28T23:59:59+00:00,3123683,0xdd6ba409b974a0f0b7b268ed5c07c4ec30d722a252a88d2a4bcdf1adbb516e70,BTC,60min,2026-07-29T04:00:00+00:00,14400.3,0.5,0.51,1.01,0.49,0.5
2026-07-28T23:59:59+00:00,3123689,0xbcefdd34226285b8ff029d9ff0e5693d918db28dd0996fe29712261d97767e6c,BTC,60min,2026-07-29T05:00:00+00:00,18000.1,0.5,0.51,1.01,0.49,0.5
2026-07-29T00:00:00+00:00,3124461,0x1769456e581672a05bf889b3456f7a1c60d018b3201b4173b7ad8a0a44e33a36,SOL,60min,2026-07-29T06:00:00+00:00,21599.9,0.51,0.5,1.01,0.5,0.49
2026-07-29T00:00:00+00:00,3124463,0xfd7279617f8cd654a20b042cddfce47921c44853afcc6c2ea83b8bc14a4aa968,SOL,60min,2026-07-29T07:00:00+00:00,25199.7,0.51,0.5,1.01,0.5,0.49
2026-07-29T00:00:00+00:00,3124465,0x39676e7317a13be0f4c8e24bbaf991a8d9e6b9612be8143c990da76da77e65cd,SOL,60min,2026-07-29T08:00:00+00:00,28799.5,0.51,0.5,1.01,0.5,0.49
2026-07-29T00:00:00+00:00,3124458,0x0a58a174196c09d2cd8de29b796909d3750b2512cdecd3caca265e79a277bf13,ETH,60min,2026-07-29T06:00:00+00:00,21599.4,0.51,0.5,1.01,0.5,0.49
2026-07-29T00:00:00+00:00,3124459,0x9f4884946a18bc27b896ca82494d656c6d20badf3f3b4b2c0dfb78bc3922b695,ETH,60min,2026-07-29T07:00:00+00:00,25199.2,0.51,0.5,1.01,0.5,0.49
2026-07-29T00:00:01+00:00,3124460,0x768ac2403b78c4914172ee3bcf99d33788d43c5d429730df12bef25bd6a07bb6,ETH,60min,2026-07-29T08:00:00+00:00,28799.0,0.51,0.5,1.01,0.5,0.49
2026-07-29T00:00:01+00:00,3124675,0x0bf5418300291864c128f1701942c857d74619015750a3fbc030bd0cfbe2357f,SOL,60min,2026-07-29T09:00:00+00:00,32398.8,0.51,0.5,1.01,0.5,0.49
2026-07-29T00:00:01+00:00,3124674,0x0528667d765efc04e6c84eeba1d4d798be058a0e134314e5cfb32a3ccad4352c,ETH,60min,2026-07-29T09:00:00+00:00,32398.7,0.51,0.5,1.01,0.5,0.49
2026-07-29T00:00:01+00:00,3124455,0x0cb234d6fb275708b66e49c9c91803ecb07d99b9238d9650108f70576bd4725a,BTC,60min,2026-07-29T06:00:00+00:00,21598.4,0.51,0.5,1.01,0.5,0.49
2026-07-29T00:00:01+00:00,3124456,0xa8422f4aa27eed5257c2f18173096fe66b072ff52ad8e44d688d54c6f46d4b3e,BTC,60min,2026-07-29T07:00:00+00:00,25198.3,0.5,0.51,1.01,0.49,0.5
2026-07-29T00:00:01+00:00,3124457,0x4d5c07b78cc3a5717ca570a302265688825898639cd95e77a0a0e497fc8a1a51,BTC,60min,2026-07-29T08:00:00+00:00,28798.1,0.5,0.51,1.01,0.49,0.5
2026-07-29T00:00:02+00:00,3124673,0x98958f3be1aef14d280f5f75c1b5207fc5e2a7a42d1480056b97692e58dd031a,BTC,60min,2026-07-29T09:00:00+00:00,32397.9,0.51,0.5,1.01,0.5,0.49
2026-07-29T00:00:02+00:00,3126555,0xc50ff1dfc394900b76445a9ffe3a2a94d741f4473aaf8a670b20db986154bfe0,SOL,60min,2026-07-29T10:00:00+00:00,35997.6,0.51,0.5,1.01,0.5,0.49
2026-07-29T00:00:02+00:00,3126559,0xa52c0fbb200315aba06c3e265835da7cc0093f5065ed8778a6bfb4cfacee5f1d,SOL,60min,2026-07-29T11:00:00+00:00,39597.4,0.51,0.5,1.01,0.5,0.49
2026-07-29T00:00:02+00:00,3126566,0xda30243c8ec7ead5de88693c6a8cded607c442115a5a112270d1a34cfe907ff7,SOL,60min,2026-07-29T12:00:00+00:00,43197.1,0.51,0.5,1.01,0.5,0.49
2026-07-29T00:00:03+00:00,3126570,0xb146f633de1d740c3461ae07d14e4228e30ae1783043ed8cf5d2918ad6c2bd17,SOL,60min,2026-07-29T13:00:00+00:00,46796.8,0.51,0.5,1.01,0.5,0.49
2026-07-29T00:00:03+00:00,3126575,0x5f16f4665dd7f4b137061b79907667f3cc90e3b652fd3cbe7e054869fb142c4e,SOL,60min,2026-07-29T14:00:00+00:00,50396.5,0.5,0.51,1.01,0.49,0.5
2026-07-29T00:00:03+00:00,3126477,0xb949a51d785c7973dae45543ce4bd0086b04f0b520f123bc56366f7109f35df6,ETH,60min,2026-07-29T10:00:00+00:00,35996.3,0.51,0.5,1.01,0.5,0.49
2026-07-29T00:00:03+00:00,3126492,0x86d27a39b55fb7ab45954d905158e6f55486c50c6df683b89a6193dbdc23f696,ETH,60min,2026-07-29T11:00:00+00:00,39596.2,0.51,0.5,1.01,0.5,0.49
2026-07-29T00:00:04+00:00,3126499,0x64f562942f3f337603cd699648c241b4f3b2fdf1fed5616917be6223c9b16e91,ETH,60min,2026-07-29T12:00:00+00:00,43196.0,0.51,0.5,1.01,0.5,0.49
2026-07-29T00:00:04+00:00,3126506,0xa029622e55c1f95dfd28c0c23f6b5ec3dcfd7f303a9ecb1c8c798e7a111fc45a,ETH,60min,2026-07-29T13:00:00+00:00,46795.7,0.51,0.5,1.01,0.5,0.49
2026-07-29T00:00:04+00:00,3126512,0x241f5dc8848c4be404aa1759a5911e86fc65d61f8049447eb1a3af2b9abcfa60,ETH,60min,2026-07-29T14:00:00+00:00,50395.5,0.5,0.51,1.01,0.49,0.5
2026-07-29T00:00:04+00:00,3126383,0x9df512e9cd98fd3df53b7bd504d6836fc57a747544b36532d64bb729b0132435,BTC,60min,2026-07-29T10:00:00+00:00,35995.4,0.51,0.5,1.01,0.5,0.49
2026-07-29T00:00:04+00:00,3126389,0xa89352104779da7784de653abd75133c0a611a7bbccdc236aba00d89ab544480,BTC,60min,2026-07-29T11:00:00+00:00,39595.2,0.51,0.5,1.01,0.5,0.49
2026-07-29T00:00:05+00:00,3126395,0x13eca60590140bdf3628929dd81457a3cf5b49f64aae3bb4c3fee79f6d0eae31,BTC,60min,2026-07-29T12:00:00+00:00,43194.9,0.51,0.5,1.01,0.5,0.49
2026-07-29T00:00:05+00:00,3126409,0x3f9e70249efd26e51d2c64e69211a22a2681bdbd177a5d4b689dda0d52b93d03,BTC,60min,2026-07-29T13:00:00+00:00,46794.7,0.51,0.5,1.01,0.5,0.49
2026-07-29T00:00:05+00:00,3126418,0xf2f5468911ccba1dded30285657bc501a57584b0a2061861170fc13d7af7945c,BTC,60min,2026-07-29T14:00:00+00:00,50394.5,0.5,0.51,1.01,0.49,0.5
2026-07-29T00:00:05+00:00,3127800,0xcea08b51574774bd742611ca197c3d4fe08b1bad50025a53298dbc6dcf4fedb5,SOL,60min,2026-07-29T15:00:00+00:00,53994.3,0.51,0.5,1.01,0.5,0.49
2026-07-29T00:00:05+00:00,3127804,0xdd76ff9d630c0765581dd0b146fc56864da937cf9f80127f7f02922f1fbd0315,SOL,60min,2026-07-29T16:00:00+00:00,57594.1,0.51,0.5,1.01,0.5,0.49
2026-07-29T00:00:06+00:00,3127775,0x5d45db51ad256e230e71a57724bf74198438348e9bd44f120ab6a56f9db3d607,ETH,60min,2026-07-29T15:00:00+00:00,53993.8,0.51,0.5,1.01,0.5,0.49
2026-07-29T00:00:06+00:00,3127776,0x1cbcce14a8c5d2936343c3f270d35db0b4b4e509bc7b67f5fa0dfee9f7d93167,ETH,60min,2026-07-29T16:00:00+00:00,57593.6,0.51,0.5,1.01,0.5,0.49
2026-07-29T00:00:06+00:00,3127748,0x3449922fb16aa4512df2c18ceeda63cec636727ebe08d6d1d87e8e54d450a676,BTC,60min,2026-07-29T15:00:00+00:00,53993.4,0.51,0.5,1.01,0.5,0.49
2026-07-29T00:00:06+00:00,3127752,0xc8c65e99d5dedc5a311e0d7be2cdc9885246f38d1878427ac89ce50dfc895101,BTC,60min,2026-07-29T16:00:00+00:00,57593.2,0.51,0.5,1.01,0.5,0.49
2026-07-29T00:00:06+00:00,3128751,0x1d3b22efa7ac2a7e33ddc4967c6f990b3c71a2facdedae3712bededebbe2ec09,SOL,60min,2026-07-29T17:00:00+00:00,61193.1,0.51,0.5,1.01,0.5,0.49
2026-07-29T00:00:07+00:00,3128752,0x81247cfc3ec33ad6580e3b6273ddf379b1ebb263c879d3749fda02e2c1bdd777,SOL,60min,2026-07-29T18:00:00+00:00,64792.9,0.51,0.5,1.01,0.5,0.49
2026-07-29T00:00:07+00:00,3128749,0x870341df0105a013ec7eb5da81a52eba45370e0f2adf021c9291bfef52f4f5af,ETH,60min,2026-07-29T17:00:00+00:00,61192.7,0.51,0.5,1.01,0.5,0.49
2026-07-29T00:00:07+00:00,3128750,0xdcd0b77ef8624d39395db405d1908740e93ef3102331b9b5073ab56f0c93d36a,ETH,60min,2026-07-29T18:00:00+00:00,64792.6,0.51,0.5,1.01,0.5,0.49
2026-07-29T00:00:07+00:00,3128747,0xeddb104fd58667f6acc2c074f3a5fbc21664dec154ebe48fe5606a051e51be46,BTC,60min,2026-07-29T17:00:00+00:00,61192.4,0.51,0.5,1.01,0.5,0.49
2026-07-29T00:00:07+00:00,3128748,0x094e774e0d01de0d5846d29439348949be3b260ccf010526b07db6c43d279ed3,BTC,60min,2026-07-29T18:00:00+00:00,64792.2,0.51,0.5,1.01,0.5,0.49
2026-07-29T00:00:08+00:00,3130219,0x5382969a9989eb5dc90f6d6b73792ba3a36f412f2bf7dafe5fcf0e230c290a05,SOL,60min,2026-07-29T22:00:00+00:00,79192.0,0.51,0.5,1.01,0.5,0.49
2026-07-29T00:00:08+00:00,3130204,0x9987a8669dfd38dbf9940ad57ad70af5e6bba2d36e1f048c8ec5135d62cc3c1e,ETH,60min,2026-07-29T22:00:00+00:00,79191.8,0.51,0.5,1.01,0.5,0.49
2026-07-29T00:00:08+00:00,3132583,0x59098615244e2d161aeb2b7f0a644ff43caee060cea0851ac43cdf670f43cdab,SOL,60min,2026-07-29T19:00:00+00:00,68391.5,0.51,0.5,1.01,0.5,0.49
2026-07-29T00:00:08+00:00,3132593,0xdefede69c2d2da35b975a6ef956df24ae4bfcb23c4738b69340276bf98cc32c8,SOL,60min,2026-07-29T20:00:00+00:00,71991.4,0.51,0.5,1.01,0.5,0.49
2026-07-29T00:00:08+00:00,3132600,0xc94191515705e54058b34ad5c239fbcfa97cb0119f51c3691a9e997e4b911cf0,SOL,60min,2026-07-29T21:00:00+00:00,75591.1,0.51,0.5,1.01,0.5,0.49
2026-07-29T00:00:09+00:00,3132536,0x158170859fee9f187a87cd0275440cddb06439f5095df54220563a392910a754,ETH,60min,2026-07-29T19:00:00+00:00,68390.9,0.51,0.5,1.01,0.5,0.49
2026-07-29T00:00:09+00:00,3132545,0xda29eb374a3450176f64f64d93693ce1adcd8b289c61203136240a0c04c51673,ETH,60min,2026-07-29T20:00:00+00:00,71990.7,0.51,0.5,1.01,0.5,0.49
2026-07-29T00:00:09+00:00,3132553,0xd9e5f376d2512dfaac2d3836db77c5cc6389b8f6deae5d42ca09820259c6ba72,ETH,60min,2026-07-29T21:00:00+00:00,75590.4,0.51,0.5,1.01,0.5,0.49
2026-07-29T00:00:09+00:00,3134013,0x65d34f710dcadc11aa19ba701e6f631a091bd0857234ab5cb18cec1672719360,SOL,60min,2026-07-29T23:00:00+00:00,82790.3,0.51,0.5,1.01,0.5,0.49
2026-07-29T00:00:09+00:00,3130186,0xd0f816b0d9b178baa77f863b6e0c02cbf0df26a14a35994bac9e3de69b46c78a,BTC,60min,2026-07-29T22:00:00+00:00,79190.1,0.51,0.5,1.01,0.5,0.49
2026-07-29T00:00:10+00:00,3134009,0xbfb643cb2dfb73cf3477cd15ae4ee4303101e90309bcec29ee92a3c0d322d834,ETH,60min,2026-07-29T23:00:00+00:00,82789.9,0.51,0.5,1.01,0.5,0.49
2026-07-29T00:00:10+00:00,3132475,0x809a792b5acf6f339211ab3c48da2b281e286e59fabfc192f52c4f005af7d549,BTC,60min,2026-07-29T19:00:00+00:00,68389.6,0.51,0.5,1.01,0.5,0.49
2026-07-29T00:00:10+00:00,3132482,0xac78a24835f05a69f6e74614f6f818b8c0fb83796402f9fb53b738da654f8f4b,BTC,60min,2026-07-29T20:00:00+00:00,71989.5,0.51,0.5,1.01,0.5,0.49
2026-07-29T00:00:10+00:00,3132496,0xd71d5f9fc05ca20ec35b32a9fe2a64105862f1a52aa2485537121a06bbc11fc3,BTC,60min,2026-07-29T21:00:00+00:00,75589.3,0.51,0.5,1.01,0.5,0.49
2026-07-29T00:00:10+00:00,3139180,0x8f221f838f373041dd8c26e0db2bce065403217d0963838ba063c14834fd3dd9,SOL,60min,2026-07-30T00:00:00+00:00,86389.1,0.51,0.5,1.01,0.5,0.49
2026-07-29T00:00:11+00:00,3139179,0x55e70ceaff64b2ed8070ed5dcd36a9e240159401c887c8ad721761642544b9dc,ETH,60min,2026-07-30T00:00:00+00:00,86388.9,0.51,0.5,1.01,0.5,0.49
2026-07-29T00:00:11+00:00,3134007,0xef0e1a9910f56e01d0ed6f22c50cabfa48ca5ef1ef861a5c1f577863de819718,BTC,60min,2026-07-29T23:00:00+00:00,82788.7,0.51,0.5,1.01,0.5,0.49
2026-07-29T00:00:11+00:00,3141880,0x9f700d81b1a6ef627e3798d0b845ba3187838da187c4d85aa3eefd3b3a3a7652,SOL,15min,2026-07-29T00:00:00+00:00,-11.6,,0.01,,0.99,
2026-07-29T00:00:11+00:00,3141941,0x961df2cfed3610360ce531c71bc18c42074e7db7a8f9537c593890b54d396bb0,SOL,60min,2026-07-30T01:00:00+00:00,89988.3,0.51,0.5,1.01,0.5,0.49
2026-07-29T00:00:11+00:00,3141971,0xe8cf2d223525984ac0c748299c9751933465ea147690e86eda85c056c767ff3f,SOL,5min,2026-07-29T00:00:00+00:00,-11.9,,0.01,,0.99,
2026-07-29T00:00:12+00:00,3141887,0xb7744ced016856252d01a1b5e18a73332f6092fc12625a9370dccbca401b9517,ETH,15min,2026-07-29T00:00:00+00:00,-12.0,,0.01,,0.99,
2026-07-29T00:00:12+00:00,3142111,0x118abbcb9ddc4618fee9ff78449a12ebe47e660a5a4c006cf82aa8be02efb552,SOL,15min,2026-07-29T00:15:00+00:00,887.8,0.56,0.47,1.03,0.55,0.43
2026-07-29T00:00:12+00:00,3141940,0x59b5cc5ae43f996af8d24f6f3fae3ab6f299d25ca8552b211a54a52d66e74080,ETH,60min,2026-07-30T01:00:00+00:00,89987.6,0.51,0.5,1.01,0.5,0.49
2026-07-29T00:00:12+00:00,3142120,0x4dbb9fc91f88c486e186351323ef9475126b1114e8258437c6094f040acdf546,SOL,5min,2026-07-29T00:05:00+00:00,287.3,0.6,0.43,1.03,0.57,0.4
2026-07-29T00:00:12+00:00,3142131,0x5d6e6336d26e573ad210352191ec6533602fcb35fa613466c5f9038571f7944b,SOL,5min,2026-07-29T00:10:00+00:00,587.2,0.5,0.51,1.01,0.49,0.5
2026-07-29T00:00:12+00:00,3141967,0x66df47e008644ece827931acd929b5e80c5f5e8c02afa34160035f6ed4c26c4f,ETH,5min,2026-07-29T00:00:00+00:00,-13.0,,0.01,,0.99,
2026-07-29T00:00:13+00:00,3142147,0x45ba7758635ed5ffcdde51291c72dd198b0133bdae9226b83b8792105e69744c,SOL,5min,2026-07-29T00:15:00+00:00,886.8,0.51,0.51,1.02,0.49,0.49
2026-07-29T00:00:13+00:00,3139178,0x3f8ef79d86a9c027c72df4ff96b17f9c9513163c48f38882288ab25ea8e88baa,BTC,60min,2026-07-30T00:00:00+00:00,86386.6,0.51,0.5,1.01,0.5,0.49
2026-07-29T00:00:13+00:00,3142108,0x90ab151b98fa953fe24512c4902cb5f8acefc044b1195fdb9fe9a6a9c5d950fd,ETH,5min,2026-07-29T00:05:00+00:00,286.5,0.51,0.5,1.01,0.5,0.49
2026-07-29T00:00:13+00:00,3142119,0xaadc6cfd1a4504042902ed767868bdbaf688a3238ebd80176123901ad4fe7e67,ETH,15min,2026-07-29T00:15:00+00:00,886.3,0.5,0.51,1.01,0.49,0.5
2026-07-29T00:00:13+00:00,3142159,0x6fa499d32e784b19fe9e1792d4d97fe477ea95b3a00469b1706e9124d6a8f970,SOL,5min,2026-07-29T00:20:00+00:00,1186.2,0.51,0.5,1.01,0.5,0.49
2026-07-29T00:00:14+00:00,3142165,0xed41acb38ad71b1eb26d70a20d7b14997f30f64036cdb1ac790b031958487990,SOL,15min,2026-07-29T00:30:00+00:00,1786.0,0.5,0.51,1.01,0.49,0.5
2026-07-29T00:00:14+00:00,3142171,0x93c942d33f187192770c35f9b15946b7be5697f003d62ff9b81ce1adf57c5c69,SOL,5min,2026-07-29T00:25:00+00:00,1485.7,0.51,0.5,1.01,0.5,0.49
2026-07-29T00:00:14+00:00,3142235,0xe3744346e3c3df358102676990108782fa5bd850a99012f136a91715d9bc9860,SOL,5min,2026-07-29T00:30:00+00:00,1785.5,0.51,0.5,1.01,0.5,0.49
2026-07-29T00:00:14+00:00,3142130,0x9c457888d4515ea8e48b8f2bd0fe2dd5da07587f2e3421a31ea34cb692ef54d8,ETH,5min,2026-07-29T00:10:00+00:00,585.3,0.5,0.51,1.01,0.49,0.5
2026-07-29T00:00:14+00:00,3142146,0x210ce6cb66f1796883ded5b4315c58d3b534aa99fc383ad8d6d09985705d4b0a,ETH,5min,2026-07-29T00:15:00+00:00,885.1,0.5,0.51,1.01,0.49,0.5
2026-07-29T00:00:15+00:00,3142152,0xb56df72adecf8c59023607f15fa1035cbf79db0782e5975dcf10144e90f58479,ETH,5min,2026-07-29T00:20:00+00:00,1184.9,0.51,0.5,1.01,0.5,0.49
2026-07-29T00:00:15+00:00,3142156,0x72a6b3689ba753a10c3dd3d8719550a8c0b30a2a2571d23bc88bf62d76fc3c88,ETH,15min,2026-07-29T00:30:00+00:00,1784.7,0.5,0.51,1.01,0.49,0.5
2026-07-29T00:00:15+00:00,3142167,0x03c8d711fee044fb78e558b08b4309faa257040d3b652b9803ac21fde727b086,ETH,5min,2026-07-29T00:25:00+00:00,1484.5,0.51,0.5,1.01,0.5,0.49
2026-07-29T00:00:15+00:00,3142244,0x570b3deef9c9e69fa2f13a4c6c76e25bd5eeafd331e804e83f98e3bd14c56627,SOL,15min,2026-07-29T00:45:00+00:00,2684.3,0.51,0.51,1.02,0.49,0.49
2026-07-29T00:00:15+00:00,3142250,0x247578be80ce0498857b1fe3c9a617d578618019200076d3f88a12b562125d05,SOL,5min,2026-07-29T00:35:00+00:00,2084.1,0.51,0.5,1.01,0.5,0.49
2026-07-29T00:00:16+00:00,3142296,0xd6f8019f3cc10a3e2f99232451ed7edfc1ac12bc5e69af3da73b9002bbb63d05,SOL,5min,2026-07-29T00:40:00+00:00,2383.9,0.51,0.5,1.01,0.5,0.49
2026-07-29T00:00:16+00:00,3142357,0x767a4da31cb5ea43e2acbb7675eb1d57fd55ef838abd65616a1a97054bb67adb,SOL,5min,2026-07-29T00:45:00+00:00,2683.6,0.51,0.5,1.01,0.5,0.49
2026-07-29T00:00:16+00:00,3142368,0xa9bef7e0bf2fcf292a585066809f4bdcbc594906018971c7df6aac6b6ca8da53,SOL,5min,2026-07-29T00:50:00+00:00,2983.4,0.51,0.5,1.01,0.5,0.49
2026-07-29T00:00:16+00:00,3142238,0x0d84b064bff67177ef64d6162ab299da31e7345481a75d11ac5c3b4f3adbf2f1,ETH,5min,2026-07-29T00:30:00+00:00,1783.2,0.51,0.5,1.01,0.5,0.49
2026-07-29T00:00:16+00:00,3142369,0xf575a65e8ea6a60a45d5b6f4f3cf69d9cdb7ac847e345dc8661e6e7d83744a85,SOL,15min,2026-07-29T01:00:00+00:00,3583.0,0.51,0.5,1.01,0.5,0.49
2026-07-29T00:00:17+00:00,3142246,0x3873b0c65c6e281a20eba4cb245d092f6231a0d75cfd8c416df210cdcff7ae0b,ETH,5min,2026-07-29T00:35:00+00:00,2082.8,0.51,0.5,1.01,0.5,0.49
2026-07-29T00:00:17+00:00,3142373,0xff4f227e0619d46111b6e55935975dfd2a1bfaa9f00e891614153d5deed37ed1,SOL,5min,2026-07-29T00:55:00+00:00,3282.6,0.51,0.5,1.01,0.5,0.49
2026-07-29T00:00:17+00:00,3142247,0x61f1b9b836cabba2f83025553caea011b650bc094adc050b9479074ac9dcb422,ETH,15min,2026-07-29T00:45:00+00:00,2682.5,0.51,0.51,1.02,0.49,0.49
2026-07-29T00:00:17+00:00,3142297,0xcab8f6976d7ea4f0b86029f946db5776ed32c22f778d5fdcb96d42ed16673b56,ETH,5min,2026-07-29T00:40:00+00:00,2382.2,0.51,0.5,1.01,0.5,0.49
2026-07-29T00:00:17+00:00,3142381,0xdbfe373d11b8ab90b12a6a00f59d0f5dc1d61092ca35c3fe8143e8e4fb31d8c4,SOL,60min,2026-07-30T02:00:00+00:00,93582.1,0.51,0.5,1.01,0.5,0.49
2026-07-29T00:00:18+00:00,3142411,0x24f20133d07b8987c8e2fd620d344a02fbd677faae6ced55978b03b07a322450,SOL,5min,2026-07-29T01:00:00+00:00,3581.8,0.51,0.5,1.01,0.5,0.49
2026-07-29T00:00:18+00:00,3142355,0x5b727176ebbf9e3786a9d15f73a90936f79ad798a043b5d5d4010b57602763ac,ETH,5min,2026-07-29T00:45:00+00:00,2681.6,0.51,0.5,1.01,0.5,0.49
2026-07-29T00:00:18+00:00,3142453,0x78f4163e46eb409e83304ac673c44d1e5de634d0a1aecd4acbaa0bd615d74921,SOL,15min,2026-07-29T01:15:00+00:00,4481.5,0.5,0.51,1.01,0.49,0.5
2026-07-29T00:00:18+00:00,3142358,0x0a0c0a72ca1fd4d00951e5d4898dff124ba2a6c164cdeb28e58ce13a4e2fd05f,ETH,15min,2026-07-29T01:00:00+00:00,3581.2,0.51,0.5,1.01,0.5,0.49
2026-07-29T00:00:18+00:00,3142456,0x7e98adae37e37dab34b15916c62eba66ff128148d1d693e0c4c104c1d785b4ff,SOL,5min,2026-07-29T01:05:00+00:00,3881.0,0.51,0.5,1.01,0.5,0.49
2026-07-29T00:00:19+00:00,3141883,0x2923589dd9de1ca49a30e57ce51c985ab39280841a1dff9d7a6f7a5d4a6f63d1,BTC,15min,2026-07-29T00:00:00+00:00,-19.2,,0.01,,0.99,
2026-07-29T00:00:19+00:00,3142360,0xde1ee3d937aeeca6bb5135f5ff7ad538f56beaae48add76eb919b0505516736b,ETH,5min,2026-07-29T00:50:00+00:00,2980.6,0.5,0.51,1.01,0.49,0.5
2026-07-29T00:00:19+00:00,3142375,0x12492f955ae797615aa1e245a443827c43a65cb3db5c4b80fcff1b1b6451e8cc,ETH,5min,2026-07-29T00:55:00+00:00,3280.4,0.51,0.5,1.01,0.5,0.49
2026-07-29T00:00:19+00:00,3142380,0xf413c03f48c84e474277be3156bb9a2d572f76a55c3451e4c92db3871088e99b,ETH,60min,2026-07-30T02:00:00+00:00,93580.2,0.51,0.5,1.01,0.5,0.49
2026-07-29T00:00:19+00:00,3142472,0x029e9b29d65905d33226a751a1d1846c998baa4eb87b079036bcadf92d168aea,SOL,5min,2026-07-29T01:10:00+00:00,4180.0,0.51,0.5,1.01,0.5,0.49
2026-07-29T00:00:20+00:00,3142496,0x9bb10fc439a678091ecde6baffcb039415c1032ad237c51e8cf4bb1d56f63fe4,SOL,5min,2026-07-29T01:15:00+00:00,4479.8,0.51,0.5,1.01,0.5,0.49
2026-07-29T00:00:20+00:00,3142505,0xd23be2d75869ff51ee2b333e32bd47618319b8a07d895fa4c6ba411063aff1a2,SOL,5min,2026-07-29T01:20:00+00:00,4779.6,0.51,0.5,1.01,0.5,0.49
2026-07-29T00:00:20+00:00,3141939,0x0105e1fad459d86f413d4c012ff62851a9786de3b983a80ef7a32cbee6b260d6,BTC,60min,2026-07-30T01:00:00+00:00,89979.5,0.51,0.5,1.01,0.5,0.49
2026-07-29T00:00:20+00:00,3142415,0x95d0f241df32e776d846a912e7d85ae0ffb031fcaa878a3e3285f102b6641d5b,ETH,5min,2026-07-29T01:00:00+00:00,3579.3,0.51,0.5,1.01,0.5,0.49
2026-07-29T00:00:20+00:00,3142508,0x85dd3e417f89c3e8b18420c20078cd72475b8613daa1bafc55324a12745d62c4,SOL,15min,2026-07-29T01:30:00+00:00,5379.1,0.51,0.5,1.01,0.5,0.49
2026-07-29T00:00:21+00:00,3142522,0xef8460f50834742caf5f5edf63262f5863cf33b2d25aab274469866ca7a8afc5,SOL,5min,2026-07-29T01:25:00+00:00,5078.9,0.51,0.5,1.01,0.5,0.49
2026-07-29T00:00:21+00:00,3141885,0xef947ff33bd5c859b0719391e421176ac03a987bbf19eceb71fa073794dda50a,XRP,15min,2026-07-29T00:00:00+00:00,-21.3,,0.01,,0.99,
2026-07-29T00:00:21+00:00,3141886,0x96ff9502e35b919c39eaf41e62a122a082fc007038ad0bd290c3d36d5b9a544c,DOGE,15min,2026-07-29T00:00:00+00:00,-21.5,,0.01,,0.99,
2026-07-29T00:00:21+00:00,3141882,0xbbcee5632273eac28c2f7683c2e609518bd5cc91308a1e0f950f0dcbe5bb1544,BNB,15min,2026-07-29T00:00:00+00:00,-21.7,,0.01,,0.99,
2026-07-29T00:00:21+00:00,3141969,0x1d3d1ee30dcf2673d139974573e8ff8b7a71f8a82ce2c582acf03a9c8523b01e,BTC,5min,2026-07-29T00:00:00+00:00,-21.8,,0.01,,0.99,
2026-07-29T00:00:22+00:00,3142104,0xce5929b88ee4429dc6610b836be6de5432145b03b38cdd05512b3bb2264f8bf4,BTC,15min,2026-07-29T00:15:00+00:00,878.0,0.48,0.53,1.01,0.47,0.52
2026-07-29T00:00:22+00:00,3142452,0x0934043c6093e2504be71d199a52079c41c9189ac826d242df04f289be12319a,ETH,5min,2026-07-29T01:05:00+00:00,3877.7,0.51,0.5,1.01,0.5,0.49
2026-07-29T00:00:22+00:00,3142460,0x6438f71048a9b91fd82e3f386c950d48e99ab6208775857ec8a25b69054ee4e8,ETH,15min,2026-07-29T01:15:00+00:00,4477.4,0.51,0.5,1.01,0.5,0.49
2026-07-29T00:00:22+00:00,3142468,0x4e7d434d451afb4940b2795e1bbf3079819fc53ce3336c81fe9c1186049a1fab,ETH,5min,2026-07-29T01:10:00+00:00,4177.2,0.51,0.5,1.01,0.5,0.49
2026-07-29T00:00:22+00:00,3142621,0x463a8d2d844f1f385a3272c2b22ceb7a24c81d044ea42758f9aad61faeb42ee5,SOL,5min,2026-07-29T01:30:00+00:00,5377.0,0.51,0.51,1.02,0.49,0.49
2026-07-29T00:00:23+00:00,3142628,0x55cb7ecb164167196daa9a445d85a1a8ad885c9d432907b7dfc5f4f8615990c9,SOL,15min,2026-07-29T01:45:00+00:00,6276.8,0.51,0.5,1.01,0.5,0.49
2026-07-29T00:00:23+00:00,3142109,0x377cc8569e8db2fde7b22c315c22bcf34e3d4e5a87839562b4c0760a555889cc,BTC,5min,2026-07-29T00:05:00+00:00,276.7,0.57,0.44,1.01,0.56,0.43
2026-07-29T00:00:23+00:00,3142495,0x007d69e185b4cf550d7e4af5d3964ed1ee37f30b78f46ecd8d450a0f1413c359,ETH,5min,2026-07-29T01:15:00+00:00,4476.5,0.51,0.5,1.01,0.5,0.49
2026-07-29T00:00:23+00:00,3142635,0x2823c3f8a0960040d6580fcd83c3fadd4da21f1affb0e33db17025b6749a8f34,SOL,5min,2026-07-29T01:35:00+00:00,5676.3,0.51,0.51,1.02,0.49,0.49
2026-07-29T00:00:23+00:00,3142702,0xeb8fc55a10d0cecebcfddac74c8148667813854a8c9824292c3fc6a566573619,SOL,5min,2026-07-29T01:40:00+00:00,5976.1,0.51,0.5,1.01,0.5,0.49
2026-07-29T00:00:24+00:00,3142121,0x2f1786a8cdc4ec0d87b06d26a394913366052cecf5aae0591ebfa5ccffa633e7,XRP,15min,2026-07-29T00:15:00+00:00,876.0,0.51,0.51,1.02,0.49,0.49
2026-07-29T00:00:24+00:00,3142110,0x696d37c4792aec3d3f8815dc15f82bb6fe5446b79808fb966eee9bec15e5227e,DOGE,15min,2026-07-29T00:15:00+00:00,875.8,0.59,0.48,1.07,0.52,0.41
2026-07-29T00:00:24+00:00,3142114,0x56b106a883c2fff62ea8515a8091e4ca36f37751ac5e65cab8da51a9dd0d87b1,BNB,15min,2026-07-29T00:15:00+00:00,875.6,0.55,0.46,1.01,0.54,0.45
2026-07-29T00:00:24+00:00,3142132,0x12a31c55db09ad7c2eac318df0c77406e6fec25ce384526e1c5deeae22f62680,BTC,5min,2026-07-29T00:10:00+00:00,575.5,0.51,0.5,1.01,0.5,0.49
2026-07-29T00:00:24+00:00,3142149,0x17f1a6abee5c311255e26fbfacbae1aac498246055a1790df2748abd49441463,BTC,5min,2026-07-29T00:15:00+00:00,875.3,0.51,0.5,1.01,0.5,0.49
2026-07-29T00:00:24+00:00,3142160,0xa21783975daa6d6d8edc2af0536bd03d16d14fbf4db5fe62f18ab5013e867ca0,BTC,5min,2026-07-29T00:20:00+00:00,1175.1,0.51,0.5,1.01,0.5,0.49
2026-07-29T00:00:25+00:00,3142502,0xb0e7f58276594ab18b4c51a99a4af307a909e0f0eaa45a22c5606e83ebefa2c4,ETH,5min,2026-07-29T01:20:00+00:00,4774.9,0.51,0.5,1.01,0.5,0.49
2026-07-29T00:00:25+00:00,3142504,0x4a8d05b01af79d400ba4adc394ee0d653322de89390444a5612f904cbce6fb4e,ETH,15min,2026-07-29T01:30:00+00:00,5374.8,0.51,0.5,1.01,0.5,0.49
2026-07-29T00:00:25+00:00,3142517,0x694cb5c6aa4d0241d3a9b279a6b8cde17795f75283d1da68644158faa0741b7f,ETH,5min,2026-07-29T01:25:00+00:00,5074.5,0.51,0.51,1.02,0.49,0.49
2026-07-29T00:00:25+00:00,3142723,0x0f2e7d399965df727d507872be69a6470af51cef5b9df7f7c0d3fe2896eb053c,SOL,5min,2026-07-29T01:45:00+00:00,6274.4,0.51,0.5,1.01,0.5,0.49
2026-07-29T00:00:25+00:00,3142778,0x35ea69c470d3ad499bc02be266558319f51e265769b8c53d2876f65df2518e7b,SOL,5min,2026-07-29T01:50:00+00:00,6574.2,0.51,0.5,1.01,0.5,0.49
2026-07-29T00:00:26+00:00,3142779,0x1193ae21d889a3adbc0a4df54ccaabd60cfc8b0be1cb97aa4b3f3c67d7b15e32,SOL,15min,2026-07-29T02:00:00+00:00,7174.0,0.51,0.5,1.01,0.5,0.49
2026-07-29T00:00:26+00:00,3142162,0x0adf7cb0351d521d0b84d779a1572bf1a4aea2502e2310a6bc2d4359c5fea6dd,BTC,15min,2026-07-29T00:30:00+00:00,1773.8,0.51,0.5,1.01,0.5,0.49
2026-07-29T00:00:26+00:00,3142620,0x21083e12f237b5436e0a21a15658fffbaccd629f9faea0fe1a8c5a04c2994da4,ETH,5min,2026-07-29T01:30:00+00:00,5373.6,0.51,0.5,1.01,0.5,0.49
2026-07-29T00:00:26+00:00,3142789,0xfaeb7e6b14290005fd6d13eebef505a6e2bcfc2acd3e225f889e813e84b272ca,SOL,5min,2026-07-29T01:55:00+00:00,6873.5,0.51,0.5,1.01,0.5,0.49
2026-07-29T00:00:26+00:00,3142153,0xa7e98b8fca4d915345efecce53051dad6d87ffc424f446437de2ebc4f7f48432,XRP,15min,2026-07-29T00:30:00+00:00,1773.3,0.49,0.53,1.02,0.47,0.51
2026-07-29T00:00:26+00:00,3142163,0x6cbd68c1c4e6cefb6bba0662d76e0a8cc11f019782a78500069bd6de08e0ee53,DOGE,15min,2026-07-29T00:30:00+00:00,1773.1,0.53,0.5,1.03,0.5,0.47
2026-07-29T00:00:27+00:00,3142154,0xa57deb9b1e80640200e7a9808bab5d1e84281638e9bf3b6d29261cf507c8c706,BNB,15min,2026-07-29T00:30:00+00:00,1772.9,0.53,0.53,1.06,0.47,0.47
2026-07-29T00:00:27+00:00,3142173,0xfbdc53867f38b647c55a190c8c6ccf00e22bb942c583e9287ba9d311f54e34b2,BTC,5min,2026-07-29T00:25:00+00:00,1472.6,0.51,0.5,1.01,0.5,0.49
2026-07-29T00:00:27+00:00,3142236,0xb27024a3d706655afcceb8dac3f38e15dcc9ad8cff7d092938b020eae0316565,BTC,5min,2026-07-29T00:30:00+00:00,1772.4,0.51,0.5,1.01,0.5,0.49
2026-07-29T00:00:27+00:00,3142248,0xcbb5ae899c23d6e69e50d29c37c10bfc7b0abcd6abfd0d0791a6b94a40be737e,BTC,15min,2026-07-29T00:45:00+00:00,2672.2,0.5,0.51,1.01,0.49,0.5
2026-07-29T00:00:27+00:00,3142630,0xea9f5c7ca5fb4c7a6d2bc1f3557e7d63c37edccc7cd20cd5e1b1750ab0ebc8b3,ETH,15min,2026-07-29T01:45:00+00:00,6272.0,0.51,0.5,1.01,0.5,0.49
2026-07-29T00:00:28+00:00,3142636,0x191574ee2c2db03e1b4e8502fb82e0abb27dd937d8ec4cc8476fdbe43979032f,ETH,5min,2026-07-29T01:35:00+00:00,5671.8,0.51,0.5,1.01,0.5,0.49
2026-07-29T00:00:28+00:00,3142697,0x921a803c8360b35329cf5935b88e76cd099dd76cbf5cd435afd696857588ab62,ETH,5min,2026-07-29T01:40:00+00:00,5971.7,0.51,0.5,1.01,0.5,0.49
2026-07-29T00:00:28+00:00,3142793,0x69abe60be900a9ca646cf548075f4fd536f8d2fc0af04354f515e52cec75fd4a,SOL,60min,2026-07-30T03:00:00+00:00,97171.4,0.51,0.5,1.01,0.5,0.49
2026-07-29T00:00:28+00:00,3142829,0x015e47224e6c01bc6b4a08ca1c8ed2788af5c72f0a11fab621eee0057e743046,SOL,5min,2026-07-29T02:00:00+00:00,7171.2,0.51,0.5,1.01,0.5,0.49
2026-07-29T00:00:28+00:00,3142897,0xdd5c8183a3b5ac53082af50f842748bc1e0a3037179b8a45aad474ff7d57a0c7,SOL,5min,2026-07-29T02:05:00+00:00,7471.1,0.51,0.51,1.02,0.49,0.49
2026-07-29T00:00:29+00:00,3142251,0x47e908da0e209f6af2426dbf269b9bb6d14840f0a7a82593af6c6fa3e3ca441e,BTC,5min,2026-07-29T00:35:00+00:00,2070.8,0.51,0.5,1.01,0.5,0.49
2026-07-29T00:00:29+00:00,3142728,0x4947140b380fc5a4dd97c2b0c8a9029aca3b1417a98094584b70a8e385d0a20a,ETH,5min,2026-07-29T01:45:00+00:00,6270.6,0.51,0.5,1.01,0.5,0.49
2026-07-29T00:00:29+00:00,3142906,0x321362da5b89522b81014afb1d6d59b65a1c12b0e08e7b1aae57cec60832c7d5,SOL,15min,2026-07-29T02:15:00+00:00,8070.4,0.51,0.5,1.01,0.5,0.49
2026-07-29T00:00:29+00:00,3141968,0x725fca452e1e66907f0b843ada9e3fca96672745e4e91c8e2d45e6b81a87581c,XRP,5min,2026-07-29T00:00:00+00:00,-29.8,0.01,,,,0.99
2026-07-29T00:00:29+00:00,3141976,0x59cfd96834b4e14cdf9e4e0b972f765dc2f60669c155c2f212f17ad86a577489,DOGE,5min,2026-07-29T00:00:00+00:00,-29.9,,0.01,,0.99,
2026-07-29T00:00:30+00:00,3141975,0xabc569d5f5ac6095d081597c89334a2bb0062726f121090018fba857fa0b2536,BNB,5min,2026-07-29T00:00:00+00:00,-30.1,,0.01,,0.99,
2026-07-29T00:00:30+00:00,3142293,0x8b92c5522f1eace445a73015385b619a05b385424c986b3d121e830c62a90a62,BTC,5min,2026-07-29T00:40:00+00:00,2369.7,0.51,0.5,1.01,0.5,0.49
2026-07-29T00:00:30+00:00,3142772,0x25f4e08af1233f8ff9294c3e18ca15d9bf81b2fbec90c089218b07af67978d05,ETH,15min,2026-07-29T02:00:00+00:00,7169.6,0.51,0.5,1.01,0.5,0.49
2026-07-29T00:00:30+00:00,3142942,0x299f1fee3d4872caf846fc5887060822dcc6bce80170d61064044d1a557b65b5,SOL,5min,2026-07-29T02:10:00+00:00,7769.4,0.51,0.5,1.01,0.5,0.49
2026-07-29T00:00:30+00:00,3142117,0xe24f875cd21b33ae8c81f838400ec50a15dd4a69e56ab011703bed710b2723b8,XRP,5min,2026-07-29T00:05:00+00:00,269.2,0.59,0.42,1.01,0.58,0.4
2026-07-29T00:00:31+00:00,3142112,0xfd5214ef57717e08125ec6b10b6073b5f27a53df727e37f936e48cd340cd8d94,DOGE,5min,2026-07-29T00:05:00+00:00,269.0,0.66,0.38,1.04,0.62,0.34
2026-07-29T00:00:31+00:00,3142113,0xb0c0f7c58d3715da4ebba78e57cf2e7878e75765e9ee878e50d7b74f0e961019,BNB,5min,2026-07-29T00:05:00+00:00,268.8,0.58,0.49,1.07,0.51,0.37
2026-07-29T00:00:31+00:00,3142252,0x3489bfd33fdba3d39fa5f0727fe79cc908055db3fdc0e8d2531ecfa87cc3dd21,XRP,15min,2026-07-29T00:45:00+00:00,2668.6,0.51,0.52,1.03,0.48,0.49
2026-07-29T00:00:31+00:00,3142243,0x241d51b70012824b1bceab0590213f9693be4b422f77ea8f1721cdf6c371688f,DOGE,15min,2026-07-29T00:45:00+00:00,2668.4,0.52,0.52,1.04,0.48,0.48
2026-07-29T00:00:31+00:00,3142241,0xf483a8e7eaa8934040a548719a545e6da733d7977eef42b70e70223470114a4c,BNB,15min,2026-07-29T00:45:00+00:00,2668.3,0.52,0.52,1.04,0.48,0.48
2026-07-29T00:00:31+00:00,3142351,0x11a28aa6b3da85738f1c595803145c6fe5c657f921efcc474af17ae13feb2777,BTC,5min,2026-07-29T00:45:00+00:00,2668.1,0.51,0.5,1.01,0.5,0.49
2026-07-29T00:00:32+00:00,3142367,0x94e67b90390c7f05614d7b1092cb01d9490c7cf39051a1c89586f296a466bc89,BTC,15min,2026-07-29T01:00:00+00:00,3567.9,0.5,0.51,1.01,0.49,0.5
2026-07-29T00:00:32+00:00,3142775,0xfb86d3fee5ee270aeea3f131d8d75a97a7e1d91b0264717f997861603a64380e,ETH,5min,2026-07-29T01:50:00+00:00,6567.8,0.51,0.5,1.01,0.5,0.49
2026-07-29T00:00:32+00:00,3142785,0xb9401e9c41dc6e1c654453623e40053e7017a01afb45b30158ea47713d0715ea,ETH,5min,2026-07-29T01:55:00+00:00,6867.6,0.51,0.5,1.01,0.5,0.49
2026-07-29T00:00:32+00:00,3142960,0xb4dc38ea1ac64ab0d8c038c3022645e7425d3a468ffcbb0d149db8eb6c8ab534,SOL,5min,2026-07-29T02:15:00+00:00,8067.4,0.51,0.5,1.01,0.5,0.49
2026-07-29T00:00:32+00:00,3142965,0x3c4eada22fb49b4ac1a3e81442e1d19cbb914ec1cef783e7ea33fc7ff08d2ae7,SOL,15min,2026-07-29T02:30:00+00:00,8967.2,0.51,0.5,1.01,0.5,0.49
2026-07-29T00:00:32+00:00,3142127,0x58fec0ca894030de1cdf05f8cce945b3f21a4ad5e190c702cf64416554effdf7,XRP,5min,2026-07-29T00:10:00+00:00,567.0,0.48,0.53,1.01,0.47,0.52
2026-07-29T00:00:33+00:00,3142128,0x1483742a7bedc230f8d5f0e47c0d00f7e6b36b151bff38b893b3cb2e087865a0,DOGE,5min,2026-07-29T00:10:00+00:00,566.8,0.53,0.53,1.06,0.47,0.47
2026-07-29T00:00:33+00:00,3142126,0x6350ffff978d28603d7e157ca9864c5b0bcacdda05abda6267e39c2707e26c91,BNB,5min,2026-07-29T00:10:00+00:00,566.6,0.53,0.53,1.06,0.47,0.47
2026-07-29T00:00:33+00:00,3142371,0xbab602446d0170466da407e46ec785eb504441a37cfa1d1b1ed902df5a08a4e4,BTC,5min,2026-07-29T00:50:00+00:00,2966.5,0.51,0.5,1.01,0.5,0.49
2026-07-29T00:00:33+00:00,3142792,0xedb8b266b367f3b3116d61885b047e8684f15674cd5dc678b3477dea82f763cc,ETH,60min,2026-07-30T03:00:00+00:00,97166.3,0.51,0.5,1.01,0.5,0.49
2026-07-29T00:00:33+00:00,3142972,0xb87948a293a66371fdd514f9fc0a9c95a72a423d81a7fce3dca5adee8c340119,SOL,5min,2026-07-29T02:20:00+00:00,8366.1,0.51,0.5,1.01,0.5,0.49
2026-07-29T00:00:34+00:00,3142145,0x39613885a23d64d7dd235bf6fc24484ed21017e3a309595b5aa3b73fd093c523,XRP,5min,2026-07-29T00:15:00+00:00,866.0,0.52,0.53,1.05,0.47,0.48
2026-07-29T00:00:34+00:00,3142150,0x8663c91751e7db9cdd52a7e3161a79b3080d21992a662bd1352f70aab840c2c2,DOGE,5min,2026-07-29T00:15:00+00:00,865.7,0.53,0.53,1.06,0.47,0.47
2026-07-29T00:00:34+00:00,3142148,0x9b999c03c98416268cd4675c38114ae6d5269f6f5ac12a51d4a8af6d00fae16f,BNB,5min,2026-07-29T00:15:00+00:00,865.6,0.53,0.53,1.06,0.47,0.47
2026-07-29T00:01:19+00:00,3122008,0xeabbcdf011cf53a86a56a68fe026bd4993b68fec883b72015aca14e47e61481a,BTC,60min,2026-07-29T01:00:00+00:00,3520.4,0.68,0.33,1.01,0.67,0.32
2026-07-29T00:01:19+00:00,3122423,0xe51b06a2257b94859577da3a42e14abccf9190251f8aa1ae983e4ed81c1533b2,BTC,60min,2026-07-29T02:00:00+00:00,7120.2,0.49,0.53,1.02,0.47,0.51
2026-07-29T00:01:20+00:00,3123680,0xc210bf8ddd7ce50f48e33a440a03660bbc32284fca81bcaee39ec02e216631e6,BTC,60min,2026-07-29T03:00:00+00:00,10720.0,0.5,0.51,1.01,0.49,0.5
2026-07-29T00:01:20+00:00,3123683,0xdd6ba409b974a0f0b7b268ed5c07c4ec30d722a252a88d2a4bcdf1adbb516e70,BTC,60min,2026-07-29T04:00:00+00:00,14319.8,0.5,0.51,1.01,0.49,0.5
2026-07-29T00:01:20+00:00,3123689,0xbcefdd34226285b8ff029d9ff0e5693d918db28dd0996fe29712261d97767e6c,BTC,60min,2026-07-29T05:00:00+00:00,17919.6,0.5,0.51,1.01,0.49,0.5
2026-07-29T00:01:20+00:00,3124455,0x0cb234d6fb275708b66e49c9c91803ecb07d99b9238d9650108f70576bd4725a,BTC,60min,2026-07-29T06:00:00+00:00,21519.4,0.51,0.5,1.01,0.5,0.49
2026-07-29T00:01:20+00:00,3124456,0xa8422f4aa27eed5257c2f18173096fe66b072ff52ad8e44d688d54c6f46d4b3e,BTC,60min,2026-07-29T07:00:00+00:00,25119.2,0.5,0.51,1.01,0.49,0.5
2026-07-29T00:01:20+00:00,3124457,0x4d5c07b78cc3a5717ca570a302265688825898639cd95e77a0a0e497fc8a1a51,BTC,60min,2026-07-29T08:00:00+00:00,28719.0,0.5,0.51,1.01,0.49,0.5
2026-07-29T00:01:21+00:00,3124673,0x98958f3be1aef14d280f5f75c1b5207fc5e2a7a42d1480056b97692e58dd031a,BTC,60min,2026-07-29T09:00:00+00:00,32318.8,0.51,0.5,1.01,0.5,0.49
2026-07-29T00:01:21+00:00,3126383,0x9df512e9cd98fd3df53b7bd504d6836fc57a747544b36532d64bb729b0132435,BTC,60min,2026-07-29T10:00:00+00:00,35918.7,0.51,0.5,1.01,0.5,0.49
2026-07-29T00:01:21+00:00,3126389,0xa89352104779da7784de653abd75133c0a611a7bbccdc236aba00d89ab544480,BTC,60min,2026-07-29T11:00:00+00:00,39518.5,0.51,0.5,1.01,0.5,0.49
2026-07-29T00:01:21+00:00,3126395,0x13eca60590140bdf3628929dd81457a3cf5b49f64aae3bb4c3fee79f6d0eae31,BTC,60min,2026-07-29T12:00:00+00:00,43118.3,0.51,0.5,1.01,0.5,0.49
2026-07-29T00:01:21+00:00,3126409,0x3f9e70249efd26e51d2c64e69211a22a2681bdbd177a5d4b689dda0d52b93d03,BTC,60min,2026-07-29T13:00:00+00:00,46718.1,0.51,0.5,1.01,0.5,0.49
2026-07-29T00:01:22+00:00,3126418,0xf2f5468911ccba1dded30285657bc501a57584b0a2061861170fc13d7af7945c,BTC,60min,2026-07-29T14:00:00+00:00,50318.0,0.5,0.51,1.01,0.49,0.5
2026-07-29T00:01:22+00:00,3127748,0x3449922fb16aa4512df2c18ceeda63cec636727ebe08d6d1d87e8e54d450a676,BTC,60min,2026-07-29T15:00:00+00:00,53917.8,0.51,0.5,1.01,0.5,0.49
2026-07-29T00:01:22+00:00,3127752,0xc8c65e99d5dedc5a311e0d7be2cdc9885246f38d1878427ac89ce50dfc895101,BTC,60min,2026-07-29T16:00:00+00:00,57517.6,0.51,0.5,1.01,0.5,0.49
2026-07-29T00:01:22+00:00,3128747,0xeddb104fd58667f6acc2c074f3a5fbc21664dec154ebe48fe5606a051e51be46,BTC,60min,2026-07-29T17:00:00+00:00,61117.4,0.51,0.5,1.01,0.5,0.49
2026-07-29T00:01:22+00:00,3128748,0x094e774e0d01de0d5846d29439348949be3b260ccf010526b07db6c43d279ed3,BTC,60min,2026-07-29T18:00:00+00:00,64717.2,0.51,0.5,1.01,0.5,0.49
2026-07-29T00:01:22+00:00,3130186,0xd0f816b0d9b178baa77f863b6e0c02cbf0df26a14a35994bac9e3de69b46c78a,BTC,60min,2026-07-29T22:00:00+00:00,79117.0,0.51,0.5,1.01,0.5,0.49
2026-07-29T00:01:23+00:00,3132475,0x809a792b5acf6f339211ab3c48da2b281e286e59fabfc192f52c4f005af7d549,BTC,60min,2026-07-29T19:00:00+00:00,68316.9,0.51,0.5,1.01,0.5,0.49
2026-07-29T00:01:23+00:00,3132482,0xac78a24835f05a69f6e74614f6f818b8c0fb83796402f9fb53b738da654f8f4b,BTC,60min,2026-07-29T20:00:00+00:00,71916.7,0.51,0.5,1.01,0.5,0.49
2026-07-29T00:01:23+00:00,3132496,0xd71d5f9fc05ca20ec35b32a9fe2a64105862f1a52aa2485537121a06bbc11fc3,BTC,60min,2026-07-29T21:00:00+00:00,75516.5,0.51,0.5,1.01,0.5,0.49
2026-07-29T00:01:23+00:00,3134007,0xef0e1a9910f56e01d0ed6f22c50cabfa48ca5ef1ef861a5c1f577863de819718,BTC,60min,2026-07-29T23:00:00+00:00,82716.3,0.51,0.5,1.01,0.5,0.49
2026-07-29T00:01:23+00:00,3139178,0x3f8ef79d86a9c027c72df4ff96b17f9c9513163c48f38882288ab25ea8e88baa,BTC,60min,2026-07-30T00:00:00+00:00,86316.2,0.51,0.5,1.01,0.5,0.49
2026-07-29T00:01:23+00:00,3141939,0x0105e1fad459d86f413d4c012ff62851a9786de3b983a80ef7a32cbee6b260d6,BTC,60min,2026-07-30T01:00:00+00:00,89916.0,0.51,0.5,1.01,0.5,0.49
2026-07-29T00:01:24+00:00,3142104,0xce5929b88ee4429dc6610b836be6de5432145b03b38cdd05512b3bb2264f8bf4,BTC,15min,2026-07-29T00:15:00+00:00,815.8,0.83,0.18,1.01,0.82,0.17
2026-07-29T00:01:24+00:00,3142109,0x377cc8569e8db2fde7b22c315c22bcf34e3d4e5a87839562b4c0760a555889cc,BTC,5min,2026-07-29T00:05:00+00:00,215.7,0.92,0.09,1.01,0.91,0.08
2026-07-29T00:01:24+00:00,3142132,0x12a31c55db09ad7c2eac318df0c77406e6fec25ce384526e1c5deeae22f62680,BTC,5min,2026-07-29T00:10:00+00:00,515.5,0.51,0.5,1.01,0.5,0.49
2026-07-29T00:01:24+00:00,3142149,0x17f1a6abee5c311255e26fbfacbae1aac498246055a1790df2748abd49441463,BTC,5min,2026-07-29T00:15:00+00:00,815.3,0.51,0.5,1.01,0.5,0.49
2026-07-29T00:01:24+00:00,3142160,0xa21783975daa6d6d8edc2af0536bd03d16d14fbf4db5fe62f18ab5013e867ca0,BTC,5min,2026-07-29T00:20:00+00:00,1115.1,0.51,0.5,1.01,0.5,0.49
2026-07-29T00:01:25+00:00,3142162,0x0adf7cb0351d521d0b84d779a1572bf1a4aea2502e2310a6bc2d4359c5fea6dd,BTC,15min,2026-07-29T00:30:00+00:00,1714.9,0.51,0.5,1.01,0.5,0.49
2026-07-29T00:01:25+00:00,3142173,0xfbdc53867f38b647c55a190c8c6ccf00e22bb942c583e9287ba9d311f54e34b2,BTC,5min,2026-07-29T00:25:00+00:00,1414.7,0.51,0.5,1.01,0.5,0.49
2026-07-29T00:01:25+00:00,3142236,0xb27024a3d706655afcceb8dac3f38e15dcc9ad8cff7d092938b020eae0316565,BTC,5min,2026-07-29T00:30:00+00:00,1714.6,0.51,0.5,1.01,0.5,0.49
2026-07-29T00:01:25+00:00,3142248,0xcbb5ae899c23d6e69e50d29c37c10bfc7b0abcd6abfd0d0791a6b94a40be737e,BTC,15min,2026-07-29T00:45:00+00:00,2614.4,0.5,0.51,1.01,0.49,0.5
2026-07-29T00:01:25+00:00,3142251,0x47e908da0e209f6af2426dbf269b9bb6d14840f0a7a82593af6c6fa3e3ca441e,BTC,5min,2026-07-29T00:35:00+00:00,2014.2,0.51,0.5,1.01,0.5,0.49
2026-07-29T00:01:26+00:00,3142293,0x8b92c5522f1eace445a73015385b619a05b385424c986b3d121e830c62a90a62,BTC,5min,2026-07-29T00:40:00+00:00,2314.0,0.51,0.5,1.01,0.5,0.49
2026-07-29T00:01:26+00:00,3142351,0x11a28aa6b3da85738f1c595803145c6fe5c657f921efcc474af17ae13feb2777,BTC,5min,2026-07-29T00:45:00+00:00,2613.8,0.51,0.5,1.01,0.5,0.49
2026-07-29T00:01:26+00:00,3142367,0x94e67b90390c7f05614d7b1092cb01d9490c7cf39051a1c89586f296a466bc89,BTC,15min,2026-07-29T01:00:00+00:00,3513.6,0.5,0.51,1.01,0.49,0.5
2026-07-29T00:01:26+00:00,3142371,0xbab602446d0170466da407e46ec785eb504441a37cfa1d1b1ed902df5a08a4e4,BTC,5min,2026-07-29T00:50:00+00:00,2913.4,0.51,0.5,1.01,0.5,0.49
2026-07-29T00:01:26+00:00,3122039,0xe9e695a9798f678e6fce041462c625a64ce9a787d4c9447f194d2eeeda8a3272,ETH,60min,2026-07-29T01:00:00+00:00,3513.2,0.66,0.35,1.01,0.65,0.34
2026-07-29T00:01:27+00:00,3122425,0x81817b3fbc909ce74bcd892e7b3d8337426bf7c2a48f6a1e25d4db30d3463609,ETH,60min,2026-07-29T02:00:00+00:00,7113.0,0.49,0.53,1.02,0.47,0.51
2026-07-29T00:01:27+00:00,3123727,0x0fcdde7d98403fb601de6a85bd7f41603a5332ab91d9c51dc0fb98912ab9d84b,ETH,60min,2026-07-29T03:00:00+00:00,10712.7,0.51,0.51,1.02,0.49,0.49
2026-07-29T00:01:27+00:00,3123734,0x6c997c5ed81370120a109bec877f00f3f4d9dc05b4bf7260621db703450aaf89,ETH,60min,2026-07-29T04:00:00+00:00,14312.5,0.51,0.5,1.01,0.5,0.49
2026-07-29T00:01:27+00:00,3123741,0x63c34c588ed324681bf5579d27dcaf147afedfb4b61becaa05d1026b987552e2,ETH,60min,2026-07-29T05:00:00+00:00,17912.4,0.51,0.5,1.01,0.5,0.49
2026-07-29T00:01:27+00:00,3124458,0x0a58a174196c09d2cd8de29b796909d3750b2512cdecd3caca265e79a277bf13,ETH,60min,2026-07-29T06:00:00+00:00,21512.1,0.51,0.5,1.01,0.5,0.49
2026-07-29T00:01:28+00:00,3124459,0x9f4884946a18bc27b896ca82494d656c6d20badf3f3b4b2c0dfb78bc3922b695,ETH,60min,2026-07-29T07:00:00+00:00,25111.8,0.51,0.5,1.01,0.5,0.49
2026-07-29T00:01:28+00:00,3124460,0x768ac2403b78c4914172ee3bcf99d33788d43c5d429730df12bef25bd6a07bb6,ETH,60min,2026-07-29T08:00:00+00:00,28711.6,0.51,0.5,1.01,0.5,0.49
2026-07-29T00:01:28+00:00,3124674,0x0528667d765efc04e6c84eeba1d4d798be058a0e134314e5cfb32a3ccad4352c,ETH,60min,2026-07-29T09:00:00+00:00,32311.3,0.51,0.5,1.01,0.5,0.49
2026-07-29T00:01:28+00:00,3126477,0xb949a51d785c7973dae45543ce4bd0086b04f0b520f123bc56366f7109f35df6,ETH,60min,2026-07-29T10:00:00+00:00,35911.1,0.51,0.5,1.01,0.5,0.49
2026-07-29T00:01:29+00:00,3126492,0x86d27a39b55fb7ab45954d905158e6f55486c50c6df683b89a6193dbdc23f696,ETH,60min,2026-07-29T11:00:00+00:00,39510.8,0.51,0.5,1.01,0.5,0.49
2026-07-29T00:01:29+00:00,3126499,0x64f562942f3f337603cd699648c241b4f3b2fdf1fed5616917be6223c9b16e91,ETH,60min,2026-07-29T12:00:00+00:00,43110.7,0.51,0.5,1.01,0.5,0.49
2026-07-29T00:01:29+00:00,3126506,0xa029622e55c1f95dfd28c0c23f6b5ec3dcfd7f303a9ecb1c8c798e7a111fc45a,ETH,60min,2026-07-29T13:00:00+00:00,46710.5,0.51,0.5,1.01,0.5,0.49
2026-07-29T00:01:29+00:00,3126512,0x241f5dc8848c4be404aa1759a5911e86fc65d61f8049447eb1a3af2b9abcfa60,ETH,60min,2026-07-29T14:00:00+00:00,50310.3,0.5,0.51,1.01,0.49,0.5
2026-07-29T00:01:29+00:00,3127775,0x5d45db51ad256e230e71a57724bf74198438348e9bd44f120ab6a56f9db3d607,ETH,60min,2026-07-29T15:00:00+00:00,53910.1,0.51,0.5,1.01,0.5,0.49
2026-07-29T00:01:30+00:00,3127776,0x1cbcce14a8c5d2936343c3f270d35db0b4b4e509bc7b67f5fa0dfee9f7d93167,ETH,60min,2026-07-29T16:00:00+00:00,57509.9,0.51,0.5,1.01,0.5,0.49
2026-07-29T00:01:30+00:00,3128749,0x870341df0105a013ec7eb5da81a52eba45370e0f2adf021c9291bfef52f4f5af,ETH,60min,2026-07-29T17:00:00+00:00,61109.7,0.51,0.5,1.01,0.5,0.49
2026-07-29T00:01:30+00:00,3128750,0xdcd0b77ef8624d39395db405d1908740e93ef3102331b9b5073ab56f0c93d36a,ETH,60min,2026-07-29T18:00:00+00:00,64709.4,0.51,0.5,1.01,0.5,0.49
2026-07-29T00:01:30+00:00,3130204,0x9987a8669dfd38dbf9940ad57ad70af5e6bba2d36e1f048c8ec5135d62cc3c1e,ETH,60min,2026-07-29T22:00:00+00:00,79109.3,0.51,0.5,1.01,0.5,0.49
2026-07-29T00:01:30+00:00,3132536,0x158170859fee9f187a87cd0275440cddb06439f5095df54220563a392910a754,ETH,60min,2026-07-29T19:00:00+00:00,68309.1,0.51,0.5,1.01,0.5,0.49
2026-07-29T00:01:31+00:00,3132545,0xda29eb374a3450176f64f64d93693ce1adcd8b289c61203136240a0c04c51673,ETH,60min,2026-07-29T20:00:00+00:00,71908.9,0.51,0.5,1.01,0.5,0.49
2026-07-29T00:01:31+00:00,3132553,0xd9e5f376d2512dfaac2d3836db77c5cc6389b8f6deae5d42ca09820259c6ba72,ETH,60min,2026-07-29T21:00:00+00:00,75508.7,0.51,0.5,1.01,0.5,0.49
2026-07-29T00:01:31+00:00,3134009,0xbfb643cb2dfb73cf3477cd15ae4ee4303101e90309bcec29ee92a3c0d322d834,ETH,60min,2026-07-29T23:00:00+00:00,82708.5,0.51,0.5,1.01,0.5,0.49
2026-07-29T00:01:31+00:00,3139179,0x55e70ceaff64b2ed8070ed5dcd36a9e240159401c887c8ad721761642544b9dc,ETH,60min,2026-07-30T00:00:00+00:00,86308.4,0.51,0.5,1.01,0.5,0.49
2026-07-29T00:01:31+00:00,3141940,0x59b5cc5ae43f996af8d24f6f3fae3ab6f299d25ca8552b211a54a52d66e74080,ETH,60min,2026-07-30T01:00:00+00:00,89908.1,0.51,0.5,1.01,0.5,0.49
2026-07-29T00:01:32+00:00,3142108,0x90ab151b98fa953fe24512c4902cb5f8acefc044b1195fdb9fe9a6a9c5d950fd,ETH,5min,2026-07-29T00:05:00+00:00,207.9,0.92,0.09,1.01,0.91,0.08
2026-07-29T00:01:32+00:00,3142119,0xaadc6cfd1a4504042902ed767868bdbaf688a3238ebd80176123901ad4fe7e67,ETH,15min,2026-07-29T00:15:00+00:00,807.7,0.77,0.24,1.01,0.76,0.23
2026-07-29T00:01:32+00:00,3142130,0x9c457888d4515ea8e48b8f2bd0fe2dd5da07587f2e3421a31ea34cb692ef54d8,ETH,5min,2026-07-29T00:10:00+00:00,507.5,0.5,0.51,1.01,0.49,0.5
2026-07-29T00:01:32+00:00,3142146,0x210ce6cb66f1796883ded5b4315c58d3b534aa99fc383ad8d6d09985705d4b0a,ETH,5min,2026-07-29T00:15:00+00:00,807.3,0.5,0.51,1.01,0.49,0.5
2026-07-29T00:01:32+00:00,3142152,0xb56df72adecf8c59023607f15fa1035cbf79db0782e5975dcf10144e90f58479,ETH,5min,2026-07-29T00:20:00+00:00,1107.1,0.51,0.5,1.01,0.5,0.49
2026-07-29T00:01:33+00:00,3142156,0x72a6b3689ba753a10c3dd3d8719550a8c0b30a2a2571d23bc88bf62d76fc3c88,ETH,15min,2026-07-29T00:30:00+00:00,1707.0,0.5,0.51,1.01,0.49,0.5
2026-07-29T00:01:33+00:00,3142167,0x03c8d711fee044fb78e558b08b4309faa257040d3b652b9803ac21fde727b086,ETH,5min,2026-07-29T00:25:00+00:00,1406.8,0.51,0.5,1.01,0.5,0.49
2026-07-29T00:01:33+00:00,3142238,0x0d84b064bff67177ef64d6162ab299da31e7345481a75d11ac5c3b4f3adbf2f1,ETH,5min,2026-07-29T00:30:00+00:00,1706.6,0.51,0.5,1.01,0.5,0.49
2026-07-29T00:01:33+00:00,3142246,0x3873b0c65c6e281a20eba4cb245d092f6231a0d75cfd8c416df210cdcff7ae0b,ETH,5min,2026-07-29T00:35:00+00:00,2006.3,0.51,0.5,1.01,0.5,0.49
2026-07-29T00:01:33+00:00,3142247,0x61f1b9b836cabba2f83025553caea011b650bc094adc050b9479074ac9dcb422,ETH,15min,2026-07-29T00:45:00+00:00,2606.2,0.51,0.51,1.02,0.49,0.49
2026-07-29T00:01:34+00:00,3142297,0xcab8f6976d7ea4f0b86029f946db5776ed32c22f778d5fdcb96d42ed16673b56,ETH,5min,2026-07-29T00:40:00+00:00,2306.0,0.51,0.5,1.01,0.5,0.49
2026-07-29T00:01:34+00:00,3142355,0x5b727176ebbf9e3786a9d15f73a90936f79ad798a043b5d5d4010b57602763ac,ETH,5min,2026-07-29T00:45:00+00:00,2605.8,0.51,0.5,1.01,0.5,0.49
2026-07-29T00:01:34+00:00,3142358,0x0a0c0a72ca1fd4d00951e5d4898dff124ba2a6c164cdeb28e58ce13a4e2fd05f,ETH,15min,2026-07-29T01:00:00+00:00,3505.6,0.51,0.5,1.01,0.5,0.49
2026-07-29T00:01:34+00:00,3142360,0xde1ee3d937aeeca6bb5135f5ff7ad538f56beaae48add76eb919b0505516736b,ETH,5min,2026-07-29T00:50:00+00:00,2905.4,0.5,0.51,1.01,0.49,0.5
2026-07-29T00:01:34+00:00,3142375,0x12492f955ae797615aa1e245a443827c43a65cb3db5c4b80fcff1b1b6451e8cc,ETH,5min,2026-07-29T00:55:00+00:00,3205.2,0.51,0.5,1.01,0.5,0.49
2026-07-29T00:01:34+00:00,3142380,0xf413c03f48c84e474277be3156bb9a2d572f76a55c3451e4c92db3871088e99b,ETH,60min,2026-07-30T02:00:00+00:00,93505.1,0.51,0.5,1.01,0.5,0.49
2026-07-29T00:01:35+00:00,3142415,0x95d0f241df32e776d846a912e7d85ae0ffb031fcaa878a3e3285f102b6641d5b,ETH,5min,2026-07-29T01:00:00+00:00,3504.9,0.51,0.5,1.01,0.5,0.49
2026-07-29T00:01:35+00:00,3142452,0x0934043c6093e2504be71d199a52079c41c9189ac826d242df04f289be12319a,ETH,5min,2026-07-29T01:05:00+00:00,3804.8,0.51,0.5,1.01,0.5,0.49
2026-07-29T00:01:35+00:00,3142460,0x6438f71048a9b91fd82e3f386c950d48e99ab6208775857ec8a25b69054ee4e8,ETH,15min,2026-07-29T01:15:00+00:00,4404.6,0.51,0.5,1.01,0.5,0.49
2026-07-29T00:01:35+00:00,3142468,0x4e7d434d451afb4940b2795e1bbf3079819fc53ce3336c81fe9c1186049a1fab,ETH,5min,2026-07-29T01:10:00+00:00,4104.4,0.51,0.5,1.01,0.5,0.49
2026-07-29T00:01:35+00:00,3142495,0x007d69e185b4cf550d7e4af5d3964ed1ee37f30b78f46ecd8d450a0f1413c359,ETH,5min,2026-07-29T01:15:00+00:00,4404.2,0.51,0.5,1.01,0.5,0.49
2026-07-29T00:01:35+00:00,3142502,0xb0e7f58276594ab18b4c51a99a4af307a909e0f0eaa45a22c5606e83ebefa2c4,ETH,5min,2026-07-29T01:20:00+00:00,4704.0,0.51,0.5,1.01,0.5,0.49
2026-07-29T00:01:36+00:00,3142504,0x4a8d05b01af79d400ba4adc394ee0d653322de89390444a5612f904cbce6fb4e,ETH,15min,2026-07-29T01:30:00+00:00,5303.8,0.51,0.5,1.01,0.5,0.49
2026-07-29T00:01:36+00:00,3142517,0x694cb5c6aa4d0241d3a9b279a6b8cde17795f75283d1da68644158faa0741b7f,ETH,5min,2026-07-29T01:25:00+00:00,5003.7,0.51,0.51,1.02,0.49,0.49
2026-07-29T00:01:36+00:00,3142620,0x21083e12f237b5436e0a21a15658fffbaccd629f9faea0fe1a8c5a04c2994da4,ETH,5min,2026-07-29T01:30:00+00:00,5303.5,0.51,0.5,1.01,0.5,0.49
2026-07-29T00:01:36+00:00,3142630,0xea9f5c7ca5fb4c7a6d2bc1f3557e7d63c37edccc7cd20cd5e1b1750ab0ebc8b3,ETH,15min,2026-07-29T01:45:00+00:00,6203.3,0.51,0.5,1.01,0.5,0.49
2026-07-29T00:01:36+00:00,3142636,0x191574ee2c2db03e1b4e8502fb82e0abb27dd937d8ec4cc8476fdbe43979032f,ETH,5min,2026-07-29T01:35:00+00:00,5603.1,0.51,0.5,1.01,0.5,0.49
2026-07-29T00:01:37+00:00,3142697,0x921a803c8360b35329cf5935b88e76cd099dd76cbf5cd435afd696857588ab62,ETH,5min,2026-07-29T01:40:00+00:00,5902.8,0.51,0.5,1.01,0.5,0.49
2026-07-29T00:01:37+00:00,3142728,0x4947140b380fc5a4dd97c2b0c8a9029aca3b1417a98094584b70a8e385d0a20a,ETH,5min,2026-07-29T01:45:00+00:00,6202.6,0.51,0.5,1.01,0.5,0.49
2026-07-29T00:01:37+00:00,3142772,0x25f4e08af1233f8ff9294c3e18ca15d9bf81b2fbec90c089218b07af67978d05,ETH,15min,2026-07-29T02:00:00+00:00,7102.4,0.51,0.5,1.01,0.5,0.49
2026-07-29T00:01:37+00:00,3142775,0xfb86d3fee5ee270aeea3f131d8d75a97a7e1d91b0264717f997861603a64380e,ETH,5min,2026-07-29T01:50:00+00:00,6502.2,0.51,0.5,1.01,0.5,0.49
2026-07-29T00:01:37+00:00,3142785,0xb9401e9c41dc6e1c654453623e40053e7017a01afb45b30158ea47713d0715ea,ETH,5min,2026-07-29T01:55:00+00:00,6802.0,0.51,0.5,1.01,0.5,0.49
2026-07-29T00:01:38+00:00,3142792,0xedb8b266b367f3b3116d61885b047e8684f15674cd5dc678b3477dea82f763cc,ETH,60min,2026-07-30T03:00:00+00:00,97101.9,0.51,0.5,1.01,0.5,0.49
2026-07-29T00:01:38+00:00,3122064,0xa494ed9702e2b5cc5daf5ad14d86efcf5b034e4d357ad816f2fc0d277353c070,SOL,60min,2026-07-29T01:00:00+00:00,3501.6,0.66,0.36,1.02,0.64,0.34
2026-07-29T00:01:38+00:00,3122426,0x7299fd44616e7e8564c570afc08ba9d3a6b7f501bc03b336f60df28fd5be7c17,SOL,60min,2026-07-29T02:00:00+00:00,7101.4,0.52,0.53,1.05,0.47,0.48
2026-07-29T00:01:38+00:00,3123792,0x6b2be2d46640fc28934a08e3b31329a0f8b4b5271166504ed043a8db4fd562b6,SOL,60min,2026-07-29T03:00:00+00:00,10701.2,0.52,0.52,1.04,0.48,0.48
2026-07-29T00:01:38+00:00,3123799,0xf36bce5d8b45d33fc6de1594ad0cfcc6ebba8d963b064f39b31d9cc122784ec9,SOL,60min,2026-07-29T04:00:00+00:00,14301.0,0.51,0.5,1.01,0.5,0.49
2026-07-29T00:01:39+00:00,3123810,0xdcae117ceb888028bde2d0db8a546d39e72ab902daff79fe60f2f10e26b8db60,SOL,60min,2026-07-29T05:00:00+00:00,17900.8,0.51,0.5,1.01,0.5,0.49
2026-07-29T00:01:39+00:00,3124461,0x1769456e581672a05bf889b3456f7a1c60d018b3201b4173b7ad8a0a44e33a36,SOL,60min,2026-07-29T06:00:00+00:00,21500.7,0.51,0.5,1.01,0.5,0.49
2026-07-29T00:01:39+00:00,3124463,0xfd7279617f8cd654a20b042cddfce47921c44853afcc6c2ea83b8bc14a4aa968,SOL,60min,2026-07-29T07:00:00+00:00,25100.4,0.51,0.5,1.01,0.5,0.49
2026-07-29T00:01:39+00:00,3124465,0x39676e7317a13be0f4c8e24bbaf991a8d9e6b9612be8143c990da76da77e65cd,SOL,60min,2026-07-29T08:00:00+00:00,28700.2,0.51,0.5,1.01,0.5,0.49
2026-07-29T00:01:40+00:00,3124675,0x0bf5418300291864c128f1701942c857d74619015750a3fbc030bd0cfbe2357f,SOL,60min,2026-07-29T09:00:00+00:00,32299.9,0.51,0.5,1.01,0.5,0.49
2026-07-29T00:01:40+00:00,3126555,0xc50ff1dfc394900b76445a9ffe3a2a94d741f4473aaf8a670b20db986154bfe0,SOL,60min,2026-07-29T10:00:00+00:00,35899.7,0.51,0.5,1.01,0.5,0.49
2026-07-29T00:01:40+00:00,3126559,0xa52c0fbb200315aba06c3e265835da7cc0093f5065ed8778a6bfb4cfacee5f1d,SOL,60min,2026-07-29T11:00:00+00:00,39499.5,0.51,0.5,1.01,0.5,0.49
2026-07-29T00:01:40+00:00,3126566,0xda30243c8ec7ead5de88693c6a8cded607c442115a5a112270d1a34cfe907ff7,SOL,60min,2026-07-29T12:00:00+00:00,43099.3,0.51,0.5,1.01,0.5,0.49
2026-07-29T00:01:40+00:00,3126570,0xb146f633de1d740c3461ae07d14e4228e30ae1783043ed8cf5d2918ad6c2bd17,SOL,60min,2026-07-29T13:00:00+00:00,46699.1,0.51,0.5,1.01,0.5,0.49
2026-07-29T00:01:41+00:00,3126575,0x5f16f4665dd7f4b137061b79907667f3cc90e3b652fd3cbe7e054869fb142c4e,SOL,60min,2026-07-29T14:00:00+00:00,50298.9,0.5,0.51,1.01,0.49,0.5
2026-07-29T00:01:41+00:00,3127800,0xcea08b51574774bd742611ca197c3d4fe08b1bad50025a53298dbc6dcf4fedb5,SOL,60min,2026-07-29T15:00:00+00:00,53898.6,0.51,0.5,1.01,0.5,0.49
2026-07-29T00:01:41+00:00,3127804,0xdd76ff9d630c0765581dd0b146fc56864da937cf9f80127f7f02922f1fbd0315,SOL,60min,2026-07-29T16:00:00+00:00,57498.4,0.51,0.5,1.01,0.5,0.49
2026-07-29T00:01:41+00:00,3128751,0x1d3b22efa7ac2a7e33ddc4967c6f990b3c71a2facdedae3712bededebbe2ec09,SOL,60min,2026-07-29T17:00:00+00:00,61098.1,0.51,0.5,1.01,0.5,0.49
2026-07-29T00:01:42+00:00,3128752,0x81247cfc3ec33ad6580e3b6273ddf379b1ebb263c879d3749fda02e2c1bdd777,SOL,60min,2026-07-29T18:00:00+00:00,64697.8,0.51,0.5,1.01,0.5,0.49
2026-07-29T00:01:42+00:00,3130219,0x5382969a9989eb5dc90f6d6b73792ba3a36f412f2bf7dafe5fcf0e230c290a05,SOL,60min,2026-07-29T22:00:00+00:00,79097.7,0.51,0.5,1.01,0.5,0.49
2026-07-29T00:01:42+00:00,3132583,0x59098615244e2d161aeb2b7f0a644ff43caee060cea0851ac43cdf670f43cdab,SOL,60min,2026-07-29T19:00:00+00:00,68297.4,0.51,0.5,1.01,0.5,0.49
2026-07-29T00:01:42+00:00,3132593,0xdefede69c2d2da35b975a6ef956df24ae4bfcb23c4738b69340276bf98cc32c8,SOL,60min,2026-07-29T20:00:00+00:00,71897.2,0.51,0.5,1.01,0.5,0.49
2026-07-29T00:01:42+00:00,3132600,0xc94191515705e54058b34ad5c239fbcfa97cb0119f51c3691a9e997e4b911cf0,SOL,60min,2026-07-29T21:00:00+00:00,75497.0,0.51,0.5,1.01,0.5,0.49
2026-07-29T00:01:43+00:00,3134013,0x65d34f710dcadc11aa19ba701e6f631a091bd0857234ab5cb18cec1672719360,SOL,60min,2026-07-29T23:00:00+00:00,82696.9,0.51,0.5,1.01,0.5,0.49
2026-07-29T00:01:43+00:00,3139180,0x8f221f838f373041dd8c26e0db2bce065403217d0963838ba063c14834fd3dd9,SOL,60min,2026-07-30T00:00:00+00:00,86296.7,0.51,0.5,1.01,0.5,0.49
2026-07-29T00:01:43+00:00,3141941,0x961df2cfed3610360ce531c71bc18c42074e7db7a8f9537c593890b54d396bb0,SOL,60min,2026-07-30T01:00:00+00:00,89896.5,0.51,0.5,1.01,0.5,0.49
2026-07-29T00:01:43+00:00,3142111,0x118abbcb9ddc4618fee9ff78449a12ebe47e660a5a4c006cf82aa8be02efb552,SOL,15min,2026-07-29T00:15:00+00:00,796.3,0.72,0.3,1.02,0.7,0.29
2026-07-29T00:01:43+00:00,3142120,0x4dbb9fc91f88c486e186351323ef9475126b1114e8258437c6094f040acdf546,SOL,5min,2026-07-29T00:05:00+00:00,196.1,0.81,0.21,1.02,0.79,0.19
2026-07-29T00:01:44+00:00,3142131,0x5d6e6336d26e573ad210352191ec6533602fcb35fa613466c5f9038571f7944b,SOL,5min,2026-07-29T00:10:00+00:00,495.9,0.5,0.51,1.01,0.49,0.5
2026-07-29T00:01:44+00:00,3142147,0x45ba7758635ed5ffcdde51291c72dd198b0133bdae9226b83b8792105e69744c,SOL,5min,2026-07-29T00:15:00+00:00,795.8,0.51,0.51,1.02,0.49,0.49
2026-07-29T00:01:44+00:00,3142159,0x6fa499d32e784b19fe9e1792d4d97fe477ea95b3a00469b1706e9124d6a8f970,SOL,5min,2026-07-29T00:20:00+00:00,1095.6,0.51,0.5,1.01,0.5,0.49
2026-07-29T00:01:44+00:00,3142165,0xed41acb38ad71b1eb26d70a20d7b14997f30f64036cdb1ac790b031958487990,SOL,15min,2026-07-29T00:30:00+00:00,1695.5,0.5,0.51,1.01,0.49,0.5
2026-07-29T00:01:44+00:00,3142171,0x93c942d33f187192770c35f9b15946b7be5697f003d62ff9b81ce1adf57c5c69,SOL,5min,2026-07-29T00:25:00+00:00,1395.3,0.51,0.5,1.01,0.5,0.49
2026-07-29T00:01:44+00:00,3142235,0xe3744346e3c3df358102676990108782fa5bd850a99012f136a91715d9bc9860,SOL,5min,2026-07-29T00:30:00+00:00,1695.1,0.51,0.5,1.01,0.5,0.49
2026-07-29T00:01:45+00:00,3142244,0x570b3deef9c9e69fa2f13a4c6c76e25bd5eeafd331e804e83f98e3bd14c56627,SOL,15min,2026-07-29T00:45:00+00:00,2594.9,0.51,0.52,1.03,0.48,0.49
2026-07-29T00:01:45+00:00,3142250,0x247578be80ce0498857b1fe3c9a617d578618019200076d3f88a12b562125d05,SOL,5min,2026-07-29T00:35:00+00:00,1994.8,0.51,0.5,1.01,0.5,0.49
2026-07-29T00:01:45+00:00,3142296,0xd6f8019f3cc10a3e2f99232451ed7edfc1ac12bc5e69af3da73b9002bbb63d05,SOL,5min,2026-07-29T00:40:00+00:00,2294.6,0.51,0.5,1.01,0.5,0.49
2026-07-29T00:01:45+00:00,3142357,0x767a4da31cb5ea43e2acbb7675eb1d57fd55ef838abd65616a1a97054bb67adb,SOL,5min,2026-07-29T00:45:00+00:00,2594.4,0.51,0.5,1.01,0.5,0.49
2026-07-29T00:01:45+00:00,3142368,0xa9bef7e0bf2fcf292a585066809f4bdcbc594906018971c7df6aac6b6ca8da53,SOL,5min,2026-07-29T00:50:00+00:00,2894.3,0.51,0.5,1.01,0.5,0.49
2026-07-29T00:01:45+00:00,3142369,0xf575a65e8ea6a60a45d5b6f4f3cf69d9cdb7ac847e345dc8661e6e7d83744a85,SOL,15min,2026-07-29T01:00:00+00:00,3494.1,0.51,0.5,1.01,0.5,0.49
2026-07-29T00:01:46+00:00,3142373,0xff4f227e0619d46111b6e55935975dfd2a1bfaa9f00e891614153d5deed37ed1,SOL,5min,2026-07-29T00:55:00+00:00,3193.9,0.51,0.5,1.01,0.5,0.49
2026-07-29T00:01:46+00:00,3142381,0xdbfe373d11b8ab90b12a6a00f59d0f5dc1d61092ca35c3fe8143e8e4fb31d8c4,SOL,60min,2026-07-30T02:00:00+00:00,93493.7,0.51,0.5,1.01,0.5,0.49
2026-07-29T00:01:46+00:00,3142411,0x24f20133d07b8987c8e2fd620d344a02fbd677faae6ced55978b03b07a322450,SOL,5min,2026-07-29T01:00:00+00:00,3493.5,0.51,0.5,1.01,0.5,0.49
2026-07-29T00:01:46+00:00,3142453,0x78f4163e46eb409e83304ac673c44d1e5de634d0a1aecd4acbaa0bd615d74921,SOL,15min,2026-07-29T01:15:00+00:00,4393.3,0.5,0.51,1.01,0.49,0.5
2026-07-29T00:01:46+00:00,3142456,0x7e98adae37e37dab34b15916c62eba66ff128148d1d693e0c4c104c1d785b4ff,SOL,5min,2026-07-29T01:05:00+00:00,3793.1,0.51,0.5,1.01,0.5,0.49
2026-07-29T00:01:47+00:00,3142472,0x029e9b29d65905d33226a751a1d1846c998baa4eb87b079036bcadf92d168aea,SOL,5min,2026-07-29T01:10:00+00:00,4092.9,0.51,0.5,1.01,0.5,0.49
2026-07-29T00:01:47+00:00,3142496,0x9bb10fc439a678091ecde6baffcb039415c1032ad237c51e8cf4bb1d56f63fe4,SOL,5min,2026-07-29T01:15:00+00:00,4392.7,0.51,0.5,1.01,0.5,0.49
2026-07-29T00:01:47+00:00,3142505,0xd23be2d75869ff51ee2b333e32bd47618319b8a07d895fa4c6ba411063aff1a2,SOL,5min,2026-07-29T01:20:00+00:00,4692.5,0.51,0.5,1.01,0.5,0.49
2026-07-29T00:01:47+00:00,3142508,0x85dd3e417f89c3e8b18420c20078cd72475b8613daa1bafc55324a12745d62c4,SOL,15min,2026-07-29T01:30:00+00:00,5292.3,0.51,0.5,1.01,0.5,0.49
2026-07-29T00:01:47+00:00,3142522,0xef8460f50834742caf5f5edf63262f5863cf33b2d25aab274469866ca7a8afc5,SOL,5min,2026-07-29T01:25:00+00:00,4992.1,0.51,0.5,1.01,0.5,0.49
2026-07-29T00:01:48+00:00,3142621,0x463a8d2d844f1f385a3272c2b22ceb7a24c81d044ea42758f9aad61faeb42ee5,SOL,5min,2026-07-29T01:30:00+00:00,5291.9,0.51,0.51,1.02,0.49,0.49
2026-07-29T00:01:48+00:00,3142628,0x55cb7ecb164167196daa9a445d85a1a8ad885c9d432907b7dfc5f4f8615990c9,SOL,15min,2026-07-29T01:45:00+00:00,6191.7,0.51,0.5,1.01,0.5,0.49
2026-07-29T00:01:48+00:00,3142635,0x2823c3f8a0960040d6580fcd83c3fadd4da21f1affb0e33db17025b6749a8f34,SOL,5min,2026-07-29T01:35:00+00:00,5591.5,0.51,0.51,1.02,0.49,0.49
2026-07-29T00:01:48+00:00,3142702,0xeb8fc55a10d0cecebcfddac74c8148667813854a8c9824292c3fc6a566573619,SOL,5min,2026-07-29T01:40:00+00:00,5891.4,0.51,0.5,1.01,0.5,0.49
2026-07-29T00:01:48+00:00,3142723,0x0f2e7d399965df727d507872be69a6470af51cef5b9df7f7c0d3fe2896eb053c,SOL,5min,2026-07-29T01:45:00+00:00,6191.2,0.51,0.5,1.01,0.5,0.49
2026-07-29T00:01:49+00:00,3142778,0x35ea69c470d3ad499bc02be266558319f51e265769b8c53d2876f65df2518e7b,SOL,5min,2026-07-29T01:50:00+00:00,6491.0,0.51,0.5,1.01,0.5,0.49
2026-07-29T00:01:49+00:00,3142779,0x1193ae21d889a3adbc0a4df54ccaabd60cfc8b0be1cb97aa4b3f3c67d7b15e32,SOL,15min,2026-07-29T02:00:00+00:00,7090.8,0.51,0.5,1.01,0.5,0.49
2026-07-29T00:01:49+00:00,3142789,0xfaeb7e6b14290005fd6d13eebef505a6e2bcfc2acd3e225f889e813e84b272ca,SOL,5min,2026-07-29T01:55:00+00:00,6790.6,0.51,0.5,1.01,0.5,0.49
2026-07-29T00:01:49+00:00,3142793,0x69abe60be900a9ca646cf548075f4fd536f8d2fc0af04354f515e52cec75fd4a,SOL,60min,2026-07-30T03:00:00+00:00,97090.4,0.51,0.5,1.01,0.5,0.49
2026-07-29T00:01:49+00:00,3142829,0x015e47224e6c01bc6b4a08ca1c8ed2788af5c72f0a11fab621eee0057e743046,SOL,5min,2026-07-29T02:00:00+00:00,7090.2,0.51,0.5,1.01,0.5,0.49
2026-07-29T00:01:49+00:00,3142897,0xdd5c8183a3b5ac53082af50f842748bc1e0a3037179b8a45aad474ff7d57a0c7,SOL,5min,2026-07-29T02:05:00+00:00,7390.1,0.51,0.51,1.02,0.49,0.49
2026-07-29T00:01:50+00:00,3142906,0x321362da5b89522b81014afb1d6d59b65a1c12b0e08e7b1aae57cec60832c7d5,SOL,15min,2026-07-29T02:15:00+00:00,7989.9,0.51,0.5,1.01,0.5,0.49
2026-07-29T00:01:50+00:00,3142942,0x299f1fee3d4872caf846fc5887060822dcc6bce80170d61064044d1a557b65b5,SOL,5min,2026-07-29T02:10:00+00:00,7689.7,0.51,0.5,1.01,0.5,0.49
2026-07-29T00:01:50+00:00,3142960,0xb4dc38ea1ac64ab0d8c038c3022645e7425d3a468ffcbb0d149db8eb6c8ab534,SOL,5min,2026-07-29T02:15:00+00:00,7989.5,0.51,0.5,1.01,0.5,0.49
2026-07-29T00:01:50+00:00,3142965,0x3c4eada22fb49b4ac1a3e81442e1d19cbb914ec1cef783e7ea33fc7ff08d2ae7,SOL,15min,2026-07-29T02:30:00+00:00,8889.3,0.51,0.5,1.01,0.5,0.49
2026-07-29T00:01:50+00:00,3142972,0xb87948a293a66371fdd514f9fc0a9c95a72a423d81a7fce3dca5adee8c340119,SOL,5min,2026-07-29T02:20:00+00:00,8289.1,0.51,0.5,1.01,0.5,0.49
2026-07-29T00:01:51+00:00,3142127,0x58fec0ca894030de1cdf05f8cce945b3f21a4ad5e190c702cf64416554effdf7,XRP,5min,2026-07-29T00:10:00+00:00,488.9,0.49,0.53,1.02,0.47,0.51
2026-07-29T00:01:51+00:00,3142128,0x1483742a7bedc230f8d5f0e47c0d00f7e6b36b151bff38b893b3cb2e087865a0,DOGE,5min,2026-07-29T00:10:00+00:00,488.7,0.53,0.53,1.06,0.47,0.47
2026-07-29T00:01:51+00:00,3142126,0x6350ffff978d28603d7e157ca9864c5b0bcacdda05abda6267e39c2707e26c91,BNB,5min,2026-07-29T00:10:00+00:00,488.5,0.53,0.53,1.06,0.47,0.47
2026-07-29T00:01:51+00:00,3142145,0x39613885a23d64d7dd235bf6fc24484ed21017e3a309595b5aa3b73fd093c523,XRP,5min,2026-07-29T00:15:00+00:00,788.3,0.52,0.53,1.05,0.47,0.48
2026-07-29T00:01:51+00:00,3142150,0x8663c91751e7db9cdd52a7e3161a79b3080d21992a662bd1352f70aab840c2c2,DOGE,5min,2026-07-29T00:15:00+00:00,788.1,0.53,0.53,1.06,0.47,0.47
2026-07-29T00:01:52+00:00,3142148,0x9b999c03c98416268cd4675c38114ae6d5269f6f5ac12a51d4a8af6d00fae16f,BNB,5min,2026-07-29T00:15:00+00:00,787.9,0.53,0.53,1.06,0.47,0.47
2026-07-29T00:01:52+00:00,3142157,0x384cfa26e534dd847d7017e3f2cd45fff25cc2c48e09c0d7f8e061bac5424fad,XRP,5min,2026-07-29T00:20:00+00:00,1087.7,0.51,0.5,1.01,0.5,0.49
2026-07-29T00:01:52+00:00,3142155,0xa8996e73dac9cc25cd099bd2a836f503ea82e2ca8db26ecd4bb990a939a46daa,DOGE,5min,2026-07-29T00:20:00+00:00,1087.5,0.51,0.51,1.02,0.49,0.49
2026-07-29T00:01:52+00:00,3142158,0x112c8a2d578abc59a54bbddb152dc49bd1d6d89e3b89a20763c4d26b45d02743,BNB,5min,2026-07-29T00:20:00+00:00,1087.2,0.51,0.5,1.01,0.5,0.49
2026-07-29T00:01:52+00:00,3142153,0xa7e98b8fca4d915345efecce53051dad6d87ffc424f446437de2ebc4f7f48432,XRP,15min,2026-07-29T00:30:00+00:00,1687.0,0.48,0.53,1.01,0.47,0.52
2026-07-29T00:01:53+00:00,3142163,0x6cbd68c1c4e6cefb6bba0662d76e0a8cc11f019782a78500069bd6de08e0ee53,DOGE,15min,2026-07-29T00:30:00+00:00,1686.8,0.53,0.5,1.03,0.5,0.47
2026-07-29T00:01:53+00:00,3142154,0xa57deb9b1e80640200e7a9808bab5d1e84281638e9bf3b6d29261cf507c8c706,BNB,15min,2026-07-29T00:30:00+00:00,1686.7,0.53,0.53,1.06,0.47,0.47
2026-07-29T00:01:53+00:00,3142252,0x3489bfd33fdba3d39fa5f0727fe79cc908055db3fdc0e8d2531ecfa87cc3dd21,XRP,15min,2026-07-29T00:45:00+00:00,2586.5,0.51,0.52,1.03,0.48,0.49
2026-07-29T00:01:53+00:00,3142243,0x241d51b70012824b1bceab0590213f9693be4b422f77ea8f1721cdf6c371688f,DOGE,15min,2026-07-29T00:45:00+00:00,2586.3,0.52,0.52,1.04,0.48,0.48
2026-07-29T00:01:53+00:00,3142241,0xf483a8e7eaa8934040a548719a545e6da733d7977eef42b70e70223470114a4c,BNB,15min,2026-07-29T00:45:00+00:00,2586.1,0.52,0.52,1.04,0.48,0.48
2026-07-29T00:01:54+00:00,3142370,0x4c26bee86b316cb0337a8e7b9e4bd2a5b715bd94b9100f59d4bee12e9b3aa719,XRP,15min,2026-07-29T01:00:00+00:00,3485.9,0.51,0.5,1.01,0.5,0.49
2026-07-29T00:01:54+00:00,3142363,0x124ca078f7e951125afb6d3697aa58c14d918732e6aaca55713c4f4b6bc2b78d,DOGE,15min,2026-07-29T01:00:00+00:00,3485.6,0.51,0.51,1.02,0.49,0.49
2026-07-29T00:01:54+00:00,3142364,0x3318f61c05cecf0d69107322859a66b2009313812de528039b49e239a88d6466,BNB,15min,2026-07-29T01:00:00+00:00,3485.4,0.51,0.5,1.01,0.5,0.49
