market_id,strategy,subtype,direction,precio_plan,precio_limit,mejor_ask_veto,ts_snapshot,end_date,filled,acierto,pnl1_maker
2798754,GBM_LATE_15M,SOL#15min,BUY_YES,0.505,0.51,0.73,2026-07-05T19:33:10+00:00,2026-07-05T19:45:00,0,1,0.0
2799020,GBM_LATE_15M,XRP#15min,BUY_YES,0.5,0.5,0.79,2026-07-05T19:48:09+00:00,2026-07-05T20:00:00,1,1,1.0
2799021,GBM_LATE_15M,SOL#15min,BUY_YES,0.515,0.52,0.74,2026-07-05T19:48:09+00:00,2026-07-05T20:00:00,1,1,0.9231
2800614,GBM_LATE_15M,XRP#15min,BUY_YES,0.48,0.48,0.63,2026-07-05T23:18:04+00:00,2026-07-05T23:30:00,1,0,-1.0
2803824,GBM_LATE_15M,SOL#15min,BUY_YES,0.475,0.47,0.53,2026-07-06T06:33:38+00:00,2026-07-06T06:45:00,1,1,1.1277
2804324,GBM_LATE_15M,SOL#15min,BUY_YES,0.505,0.51,0.65,2026-07-06T07:18:48+00:00,2026-07-06T07:30:00,1,1,0.9608
2804581,GBM_LATE_15M,SOL#15min,BUY_NO,0.495,0.49,0.76,2026-07-06T08:33:17+00:00,2026-07-06T08:45:00,0,1,0.0
2804586,GBM_LATE_15M,XRP#15min,BUY_NO,0.51,0.51,0.91,2026-07-06T08:33:17+00:00,2026-07-06T08:45:00,0,1,0.0
2804617,GBM_LATE_15M,XRP#15min,BUY_NO,0.485,0.48,0.69,2026-07-06T08:49:09+00:00,2026-07-06T09:00:00,1,0,-1.0
2804653,GBM_LATE_15M,XRP#15min,BUY_NO,0.5,0.5,0.73,2026-07-06T09:04:49+00:00,2026-07-06T09:15:00,0,1,0.0
2804659,GBM_LATE_15M,SOL#15min,BUY_NO,0.515,0.52,0.72,2026-07-06T09:04:49+00:00,2026-07-06T09:15:00,0,1,0.0
2804680,GBM_LATE_15M,SOL#15min,BUY_YES,0.505,0.51,0.71,2026-07-06T09:18:23+00:00,2026-07-06T09:30:00,1,1,0.9608
2806719,GBM_LATE_15M,XRP#15min,BUY_NO,0.49,0.49,0.78,2026-07-06T13:03:10+00:00,2026-07-06T13:15:00,0,1,0.0
2806726,GBM_LATE_15M,SOL#15min,BUY_NO,0.495,0.49,0.67,2026-07-06T13:03:10+00:00,2026-07-06T13:15:00,1,1,1.0408
2806760,GBM_LATE_15M,SOL#15min,BUY_NO,0.475,0.47,0.67,2026-07-06T13:18:09+00:00,2026-07-06T13:30:00,1,1,1.1277
2806762,GBM_LATE_15M,XRP#15min,BUY_NO,0.475,0.47,0.65,2026-07-06T13:18:09+00:00,2026-07-06T13:30:00,1,1,1.1277
2806819,GBM_LATE_15M,SOL#15min,BUY_YES,0.41,0.41,0.75,2026-07-06T13:33:21+00:00,2026-07-06T13:45:00,0,1,0.0
2806822,GBM_LATE_15M,XRP#15min,BUY_YES,0.525,0.53,0.84,2026-07-06T13:33:21+00:00,2026-07-06T13:45:00,1,1,0.8868
2806823,GBM_LATE_15M,ETH#15min,BUY_YES,0.485,0.48,0.76,2026-07-06T13:33:22+00:00,2026-07-06T13:45:00,1,1,1.0833
2806882,GBM_LATE_15M,SOL#15min,BUY_YES,0.475,0.47,0.84,2026-07-06T13:48:21+00:00,2026-07-06T14:00:00,0,0,0.0
2806890,GBM_LATE_15M,XRP#15min,BUY_YES,0.51,0.51,0.78,2026-07-06T13:48:21+00:00,2026-07-06T14:00:00,0,0,0.0
2806894,GBM_LATE_15M,ETH#15min,BUY_YES,0.365,0.36,0.65,2026-07-06T13:48:21+00:00,2026-07-06T14:00:00,0,1,0.0
2806911,GBM_LATE_15M,SOL#15min,BUY_YES,0.475,0.47,0.57,2026-07-06T14:03:14+00:00,2026-07-06T14:15:00,1,0,-1.0
2806913,GBM_LATE_15M,XRP#15min,BUY_NO,0.505,0.51,0.62,2026-07-06T14:04:37+00:00,2026-07-06T14:15:00,1,0,-1.0
2807013,GBM_LATE_15M,SOL#15min,BUY_NO,0.465,0.47,0.61,2026-07-06T14:18:19+00:00,2026-07-06T14:30:00,1,0,-1.0
2807016,GBM_LATE_15M,XRP#15min,BUY_NO,0.505,0.51,0.79,2026-07-06T14:19:00+00:00,2026-07-06T14:30:00,1,0,-1.0
2807051,GBM_LATE_15M,ETH#15min,BUY_YES,0.505,0.51,0.6,2026-07-06T14:33:11+00:00,2026-07-06T14:45:00,1,1,0.9608
2807052,GBM_LATE_15M,SOL#15min,BUY_YES,0.495,0.49,0.52,2026-07-06T14:33:11+00:00,2026-07-06T14:45:00,1,0,-1.0
2807054,GBM_LATE_15M,XRP#15min,BUY_YES,0.495,0.49,0.66,2026-07-06T14:33:11+00:00,2026-07-06T14:45:00,1,1,1.0408
2807200,GBM_LATE_15M,XRP#15min,BUY_YES,0.495,0.49,0.61,2026-07-06T14:48:34+00:00,2026-07-06T15:00:00,1,1,1.0408
2807194,GBM_LATE_15M,SOL#15min,BUY_NO,0.515,0.52,0.67,2026-07-06T14:49:20+00:00,2026-07-06T15:00:00,0,1,0.0
2807254,GBM_LATE_15M,ETH#15min,BUY_YES,0.545,0.55,0.75,2026-07-06T15:03:10+00:00,2026-07-06T15:15:00,0,1,0.0
2807259,GBM_LATE_15M,XRP#15min,BUY_YES,0.5,0.5,0.73,2026-07-06T15:03:10+00:00,2026-07-06T15:15:00,0,1,0.0
2807262,GBM_LATE_15M,SOL#15min,BUY_YES,0.645,0.65,0.82,2026-07-06T15:03:58+00:00,2026-07-06T15:15:00,0,1,0.0
2807305,GBM_LATE_15M,XRP#15min,BUY_NO,0.505,0.51,0.66,2026-07-06T15:18:11+00:00,2026-07-06T15:30:00,0,0,0.0
2807375,GBM_LATE_15M,XRP#15min,BUY_NO,0.5,0.5,0.82,2026-07-06T15:33:20+00:00,2026-07-06T15:45:00,0,0,0.0
2807457,GBM_LATE_15M,XRP#15min,BUY_NO,0.505,0.51,0.81,2026-07-06T15:48:26+00:00,2026-07-06T16:00:00,1,0,-1.0
2807466,GBM_LATE_15M,SOL#15min,BUY_NO,0.525,0.53,0.79,2026-07-06T15:48:26+00:00,2026-07-06T16:00:00,1,0,-1.0
2807467,GBM_LATE_15M,ETH#15min,BUY_YES,0.185,0.18,0.28,2026-07-06T15:49:53+00:00,2026-07-06T16:00:00,0,1,0.0
2808307,GBM_LATE_15M,SOL#15min,BUY_YES,0.5,0.5,0.54,2026-07-06T16:03:11+00:00,2026-07-06T16:15:00,1,1,1.0
2808311,GBM_LATE_15M,XRP#15min,BUY_NO,0.52,0.52,0.86,2026-07-06T16:04:13+00:00,2026-07-06T16:15:00,1,0,-1.0
2808344,GBM_LATE_15M,SOL#15min,BUY_NO,0.32,0.32,0.43,2026-07-06T16:18:11+00:00,2026-07-06T16:30:00,0,1,0.0
2808343,GBM_LATE_15M,XRP#15min,BUY_YES,0.475,0.47,0.75,2026-07-06T16:20:21+00:00,2026-07-06T16:30:00,1,0,-1.0
2808395,GBM_LATE_15M,ETH#15min,BUY_YES,0.485,0.48,0.74,2026-07-06T16:33:09+00:00,2026-07-06T16:45:00,0,1,0.0
2808397,GBM_LATE_15M,SOL#15min,BUY_YES,0.485,0.48,0.61,2026-07-06T16:33:09+00:00,2026-07-06T16:45:00,0,1,0.0
2808399,GBM_LATE_15M,XRP#15min,BUY_YES,0.505,0.51,0.71,2026-07-06T16:33:09+00:00,2026-07-06T16:45:00,0,1,0.0
2808587,GBM_LATE_15M,XRP#15min,BUY_YES,0.485,0.48,0.56,2026-07-06T16:48:24+00:00,2026-07-06T17:00:00,1,1,1.0833
2808617,GBM_LATE_15M,XRP#15min,BUY_YES,0.495,0.49,0.86,2026-07-06T17:03:48+00:00,2026-07-06T17:15:00,0,1,0.0
2808616,GBM_LATE_15M,SOL#15min,BUY_NO,0.515,0.52,0.58,2026-07-06T17:04:35+00:00,2026-07-06T17:15:00,1,1,0.9231
2808623,GBM_LATE_15M,ETH#15min,BUY_YES,0.3,0.3,0.73,2026-07-06T17:08:51+00:00,2026-07-06T17:15:00,0,1,0.0
2808649,GBM_LATE_15M,XRP#15min,BUY_NO,0.51,0.51,0.62,2026-07-06T17:18:24+00:00,2026-07-06T17:30:00,0,1,0.0
2808658,GBM_LATE_15M,ETH#15min,BUY_YES,0.495,0.49,0.74,2026-07-06T17:19:51+00:00,2026-07-06T17:30:00,0,1,0.0
2808700,GBM_LATE_15M,XRP#15min,BUY_YES,0.475,0.47,0.6,2026-07-06T17:33:07+00:00,2026-07-06T17:45:00,1,0,-1.0
2808701,GBM_LATE_15M,SOL#15min,BUY_NO,0.475,0.47,0.64,2026-07-06T17:34:35+00:00,2026-07-06T17:45:00,0,1,0.0
2808770,GBM_LATE_15M,SOL#15min,BUY_YES,0.505,0.51,0.68,2026-07-06T17:48:09+00:00,2026-07-06T18:00:00,0,1,0.0
2808768,GBM_LATE_15M,XRP#15min,BUY_NO,0.485,0.48,0.57,2026-07-06T17:49:02+00:00,2026-07-06T18:00:00,1,1,1.0833
2810168,GBM_LATE_15M,SOL#15min,BUY_YES,0.475,0.47,0.72,2026-07-06T18:03:05+00:00,2026-07-06T18:15:00,1,0,-1.0
2810160,GBM_LATE_15M,XRP#15min,BUY_YES,0.505,0.51,0.66,2026-07-06T18:03:54+00:00,2026-07-06T18:15:00,1,0,-1.0
2810167,GBM_LATE_15M,ETH#15min,BUY_YES,0.445,0.45,0.65,2026-07-06T18:06:47+00:00,2026-07-06T18:15:00,0,1,0.0
2810240,GBM_LATE_15M,SOL#15min,BUY_NO,0.495,0.49,0.65,2026-07-06T18:18:38+00:00,2026-07-06T18:30:00,1,0,-1.0
2810242,GBM_LATE_15M,XRP#15min,BUY_NO,0.495,0.49,0.68,2026-07-06T18:18:38+00:00,2026-07-06T18:30:00,1,0,-1.0
2810244,GBM_LATE_15M,ETH#15min,BUY_YES,0.425,0.42,0.81,2026-07-06T18:22:10+00:00,2026-07-06T18:30:00,0,1,0.0
2810272,GBM_LATE_15M,SOL#15min,BUY_NO,0.445,0.45,0.47,2026-07-06T18:34:08+00:00,2026-07-06T18:45:00,1,0,-1.0
2810277,GBM_LATE_15M,XRP#15min,BUY_YES,0.495,0.49,0.78,2026-07-06T18:37:18+00:00,2026-07-06T18:45:00,0,1,0.0
2811193,GBM_LATE_15M,SOL#15min,BUY_YES,0.51,0.51,0.71,2026-07-06T23:03:22+00:00,2026-07-06T23:15:00,1,0,-1.0
2811190,GBM_LATE_15M,XRP#15min,BUY_YES,0.525,0.53,0.87,2026-07-06T23:05:54+00:00,2026-07-06T23:15:00,0,1,0.0
2811289,GBM_LATE_15M,ETH#15min,BUY_YES,0.465,0.47,0.49,2026-07-06T23:55:24+00:00,2026-07-07T00:00:00,1,0,-1.0
2814580,GBM_LATE_15M,SOL#15min,BUY_YES,0.365,0.36,0.8,2026-07-07T06:33:22+00:00,2026-07-07T06:45:00,0,1,0.0
2814584,GBM_LATE_15M,XRP#15min,BUY_YES,0.495,0.49,0.85,2026-07-07T06:33:44+00:00,2026-07-07T06:45:00,0,1,0.0
2814589,GBM_LATE_15M,ETH#15min,BUY_YES,0.345,0.34,0.79,2026-07-07T06:34:47+00:00,2026-07-07T06:45:00,0,1,0.0
2814720,GBM_LATE_15M,SOL#15min,BUY_YES,0.515,0.52,0.7,2026-07-07T06:48:22+00:00,2026-07-07T07:00:00,0,1,0.0
2814724,GBM_LATE_15M,ETH#15min,BUY_YES,0.465,0.47,0.86,2026-07-07T06:50:26+00:00,2026-07-07T07:00:00,0,1,0.0
2814760,GBM_LATE_15M,SOL#15min,BUY_YES,0.475,0.47,0.75,2026-07-07T07:03:08+00:00,2026-07-07T07:15:00,1,1,1.1277
2814763,GBM_LATE_15M,XRP#15min,BUY_YES,0.495,0.49,0.69,2026-07-07T07:03:08+00:00,2026-07-07T07:15:00,1,1,1.0408
2815214,GBM_LATE_15M,SOL#15min,BUY_YES,0.495,0.49,0.63,2026-07-07T09:03:04+00:00,2026-07-07T09:15:00,0,1,0.0
2816978,GBM_LATE_15M,SOL#15min,BUY_YES,0.32,0.32,0.66,2026-07-07T13:03:08+00:00,2026-07-07T13:15:00,1,0,-1.0
2817042,GBM_LATE_15M,SOL#15min,BUY_YES,0.525,0.53,0.73,2026-07-07T13:33:19+00:00,2026-07-07T13:45:00,1,1,0.8868
2817047,GBM_LATE_15M,ETH#15min,BUY_YES,0.545,0.55,0.71,2026-07-07T13:33:19+00:00,2026-07-07T13:45:00,1,1,0.8182
2817051,GBM_LATE_15M,XRP#15min,BUY_YES,0.5,0.5,0.71,2026-07-07T13:33:19+00:00,2026-07-07T13:45:00,1,1,1.0
2817322,GBM_LATE_15M,SOL#15min,BUY_YES,0.515,0.52,0.71,2026-07-07T13:52:37+00:00,2026-07-07T14:00:00,1,0,-1.0
2817325,GBM_LATE_15M,XRP#15min,BUY_YES,0.505,0.51,0.8,2026-07-07T13:52:38+00:00,2026-07-07T14:00:00,1,0,-1.0
2817324,GBM_LATE_15M,ETH#15min,BUY_YES,0.505,0.51,0.71,2026-07-07T13:52:38+00:00,2026-07-07T14:00:00,1,0,-1.0
2817363,GBM_LATE_15M,XRP#15min,BUY_YES,0.505,0.51,0.71,2026-07-07T14:03:21+00:00,2026-07-07T14:15:00,1,0,-1.0
2817371,GBM_LATE_15M,SOL#15min,BUY_YES,0.505,0.51,0.61,2026-07-07T14:03:21+00:00,2026-07-07T14:15:00,0,1,0.0
2817367,GBM_LATE_15M,ETH#15min,BUY_YES,0.515,0.52,0.79,2026-07-07T14:05:17+00:00,2026-07-07T14:15:00,0,0,0.0
2817629,GBM_LATE_15M,SOL#15min,BUY_YES,0.595,0.59,0.72,2026-07-07T14:19:14+00:00,2026-07-07T14:30:00,1,1,0.6949
2817666,GBM_LATE_15M,ETH#15min,BUY_YES,0.515,0.52,0.64,2026-07-07T14:33:32+00:00,2026-07-07T14:45:00,1,0,-1.0
2817673,GBM_LATE_15M,SOL#15min,BUY_YES,0.465,0.47,0.59,2026-07-07T14:33:32+00:00,2026-07-07T14:45:00,1,0,-1.0
2817661,GBM_LATE_15M,XRP#15min,BUY_YES,0.51,0.51,0.78,2026-07-07T14:33:56+00:00,2026-07-07T14:45:00,1,0,-1.0
2817738,GBM_LATE_15M,ETH#15min,BUY_YES,0.505,0.51,0.99,2026-07-07T14:54:10+00:00,2026-07-07T15:00:00,0,1,0.0
2817742,GBM_LATE_15M,SOL#15min,BUY_YES,0.505,0.51,0.998,2026-07-07T14:54:10+00:00,2026-07-07T15:00:00,0,1,0.0
2817746,GBM_LATE_15M,XRP#15min,BUY_YES,0.52,0.52,0.998,2026-07-07T14:54:10+00:00,2026-07-07T15:00:00,0,1,0.0
2817797,GBM_LATE_15M,ETH#15min,BUY_YES,0.155,0.15,0.24,2026-07-07T15:08:17+00:00,2026-07-07T15:15:00,0,0,0.0
2817884,GBM_LATE_15M,SOL#15min,BUY_YES,0.505,0.51,0.56,2026-07-07T15:18:14+00:00,2026-07-07T15:30:00,0,1,0.0
2817895,GBM_LATE_15M,XRP#15min,BUY_YES,0.5,0.5,0.7,2026-07-07T15:18:14+00:00,2026-07-07T15:30:00,0,1,0.0
2817941,GBM_LATE_15M,SOL#15min,BUY_YES,0.495,0.49,0.54,2026-07-07T15:34:03+00:00,2026-07-07T15:45:00,1,1,1.0408
2817937,GBM_LATE_15M,ETH#15min,BUY_YES,0.485,0.48,0.66,2026-07-07T15:34:27+00:00,2026-07-07T15:45:00,1,1,1.0833
2819133,GBM_LATE_15M,XRP#15min,BUY_YES,0.495,0.49,0.91,2026-07-07T15:48:52+00:00,2026-07-07T16:00:00,0,1,0.0
2819137,GBM_LATE_15M,ETH#15min,BUY_YES,0.445,0.45,0.65,2026-07-07T16:06:34+00:00,2026-07-07T16:15:00,1,0,-1.0
2819233,GBM_LATE_15M,SOL#15min,BUY_YES,0.3,0.3,0.41,2026-07-07T16:33:25+00:00,2026-07-07T16:45:00,1,1,2.3333
2819234,GBM_LATE_15M,ETH#15min,BUY_YES,0.295,0.29,0.35,2026-07-07T16:33:25+00:00,2026-07-07T16:45:00,1,1,2.4483
2819393,GBM_LATE_15M,XRP#15min,BUY_YES,0.485,0.48,0.57,2026-07-07T16:48:31+00:00,2026-07-07T17:00:00,1,0,-1.0
2820162,GBM_LATE_15M,XRP#15min,BUY_YES,0.49,0.49,0.63,2026-07-07T17:07:13+00:00,2026-07-07T17:15:00,0,1,0.0
2820151,GBM_LATE_15M,ETH#15min,BUY_YES,0.545,0.55,0.92,2026-07-07T17:10:37+00:00,2026-07-07T17:15:00,0,1,0.0
2821203,GBM_LATE_15M,SOL#15min,BUY_YES,0.395,0.4,0.53,2026-07-07T19:05:42+00:00,2026-07-07T19:15:00,1,0,-1.0
2824186,GBM_LATE_15M,SOL#15min,BUY_YES,0.505,0.51,0.77,2026-07-07T23:03:09+00:00,2026-07-07T23:15:00,0,1,0.0
2824182,GBM_LATE_15M,XRP#15min,BUY_YES,0.495,0.49,0.85,2026-07-07T23:06:14+00:00,2026-07-07T23:15:00,0,1,0.0
2824222,GBM_LATE_15M,SOL#15min,BUY_YES,0.505,0.51,0.68,2026-07-07T23:18:18+00:00,2026-07-07T23:30:00,0,1,0.0
2824229,GBM_LATE_15M,ETH#15min,BUY_YES,0.505,0.51,0.74,2026-07-07T23:18:18+00:00,2026-07-07T23:30:00,1,1,0.9608
2824334,GBM_LATE_15M,XRP#15min,BUY_YES,0.505,0.51,0.59,2026-07-07T23:48:33+00:00,2026-07-08T00:00:00,1,0,-1.0
2827999,GBM_LATE_15M,SOL#15min,BUY_YES,0.525,0.53,0.77,2026-07-08T06:48:08+00:00,2026-07-08T07:00:00,0,1,0.0
2828010,GBM_LATE_15M,XRP#15min,BUY_YES,0.525,0.53,0.79,2026-07-08T06:48:08+00:00,2026-07-08T07:00:00,0,1,0.0
2828009,GBM_LATE_15M,ETH#15min,BUY_YES,0.535,0.54,0.91,2026-07-08T06:50:01+00:00,2026-07-08T07:00:00,0,1,0.0
2828191,GBM_LATE_15M,XRP#15min,BUY_YES,0.505,0.51,0.64,2026-07-08T07:19:49+00:00,2026-07-08T07:30:00,1,1,0.9608
2828631,GBM_LATE_15M,XRP#15min,BUY_YES,0.505,0.51,0.62,2026-07-08T08:34:42+00:00,2026-07-08T08:45:00,1,1,0.9608
2828699,GBM_LATE_15M,SOL#15min,BUY_YES,0.635,0.64,0.93,2026-07-08T08:48:20+00:00,2026-07-08T09:00:00,0,1,0.0
2828704,GBM_LATE_15M,XRP#15min,BUY_YES,0.525,0.53,0.88,2026-07-08T08:48:20+00:00,2026-07-08T09:00:00,0,0,0.0
2828701,GBM_LATE_15M,ETH#15min,BUY_YES,0.615,0.61,0.87,2026-07-08T08:50:53+00:00,2026-07-08T09:00:00,0,1,0.0
2830968,GBM_LATE_15M,XRP#15min,BUY_YES,0.505,0.51,0.89,2026-07-08T13:33:06+00:00,2026-07-08T13:45:00,0,1,0.0
2831128,GBM_LATE_15M,SOL#15min,BUY_YES,0.105,0.1,0.62,2026-07-08T14:25:40+00:00,2026-07-08T14:30:00,0,0,0.0
2831120,GBM_LATE_15M,ETH#15min,BUY_YES,0.135,0.14,0.79,2026-07-08T14:25:40+00:00,2026-07-08T14:30:00,0,0,0.0
2832273,GBM_LATE_15M,SOL#15min,BUY_YES,0.315,0.32,0.35,2026-07-08T15:03:24+00:00,2026-07-08T15:15:00,1,0,-1.0
2832952,GBM_LATE_15M,XRP#15min,BUY_YES,0.515,0.52,0.67,2026-07-08T15:33:16+00:00,2026-07-08T15:45:00,0,1,0.0
2832955,GBM_LATE_15M,SOL#15min,BUY_YES,0.525,0.53,0.7,2026-07-08T15:33:16+00:00,2026-07-08T15:45:00,0,1,0.0
2832961,GBM_LATE_15M,ETH#15min,BUY_YES,0.505,0.51,0.72,2026-07-08T15:33:42+00:00,2026-07-08T15:45:00,0,1,0.0
2833042,GBM_LATE_15M,XRP#15min,BUY_YES,0.495,0.49,0.64,2026-07-08T15:48:43+00:00,2026-07-08T16:00:00,0,1,0.0
2833374,GBM_LATE_15M,SOL#15min,BUY_YES,0.495,0.49,0.61,2026-07-08T16:03:30+00:00,2026-07-08T16:15:00,0,1,0.0
2833361,GBM_LATE_15M,ETH#15min,BUY_YES,0.5,0.5,0.83,2026-07-08T16:05:23+00:00,2026-07-08T16:15:00,0,1,0.0
2833402,GBM_LATE_15M,SOL#15min,BUY_YES,0.465,0.47,0.6,2026-07-08T16:20:48+00:00,2026-07-08T16:30:00,0,1,0.0
2833410,GBM_LATE_15M,XRP#15min,BUY_YES,0.495,0.49,0.57,2026-07-08T16:20:48+00:00,2026-07-08T16:30:00,1,1,1.0408
2833660,GBM_LATE_15M,ETH#15min,BUY_YES,0.385,0.39,0.42,2026-07-08T16:48:11+00:00,2026-07-08T17:00:00,1,1,1.5641
2834498,GBM_LATE_15M,XRP#15min,BUY_YES,0.475,0.47,0.66,2026-07-08T17:03:47+00:00,2026-07-08T17:15:00,1,1,1.1277
2834545,GBM_LATE_15M,XRP#15min,BUY_YES,0.495,0.49,0.79,2026-07-08T17:18:10+00:00,2026-07-08T17:30:00,0,1,0.0
2834544,GBM_LATE_15M,SOL#15min,BUY_YES,0.515,0.52,0.72,2026-07-08T17:19:42+00:00,2026-07-08T17:30:00,0,1,0.0
2834539,GBM_LATE_15M,ETH#15min,BUY_YES,0.545,0.55,0.89,2026-07-08T17:20:48+00:00,2026-07-08T17:30:00,0,1,0.0
2834578,GBM_LATE_15M,ETH#15min,BUY_YES,0.555,0.56,0.73,2026-07-08T17:33:06+00:00,2026-07-08T17:45:00,1,0,-1.0
2834586,GBM_LATE_15M,SOL#15min,BUY_YES,0.335,0.34,0.53,2026-07-08T17:33:06+00:00,2026-07-08T17:45:00,1,0,-1.0
2834581,GBM_LATE_15M,XRP#15min,BUY_YES,0.49,0.49,0.62,2026-07-08T17:34:08+00:00,2026-07-08T17:45:00,1,0,-1.0
2834844,GBM_LATE_15M,XRP#15min,BUY_YES,0.515,0.52,0.79,2026-07-08T18:03:01+00:00,2026-07-08T18:15:00,0,1,0.0
2834847,GBM_LATE_15M,ETH#15min,BUY_YES,0.675,0.68,0.92,2026-07-08T18:05:06+00:00,2026-07-08T18:15:00,0,1,0.0
2839312,GBM_LATE_15M,SOL#15min,BUY_YES,0.485,0.48,0.59,2026-07-08T23:33:21+00:00,2026-07-08T23:45:00,1,1,1.0833
2839446,GBM_LATE_15M,SOL#15min,BUY_YES,0.495,0.49,0.56,2026-07-08T23:48:56+00:00,2026-07-09T00:00:00,1,1,1.0408
2839444,GBM_LATE_15M,ETH#15min,BUY_YES,0.495,0.49,0.56,2026-07-08T23:51:31+00:00,2026-07-09T00:00:00,1,1,1.0408
2841297,GBM_LATE_15M,ETH#15min,BUY_YES,0.565,0.56,0.61,2026-07-09T04:03:30+00:00,2026-07-09T04:15:00,0,1,0.0
2841433,GBM_LATE_15M,SOL#15min,BUY_YES,0.495,0.49,0.91,2026-07-09T04:33:00+00:00,2026-07-09T04:45:00,0,1,0.0
2841439,GBM_LATE_15M,ETH#15min,BUY_YES,0.505,0.51,0.94,2026-07-09T04:33:01+00:00,2026-07-09T04:45:00,0,1,0.0
2841440,GBM_LATE_15M,XRP#15min,BUY_YES,0.505,0.51,0.94,2026-07-09T04:33:01+00:00,2026-07-09T04:45:00,0,1,0.0
2841506,GBM_LATE_15M,SOL#15min,BUY_YES,0.375,0.38,0.62,2026-07-09T04:50:30+00:00,2026-07-09T05:00:00,0,1,0.0
2843006,GBM_LATE_15M,ETH#15min,BUY_YES,0.455,0.46,0.65,2026-07-09T06:39:59+00:00,2026-07-09T06:45:00,0,1,0.0
2843404,GBM_LATE_15M,XRP#15min,BUY_YES,0.49,0.49,0.66,2026-07-09T06:48:21+00:00,2026-07-09T07:00:00,1,0,-1.0
2843409,GBM_LATE_15M,SOL#15min,BUY_YES,0.445,0.45,0.65,2026-07-09T06:48:21+00:00,2026-07-09T07:00:00,1,1,1.2222
2843413,GBM_LATE_15M,ETH#15min,BUY_YES,0.365,0.36,0.46,2026-07-09T06:48:21+00:00,2026-07-09T07:00:00,1,1,1.7778
2843475,GBM_LATE_15M,XRP#15min,BUY_YES,0.495,0.49,0.53,2026-07-09T07:04:18+00:00,2026-07-09T07:15:00,1,0,-1.0
2843500,GBM_LATE_15M,XRP#15min,BUY_YES,0.495,0.49,0.63,2026-07-09T07:18:54+00:00,2026-07-09T07:30:00,1,0,-1.0
2843511,GBM_LATE_15M,ETH#15min,BUY_YES,0.495,0.49,0.65,2026-07-09T07:18:54+00:00,2026-07-09T07:30:00,1,0,-1.0
2843893,GBM_LATE_15M,SOL#15min,BUY_YES,0.44,0.44,0.52,2026-07-09T09:18:34+00:00,2026-07-09T09:30:00,1,1,1.2727
2843897,GBM_LATE_15M,XRP#15min,BUY_YES,0.505,0.51,0.6,2026-07-09T09:18:34+00:00,2026-07-09T09:30:00,1,1,0.9608
2845590,GBM_LATE_15M,XRP#15min,BUY_YES,0.505,0.51,0.95,2026-07-09T13:03:10+00:00,2026-07-09T13:15:00,0,1,0.0
2845595,GBM_LATE_15M,SOL#15min,BUY_YES,0.51,0.51,0.93,2026-07-09T13:03:10+00:00,2026-07-09T13:15:00,0,1,0.0
2845601,GBM_LATE_15M,ETH#15min,BUY_YES,0.515,0.52,0.93,2026-07-09T13:05:31+00:00,2026-07-09T13:15:00,0,1,0.0
2845662,GBM_LATE_15M,SOL#15min,BUY_YES,0.195,0.2,0.21,2026-07-09T13:18:11+00:00,2026-07-09T13:30:00,1,0,-1.0
2845671,GBM_LATE_15M,ETH#15min,BUY_YES,0.245,0.24,0.34,2026-07-09T13:18:11+00:00,2026-07-09T13:30:00,1,0,-1.0
2845874,GBM_LATE_15M,SOL#15min,BUY_YES,0.525,0.53,0.62,2026-07-09T14:03:50+00:00,2026-07-09T14:15:00,1,0,-1.0
2846239,GBM_LATE_15M,ETH#15min,BUY_YES,0.495,0.49,0.53,2026-07-09T15:48:20+00:00,2026-07-09T16:00:00,1,0,-1.0
2846606,GBM_LATE_15M,XRP#15min,BUY_YES,0.515,0.52,0.64,2026-07-09T16:03:26+00:00,2026-07-09T16:15:00,1,0,-1.0
2846610,GBM_LATE_15M,SOL#15min,BUY_YES,0.655,0.66,0.86,2026-07-09T16:04:56+00:00,2026-07-09T16:15:00,1,0,-1.0
2846609,GBM_LATE_15M,ETH#15min,BUY_YES,0.635,0.64,0.81,2026-07-09T16:06:29+00:00,2026-07-09T16:15:00,1,0,-1.0
2848704,GBM_LATE_15M,ETH#15min,BUY_YES,0.505,0.51,0.7,2026-07-09T17:03:07+00:00,2026-07-09T17:15:00,1,1,0.9608
2848708,GBM_LATE_15M,SOL#15min,BUY_YES,0.495,0.49,0.75,2026-07-09T17:03:07+00:00,2026-07-09T17:15:00,1,1,1.0408
2848711,GBM_LATE_15M,XRP#15min,BUY_YES,0.505,0.51,0.75,2026-07-09T17:03:07+00:00,2026-07-09T17:15:00,0,1,0.0
2848958,GBM_LATE_15M,XRP#15min,BUY_YES,0.495,0.49,0.75,2026-07-09T17:18:01+00:00,2026-07-09T17:30:00,0,1,0.0
2848965,GBM_LATE_15M,SOL#15min,BUY_YES,0.495,0.49,0.83,2026-07-09T17:18:01+00:00,2026-07-09T17:30:00,0,1,0.0
2848970,GBM_LATE_15M,ETH#15min,BUY_YES,0.51,0.51,0.89,2026-07-09T17:20:22+00:00,2026-07-09T17:30:00,0,1,0.0
2849004,GBM_LATE_15M,ETH#15min,BUY_YES,0.235,0.23,0.37,2026-07-09T17:33:31+00:00,2026-07-09T17:45:00,0,1,0.0
2849005,GBM_LATE_15M,XRP#15min,BUY_YES,0.495,0.49,0.73,2026-07-09T17:33:31+00:00,2026-07-09T17:45:00,0,1,0.0
2849006,GBM_LATE_15M,SOL#15min,BUY_YES,0.255,0.26,0.4,2026-07-09T17:33:31+00:00,2026-07-09T17:45:00,1,1,2.8462
2849121,GBM_LATE_15M,XRP#15min,BUY_YES,0.495,0.49,0.64,2026-07-09T17:50:48+00:00,2026-07-09T18:00:00,0,0,0.0
2849267,GBM_LATE_15M,SOL#15min,BUY_YES,0.495,0.49,0.67,2026-07-09T18:03:16+00:00,2026-07-09T18:15:00,1,1,1.0408
2849277,GBM_LATE_15M,ETH#15min,BUY_YES,0.515,0.52,0.7,2026-07-09T18:03:16+00:00,2026-07-09T18:15:00,1,1,0.9231
2849326,GBM_LATE_15M,ETH#15min,BUY_YES,0.495,0.49,0.53,2026-07-09T18:18:22+00:00,2026-07-09T18:30:00,1,0,-1.0
2849334,GBM_LATE_15M,SOL#15min,BUY_YES,0.495,0.49,0.5,2026-07-09T18:18:22+00:00,2026-07-09T18:30:00,1,0,-1.0
2849357,GBM_LATE_15M,XRP#15min,BUY_YES,0.505,0.51,0.67,2026-07-09T18:39:00+00:00,2026-07-09T18:45:00,1,0,-1.0
2852750,GBM_LATE_15M,SOL#15min,BUY_YES,0.495,0.49,0.53,2026-07-09T23:03:37+00:00,2026-07-09T23:15:00,1,0,-1.0
2852873,GBM_LATE_15M,SOL#15min,BUY_YES,0.33,0.33,0.5,2026-07-09T23:37:52+00:00,2026-07-09T23:45:00,0,1,0.0
2852945,GBM_LATE_15M,XRP#15min,BUY_YES,0.52,0.52,0.74,2026-07-09T23:52:37+00:00,2026-07-10T00:00:00,0,0,0.0
2852951,GBM_LATE_15M,ETH#15min,BUY_YES,0.345,0.34,0.43,2026-07-09T23:53:27+00:00,2026-07-10T00:00:00,0,0,0.0
2854794,GBM_LATE_15M,ETH#15min,BUY_YES,0.495,0.49,0.6,2026-07-10T04:03:13+00:00,2026-07-10T04:15:00,0,1,0.0
2854804,GBM_LATE_15M,XRP#15min,BUY_YES,0.495,0.49,0.74,2026-07-10T04:03:36+00:00,2026-07-10T04:15:00,0,1,0.0
2854849,GBM_LATE_15M,SOL#15min,BUY_YES,0.475,0.47,0.61,2026-07-10T04:18:03+00:00,2026-07-10T04:30:00,1,0,-1.0
2854850,GBM_LATE_15M,XRP#15min,BUY_YES,0.475,0.47,0.54,2026-07-10T04:18:04+00:00,2026-07-10T04:30:00,1,0,-1.0
2854948,GBM_LATE_15M,SOL#15min,BUY_YES,0.495,0.49,0.96,2026-07-10T04:40:48+00:00,2026-07-10T04:45:00,0,1,0.0
2854949,GBM_LATE_15M,XRP#15min,BUY_YES,0.495,0.49,0.97,2026-07-10T04:40:48+00:00,2026-07-10T04:45:00,0,1,0.0
2854940,GBM_LATE_15M,ETH#15min,BUY_YES,0.505,0.51,0.86,2026-07-10T04:40:48+00:00,2026-07-10T04:45:00,0,1,0.0
2855009,GBM_LATE_15M,XRP#15min,BUY_YES,0.495,0.49,0.94,2026-07-10T04:48:21+00:00,2026-07-10T05:00:00,0,1,0.0
2855012,GBM_LATE_15M,SOL#15min,BUY_YES,0.505,0.51,0.74,2026-07-10T04:48:21+00:00,2026-07-10T05:00:00,1,0,-1.0
2855005,GBM_LATE_15M,ETH#15min,BUY_YES,0.485,0.48,0.57,2026-07-10T04:51:55+00:00,2026-07-10T05:00:00,1,0,-1.0
2859996,GBM_LATE_15M,ETH#15min,BUY_YES,0.425,0.42,0.46,2026-07-10T14:48:26+00:00,2026-07-10T15:00:00,1,0,-1.0
2859990,GBM_LATE_15M,SOL#15min,BUY_YES,0.385,0.39,0.56,2026-07-10T14:48:50+00:00,2026-07-10T15:00:00,0,1,0.0
2865054,GBM_LATE_15M,SOL#15min,BUY_YES,0.515,0.52,0.59,2026-07-10T23:18:17+00:00,2026-07-10T23:30:00,1,1,0.9231
2865162,GBM_LATE_15M,ETH#15min,BUY_YES,0.495,0.49,0.54,2026-07-10T23:48:14+00:00,2026-07-11T00:00:00,1,1,1.0408
2867369,GBM_LATE_15M,ETH#15min,BUY_YES,0.485,0.48,0.78,2026-07-11T04:33:17+00:00,2026-07-11T04:45:00,0,1,0.0
2867377,GBM_LATE_15M,SOL#15min,BUY_YES,0.505,0.51,0.8,2026-07-11T04:33:40+00:00,2026-07-11T04:45:00,0,1,0.0
2867432,GBM_LATE_15M,SOL#15min,BUY_YES,0.495,0.49,0.57,2026-07-11T04:48:31+00:00,2026-07-11T05:00:00,1,0,-1.0
2870284,GBM_LATE_15M,ETH#15min,BUY_YES,0.375,0.38,0.67,2026-07-11T13:19:00+00:00,2026-07-11T13:30:00,0,1,0.0
2870279,GBM_LATE_15M,SOL#15min,BUY_YES,0.395,0.4,0.7,2026-07-11T13:19:00+00:00,2026-07-11T13:30:00,0,1,0.0
2870412,GBM_LATE_15M,SOL#15min,BUY_YES,0.485,0.48,0.67,2026-07-11T13:33:12+00:00,2026-07-11T13:45:00,1,0,-1.0
2870418,GBM_LATE_15M,ETH#15min,BUY_YES,0.485,0.48,0.72,2026-07-11T13:33:35+00:00,2026-07-11T13:45:00,1,1,1.0833
2870536,GBM_LATE_15M,SOL#15min,BUY_YES,0.48,0.48,0.71,2026-07-11T13:49:08+00:00,2026-07-11T14:00:00,0,0,0.0
2870534,GBM_LATE_15M,ETH#15min,BUY_YES,0.465,0.47,0.66,2026-07-11T13:49:58+00:00,2026-07-11T14:00:00,1,0,-1.0
2871065,GBM_LATE_15M,ETH#15min,BUY_YES,0.475,0.47,0.79,2026-07-11T15:03:48+00:00,2026-07-11T15:15:00,0,1,0.0
2871070,GBM_LATE_15M,SOL#15min,BUY_YES,0.485,0.48,0.73,2026-07-11T15:04:12+00:00,2026-07-11T15:15:00,0,1,0.0
2871136,GBM_LATE_15M,SOL#15min,BUY_YES,0.305,0.3,0.37,2026-07-11T15:33:47+00:00,2026-07-11T15:45:00,1,0,-1.0
2872406,GBM_LATE_15M,SOL#15min,BUY_YES,0.265,0.27,0.43,2026-07-11T17:06:27+00:00,2026-07-11T17:15:00,0,0,0.0
2872626,GBM_LATE_15M,SOL#15min,BUY_YES,0.525,0.53,0.68,2026-07-11T17:33:13+00:00,2026-07-11T17:45:00,0,1,0.0
2872627,GBM_LATE_15M,ETH#15min,BUY_YES,0.495,0.49,0.84,2026-07-11T17:33:13+00:00,2026-07-11T17:45:00,0,1,0.0
2873684,GBM_LATE_15M,SOL#15min,BUY_YES,0.55,0.55,0.75,2026-07-11T19:53:15+00:00,2026-07-11T20:00:00,0,1,0.0
2873968,GBM_LATE_15M,ETH#15min,BUY_YES,0.715,0.71,0.95,2026-07-11T21:07:34+00:00,2026-07-11T21:15:00,0,1,0.0
2874060,GBM_LATE_15M,SOL#15min,BUY_YES,0.475,0.47,0.61,2026-07-11T21:33:25+00:00,2026-07-11T21:45:00,1,0,-1.0
2876101,GBM_LATE_15M,ETH#15min,BUY_YES,0.505,0.51,0.75,2026-07-11T23:03:18+00:00,2026-07-11T23:15:00,1,0,-1.0
2876109,GBM_LATE_15M,SOL#15min,BUY_YES,0.385,0.39,0.61,2026-07-11T23:03:42+00:00,2026-07-11T23:15:00,1,0,-1.0
2878033,GBM_LATE_15M,SOL#15min,BUY_YES,0.495,0.49,0.69,2026-07-12T04:18:43+00:00,2026-07-12T04:30:00,1,0,-1.0
2881681,GBM_LATE_15M,ETH#15min,BUY_YES,0.235,0.23,0.39,2026-07-12T13:03:06+00:00,2026-07-12T13:15:00,0,1,0.0
2881678,GBM_LATE_15M,SOL#15min,BUY_YES,0.365,0.36,0.54,2026-07-12T13:03:33+00:00,2026-07-12T13:15:00,0,1,0.0
2881747,GBM_LATE_15M,ETH#15min,BUY_YES,0.505,0.51,0.7,2026-07-12T13:35:24+00:00,2026-07-12T13:45:00,1,0,-1.0
2887383,GBM_LATE_15M,ETH#15min,BUY_YES,0.425,0.42,0.64,2026-07-12T23:22:33+00:00,2026-07-12T23:30:00,0,1,0.0
2887419,GBM_LATE_15M,ETH#15min,BUY_YES,0.505,0.51,0.6,2026-07-12T23:33:35+00:00,2026-07-12T23:45:00,0,1,0.0
2887650,GBM_LATE_15M,SOL#15min,BUY_YES,0.395,0.4,0.51,2026-07-12T23:51:09+00:00,2026-07-13T00:00:00,0,1,0.0
2888679,GBM_LATE_15M,ETH#15min,BUY_YES,0.505,0.51,0.72,2026-07-13T04:18:08+00:00,2026-07-13T04:30:00,0,1,0.0
2888690,GBM_LATE_15M,SOL#15min,BUY_YES,0.495,0.49,0.76,2026-07-13T04:18:09+00:00,2026-07-13T04:30:00,0,1,0.0
2888885,GBM_LATE_15M,SOL#15min,BUY_YES,0.575,0.57,0.79,2026-07-13T04:48:39+00:00,2026-07-13T05:00:00,0,0,0.0
2888887,GBM_LATE_15M,ETH#15min,BUY_YES,0.505,0.51,0.8,2026-07-13T04:50:52+00:00,2026-07-13T05:00:00,0,0,0.0
2890527,GBM_LATE_15M,SOL#15min,BUY_YES,0.305,0.3,0.46,2026-07-13T06:49:02+00:00,2026-07-13T07:00:00,1,0,-1.0
2890602,GBM_LATE_15M,ETH#15min,BUY_YES,0.705,0.7,0.995,2026-07-13T07:25:16+00:00,2026-07-13T07:30:00,0,1,0.0
2890923,GBM_LATE_15M,ETH#15min,BUY_YES,0.495,0.49,0.78,2026-07-13T08:48:34+00:00,2026-07-13T09:00:00,0,1,0.0
2895859,GBM_LATE_15M,SOL#15min,BUY_YES,0.51,0.51,0.74,2026-07-13T14:03:20+00:00,2026-07-13T14:15:00,0,1,0.0
2902348,GBM_LATE_15M,SOL#15min,BUY_YES,0.49,0.49,0.72,2026-07-14T04:03:02+00:00,2026-07-14T04:15:00,1,0,-1.0
2902349,GBM_LATE_15M,ETH#15min,BUY_YES,0.505,0.51,0.82,2026-07-14T04:04:28+00:00,2026-07-14T04:15:00,1,1,0.9608
2902580,GBM_LATE_15M,SOL#15min,BUY_YES,0.425,0.42,0.68,2026-07-14T04:34:06+00:00,2026-07-14T04:45:00,0,1,0.0
2903592,GBM_LATE_15M,SOL#15min,BUY_YES,0.505,0.51,0.63,2026-07-14T06:33:15+00:00,2026-07-14T06:45:00,1,1,0.9608
2903742,GBM_LATE_15M,SOL#15min,BUY_YES,0.535,0.54,0.75,2026-07-14T07:19:25+00:00,2026-07-14T07:30:00,1,1,0.8519
2904360,GBM_LATE_15M,SOL#15min,BUY_YES,0.545,0.55,0.75,2026-07-14T09:03:03+00:00,2026-07-14T09:15:00,0,1,0.0
2904356,GBM_LATE_15M,ETH#15min,BUY_YES,0.445,0.45,0.73,2026-07-14T09:07:05+00:00,2026-07-14T09:15:00,0,1,0.0
2904401,GBM_LATE_15M,SOL#15min,BUY_YES,0.505,0.51,0.61,2026-07-14T09:18:10+00:00,2026-07-14T09:30:00,1,0,-1.0
2905928,GBM_LATE_15M_ESPACIO_ATR,SOL#15min,BUY_YES,0.105,0.1,0.19,2026-07-14T13:08:12+00:00,2026-07-14T13:15:00,1,0,-1.0
2920033,FAVORITO_CONFIRMADO,SOL#15min,BUY_YES,0.595,0.59,0.65,2026-07-15T09:02:27+00:00,2026-07-15T09:15:00,0,1,0.0
2920031,GBM_LATE_15M_ESPACIO_ATR,BTC#15min,BUY_YES,0.445,0.45,0.89,2026-07-15T09:06:28+00:00,2026-07-15T09:15:00,0,1,0.0
2920075,GBM_LATE_15M,SOL#15min,BUY_YES,0.495,0.49,0.72,2026-07-15T09:18:15+00:00,2026-07-15T09:30:00,0,1,0.0
2920074,GBM_LATE_15M_ESPACIO_ATR,BTC#15min,BUY_YES,0.595,0.59,0.69,2026-07-15T09:23:19+00:00,2026-07-15T09:30:00,0,0,0.0
2904343,FAVORITO_CONFIRMADO,SOL#60min,BUY_YES,0.615,0.61,0.71,2026-07-15T09:08:43+00:00,2026-07-15T10:00:00,1,0,-1.0
2922228,GBM_LATE_15M,SOL#15min,BUY_YES,0.455,0.46,0.5,2026-07-15T13:18:14+00:00,2026-07-15T13:30:00,1,0,-1.0
2922227,GBM_LATE_15M_ESPACIO_ATR,BTC#15min,BUY_YES,0.445,0.45,0.84,2026-07-15T13:20:30+00:00,2026-07-15T13:30:00,0,0,0.0
2905863,FAVORITO_CONFIRMADO,SOL#60min,BUY_YES,0.685,0.69,0.8,2026-07-15T13:03:27+00:00,2026-07-15T14:00:00,1,0,-1.0
2922256,GBM_LATE_15M,SOL#15min,BUY_YES,0.475,0.47,0.78,2026-07-15T13:33:11+00:00,2026-07-15T13:45:00,1,0,-1.0
2922653,GBM_LATE_15M,SOL#15min,BUY_YES,0.505,0.51,0.69,2026-07-15T15:18:48+00:00,2026-07-15T15:30:00,1,1,0.9608
2922695,GBM_LATE_15M_ESPACIO_ATR,BTC#15min,BUY_YES,0.305,0.3,0.68,2026-07-15T15:35:08+00:00,2026-07-15T15:45:00,0,1,0.0
2922754,GBM_LATE_15M,SOL#15min,BUY_YES,0.495,0.49,0.58,2026-07-15T15:48:02+00:00,2026-07-15T16:00:00,1,0,-1.0
2928772,GBM_LATE_15M,SOL#15min,BUY_YES,0.505,0.51,0.83,2026-07-15T23:03:02+00:00,2026-07-15T23:15:00,0,1,0.0
2928775,GBM_LATE_15M_ESPACIO_ATR,BTC#15min,BUY_YES,0.505,0.51,0.84,2026-07-15T23:05:13+00:00,2026-07-15T23:15:00,0,1,0.0
