timestamp_utc,activo,nesting,combo,coste,profit_min_pct,gap_opens_pct,depth_usd,restante_s,ask_leg1,ask_leg2,o_inner,o_outer,inner_slug,outer_slug
2026-07-02T06:41:55+00:00,BTC,5min15m,YESout+NOin,1.64,-64.0,0.1258,94.27,184,0.99,0.65,60494.395,60418.385,btc-updown-5m-1782974400,btc-updown-15m-1782973800
2026-07-02T06:41:55+00:00,ETH,5min15m,YESout+NOin,1.57,-57.0,0.1611,31.21,184,0.99,0.58,1625.335,1622.72,eth-updown-5m-1782974400,eth-updown-15m-1782973800
2026-07-02T06:41:56+00:00,SOL,5min15m,YESout+NOin,1.49,-49.0,0.0703,10.12,183,0.81,0.68,78.25,78.195,sol-updown-5m-1782974400,sol-updown-15m-1782973800
2026-07-02T06:41:56+00:00,XRP,5min15m,YESout+NOin,1.19,-19.0,0.0246,12.14,183,0.95,0.24,1.05878,1.05852,xrp-updown-5m-1782974400,xrp-updown-15m-1782973800
2026-07-02T06:43:01+00:00,BTC,5min15m,YESout+NOin,1.874,-87.4,0.1258,40.91,118,0.974,0.9,60494.395,60418.385,btc-updown-5m-1782974400,btc-updown-15m-1782973800
2026-07-02T06:43:02+00:00,ETH,5min15m,YESout+NOin,1.93,-93.0,0.1611,52.47,117,0.99,0.94,1625.335,1622.72,eth-updown-5m-1782974400,eth-updown-15m-1782973800
2026-07-02T06:43:02+00:00,SOL,5min15m,YESout+NOin,1.22,-22.0,0.0703,9.2,117,0.23,0.99,78.25,78.195,sol-updown-5m-1782974400,sol-updown-15m-1782973800
2026-07-02T06:43:02+00:00,XRP,5min15m,YESout+NOin,1.49,-49.0,0.0246,6.16,117,0.72,0.77,1.05878,1.05852,xrp-updown-5m-1782974400,xrp-updown-15m-1782973800
2026-07-02T06:44:01+00:00,BTC,5min15m,YESout+NOin,1.878,-87.8,0.1258,15.65,58,0.998,0.88,60494.395,60418.385,btc-updown-5m-1782974400,btc-updown-15m-1782973800
2026-07-02T06:44:01+00:00,ETH,5min15m,YESout+NOin,1.96,-96.0,0.1611,156.71,58,0.99,0.97,1625.335,1622.72,eth-updown-5m-1782974400,eth-updown-15m-1782973800
2026-07-02T06:44:02+00:00,XRP,5min15m,YESout+NOin,1.55,-55.0,0.0246,13.22,57,0.62,0.93,1.05878,1.05852,xrp-updown-5m-1782974400,xrp-updown-15m-1782973800
2026-07-02T06:45:02+00:00,BTC,15min60m,YESout+NOin,1.19,-19.0,0.043,27.16,897,0.69,0.5,60463.0,60437.0,btc-updown-15m-1782974700,bitcoin-up-or-down-july-2-2026-2am-et
2026-07-02T06:45:02+00:00,ETH,15min60m,NOout+YESin,1.01,-1.0,-0.024,12.75,897,0.5,0.51,1624.36,1624.75,eth-updown-15m-1782974700,ethereum-up-or-down-july-2-2026-2am-et
2026-07-02T06:45:02+00:00,SOL,15min60m,YESout+NOin,1.07,-7.0,0.218,4.29,897,0.55,0.52,78.16,77.99,sol-updown-15m-1782974700,solana-up-or-down-july-2-2026-2am-et
2026-07-02T06:45:03+00:00,XRP,15min60m,NOout+YESin,1.13,-13.0,-0.0944,5.4,896,0.59,0.54,1.058,1.059,xrp-updown-15m-1782974700,xrp-up-or-down-july-2-2026-2am-et
2026-07-02T06:46:01+00:00,BTC,15min60m,YESout+NOin,1.09,-9.0,0.0381,2.8,838,0.35,0.74,60460.0,60437.0,btc-updown-15m-1782974700,bitcoin-up-or-down-july-2-2026-2am-et
2026-07-02T06:46:01+00:00,ETH,15min60m,NOout+YESin,1.0,0.0,-0.024,11.48,838,0.72,0.28,1624.36,1624.75,eth-updown-15m-1782974700,ethereum-up-or-down-july-2-2026-2am-et
2026-07-02T06:46:02+00:00,SOL,15min60m,YESout+NOin,1.05,-5.0,0.1923,2.8,837,0.56,0.49,78.14,77.99,sol-updown-15m-1782974700,solana-up-or-down-july-2-2026-2am-et
2026-07-02T06:46:02+00:00,XRP,15min60m,NOout+YESin,1.04,-4.0,-0.0944,3.35,837,0.67,0.37,1.058,1.059,xrp-updown-15m-1782974700,xrp-up-or-down-july-2-2026-2am-et
2026-07-02T06:47:02+00:00,BTC,15min60m,YESout+NOin,1.08,-8.0,0.0381,59.09,777,0.19,0.89,60460.0,60437.0,btc-updown-15m-1782974700,bitcoin-up-or-down-july-2-2026-2am-et
2026-07-02T06:47:02+00:00,ETH,15min60m,NOout+YESin,1.0,0.0,-0.024,1.35,777,0.91,0.09,1624.36,1624.75,eth-updown-15m-1782974700,ethereum-up-or-down-july-2-2026-2am-et
2026-07-02T06:47:02+00:00,SOL,15min60m,YESout+NOin,1.07,-7.0,0.1923,11.82,777,0.36,0.71,78.14,77.99,sol-updown-15m-1782974700,solana-up-or-down-july-2-2026-2am-et
2026-07-02T06:47:03+00:00,XRP,15min60m,NOout+YESin,1.02,-2.0,-0.0944,2.16,776,0.9,0.12,1.058,1.059,xrp-updown-15m-1782974700,xrp-up-or-down-july-2-2026-2am-et
2026-07-02T06:48:01+00:00,BTC,15min60m,YESout+NOin,1.01,-1.0,0.0381,0.72,718,0.09,0.92,60460.0,60437.0,btc-updown-15m-1782974700,bitcoin-up-or-down-july-2-2026-2am-et
2026-07-02T06:48:02+00:00,ETH,15min60m,NOout+YESin,1.01,-1.0,-0.024,1.6,717,0.97,0.04,1624.36,1624.75,eth-updown-15m-1782974700,ethereum-up-or-down-july-2-2026-2am-et
2026-07-02T06:48:02+00:00,SOL,15min60m,YESout+NOin,1.02,-2.0,0.1923,1.3,717,0.26,0.76,78.14,77.99,sol-updown-15m-1782974700,solana-up-or-down-july-2-2026-2am-et
2026-07-02T06:48:02+00:00,XRP,15min60m,NOout+YESin,1.03,-3.0,-0.0944,0.85,717,0.86,0.17,1.058,1.059,xrp-updown-15m-1782974700,xrp-up-or-down-july-2-2026-2am-et
2026-07-02T06:49:01+00:00,BTC,15min60m,YESout+NOin,1.0,0.0,0.0381,11.31,658,0.04,0.96,60460.0,60437.0,btc-updown-15m-1782974700,bitcoin-up-or-down-july-2-2026-2am-et
2026-07-02T06:49:01+00:00,ETH,15min60m,NOout+YESin,1.0,0.0,-0.024,0.11,658,0.979,0.021,1624.36,1624.75,eth-updown-15m-1782974700,ethereum-up-or-down-july-2-2026-2am-et
2026-07-02T06:49:02+00:00,SOL,15min60m,YESout+NOin,1.02,-2.0,0.1923,0.8,657,0.16,0.86,78.14,77.99,sol-updown-15m-1782974700,solana-up-or-down-july-2-2026-2am-et
2026-07-02T06:49:02+00:00,XRP,15min60m,NOout+YESin,1.06,-6.0,-0.0944,2.55,657,0.93,0.13,1.058,1.059,xrp-updown-15m-1782974700,xrp-up-or-down-july-2-2026-2am-et
2026-07-02T06:50:02+00:00,BTC,15min60m,YESout+NOin,1.0,0.0,0.0381,7.07,597,0.03,0.97,60460.0,60437.0,btc-updown-15m-1782974700,bitcoin-up-or-down-july-2-2026-2am-et
2026-07-02T06:50:02+00:00,ETH,15min60m,NOout+YESin,1.0,0.0,-0.024,3.46,597,0.98,0.02,1624.36,1624.75,eth-updown-15m-1782974700,ethereum-up-or-down-july-2-2026-2am-et
2026-07-02T06:50:02+00:00,SOL,15min60m,YESout+NOin,1.05,-5.0,0.1923,0.65,597,0.13,0.92,78.14,77.99,sol-updown-15m-1782974700,solana-up-or-down-july-2-2026-2am-et
2026-07-02T06:50:03+00:00,XRP,15min60m,NOout+YESin,1.01,-1.0,-0.0944,1.37,596,0.94,0.07,1.058,1.059,xrp-updown-15m-1782974700,xrp-up-or-down-july-2-2026-2am-et
2026-07-02T06:51:02+00:00,ETH,15min60m,NOout+YESin,0.997,0.3,-0.024,0.04,537,0.99,0.007,1624.36,1624.75,eth-updown-15m-1782974700,ethereum-up-or-down-july-2-2026-2am-et
2026-07-02T06:51:02+00:00,SOL,15min60m,YESout+NOin,1.02,-2.0,0.1923,0.25,537,0.05,0.97,78.14,77.99,sol-updown-15m-1782974700,solana-up-or-down-july-2-2026-2am-et
2026-07-02T06:51:02+00:00,XRP,15min60m,NOout+YESin,1.03,-3.0,-0.0944,2.02,537,0.96,0.07,1.058,1.059,xrp-updown-15m-1782974700,xrp-up-or-down-july-2-2026-2am-et
2026-07-02T06:52:01+00:00,BTC,15min60m,YESout+NOin,1.011,-1.1,0.0381,0.45,478,0.013,0.998,60460.0,60437.0,btc-updown-15m-1782974700,bitcoin-up-or-down-july-2-2026-2am-et
2026-07-02T06:52:01+00:00,ETH,15min60m,NOout+YESin,1.006,-0.6,-0.024,4.98,478,0.996,0.01,1624.36,1624.75,eth-updown-15m-1782974700,ethereum-up-or-down-july-2-2026-2am-et
2026-07-02T06:52:02+00:00,SOL,15min60m,YESout+NOin,1.02,-2.0,0.1923,6.17,477,0.05,0.97,78.14,77.99,sol-updown-15m-1782974700,solana-up-or-down-july-2-2026-2am-et
2026-07-02T06:52:02+00:00,XRP,15min60m,NOout+YESin,1.01,-1.0,-0.0944,0.57,477,0.98,0.03,1.058,1.059,xrp-updown-15m-1782974700,xrp-up-or-down-july-2-2026-2am-et
2026-07-02T06:53:02+00:00,BTC,15min60m,YESout+NOin,1.008,-0.8,0.0381,1.53,417,0.009,0.999,60460.0,60437.0,btc-updown-15m-1782974700,bitcoin-up-or-down-july-2-2026-2am-et
2026-07-02T06:53:02+00:00,ETH,15min60m,NOout+YESin,1.005,-0.5,-0.024,0.04,417,0.996,0.009,1624.36,1624.75,eth-updown-15m-1782974700,ethereum-up-or-down-july-2-2026-2am-et
2026-07-02T06:53:02+00:00,SOL,15min60m,YESout+NOin,1.019,-1.9,0.1923,0.49,417,0.049,0.97,78.14,77.99,sol-updown-15m-1782974700,solana-up-or-down-july-2-2026-2am-et
2026-07-02T06:53:03+00:00,XRP,15min60m,NOout+YESin,1.0,0.0,-0.0944,0.2,416,0.98,0.02,1.058,1.059,xrp-updown-15m-1782974700,xrp-up-or-down-july-2-2026-2am-et
2026-07-02T06:54:01+00:00,BTC,15min60m,YESout+NOin,1.007,-0.7,0.0381,1.46,358,0.009,0.998,60460.0,60437.0,btc-updown-15m-1782974700,bitcoin-up-or-down-july-2-2026-2am-et
2026-07-02T06:54:02+00:00,ETH,15min60m,NOout+YESin,1.007,-0.7,-0.024,0.04,357,0.998,0.009,1624.36,1624.75,eth-updown-15m-1782974700,ethereum-up-or-down-july-2-2026-2am-et
2026-07-02T06:54:02+00:00,SOL,15min60m,YESout+NOin,1.039,-3.9,0.1923,0.87,357,0.049,0.99,78.14,77.99,sol-updown-15m-1782974700,solana-up-or-down-july-2-2026-2am-et
2026-07-02T06:54:02+00:00,XRP,15min60m,NOout+YESin,1.0,0.0,-0.0944,0.56,357,0.98,0.02,1.058,1.059,xrp-updown-15m-1782974700,xrp-up-or-down-july-2-2026-2am-et
2026-07-02T06:55:01+00:00,BTC,15min60m,YESout+NOin,1.004,-0.4,0.0381,1.1,298,0.007,0.997,60460.0,60437.0,btc-updown-15m-1782974700,bitcoin-up-or-down-july-2-2026-2am-et
2026-07-02T06:55:02+00:00,SOL,15min60m,YESout+NOin,1.017,-1.7,0.1923,0.33,297,0.042,0.975,78.14,77.99,sol-updown-15m-1782974700,solana-up-or-down-july-2-2026-2am-et
2026-07-02T06:55:02+00:00,XRP,15min60m,NOout+YESin,1.005,-0.5,-0.0944,0.15,297,0.99,0.015,1.058,1.059,xrp-updown-15m-1782974700,xrp-up-or-down-july-2-2026-2am-et
2026-07-02T06:55:03+00:00,BTC,5min15m,NOout+YESin,1.397,-39.7,-0.4055,91.59,296,0.997,0.4,60214.815,60460.0,btc-updown-5m-1782975300,btc-updown-15m-1782974700
2026-07-02T06:55:03+00:00,ETH,5min15m,NOout+YESin,1.465,-46.5,-0.4974,8.93,296,0.995,0.47,1616.28,1624.36,eth-updown-5m-1782975300,eth-updown-15m-1782974700
2026-07-02T06:55:03+00:00,SOL,5min15m,NOout+YESin,1.485,-48.5,-0.2943,2.55,296,0.975,0.51,77.91,78.14,sol-updown-5m-1782975300,sol-updown-15m-1782974700
2026-07-02T06:55:04+00:00,XRP,5min15m,NOout+YESin,1.527,-52.7,-0.1229,5.98,295,0.997,0.53,1.0567,1.058,xrp-updown-5m-1782975300,xrp-updown-15m-1782974700
2026-07-02T06:56:02+00:00,SOL,15min60m,YESout+NOin,1.015,-1.5,0.1923,2.08,237,0.04,0.975,78.14,77.99,sol-updown-15m-1782974700,solana-up-or-down-july-2-2026-2am-et
2026-07-02T06:56:02+00:00,XRP,15min60m,NOout+YESin,1.001,-0.1,-0.0944,0.03,237,0.997,0.004,1.058,1.059,xrp-updown-15m-1782974700,xrp-up-or-down-july-2-2026-2am-et
2026-07-02T06:56:03+00:00,BTC,5min15m,NOout+YESin,1.439,-43.9,-0.4055,229.77,236,0.999,0.44,60214.815,60460.0,btc-updown-5m-1782975300,btc-updown-15m-1782974700
2026-07-02T06:56:03+00:00,ETH,5min15m,NOout+YESin,1.485,-48.5,-0.4974,9.95,236,0.995,0.49,1616.28,1624.36,eth-updown-5m-1782975300,eth-updown-15m-1782974700
2026-07-02T06:56:03+00:00,SOL,5min15m,NOout+YESin,1.615,-61.5,-0.2687,6.51,236,0.975,0.64,77.93,78.14,sol-updown-5m-1782975300,sol-updown-15m-1782974700
2026-07-02T06:56:04+00:00,XRP,5min15m,NOout+YESin,1.627,-62.7,-0.104,15.95,235,0.997,0.63,1.0569,1.058,xrp-updown-5m-1782975300,xrp-updown-15m-1782974700
2026-07-02T06:57:01+00:00,BTC,15min60m,YESout+NOin,1.0,0.0,0.0381,0.36,178,0.001,0.999,60460.0,60437.0,btc-updown-15m-1782974700,bitcoin-up-or-down-july-2-2026-2am-et
2026-07-02T06:57:02+00:00,SOL,15min60m,YESout+NOin,1.016,-1.6,0.1923,0.1,177,0.019,0.997,78.14,77.99,sol-updown-15m-1782974700,solana-up-or-down-july-2-2026-2am-et
2026-07-02T06:57:03+00:00,BTC,5min15m,NOout+YESin,1.189,-18.9,-0.4055,71.16,176,0.999,0.19,60214.815,60460.0,btc-updown-5m-1782975300,btc-updown-15m-1782974700
2026-07-02T06:57:03+00:00,ETH,5min15m,NOout+YESin,1.389,-38.9,-0.4974,31.16,176,0.999,0.39,1616.28,1624.36,eth-updown-5m-1782975300,eth-updown-15m-1782974700
2026-07-02T06:57:03+00:00,SOL,5min15m,NOout+YESin,1.507,-50.7,-0.2687,23.93,176,0.997,0.51,77.93,78.14,sol-updown-5m-1782975300,sol-updown-15m-1782974700
2026-07-02T06:57:04+00:00,XRP,5min15m,NOout+YESin,1.598,-59.8,-0.104,29.94,175,0.998,0.6,1.0569,1.058,xrp-updown-5m-1782975300,xrp-updown-15m-1782974700
2026-07-02T06:58:02+00:00,SOL,15min60m,YESout+NOin,1.019,-1.9,0.1923,0.11,117,0.021,0.998,78.14,77.99,sol-updown-15m-1782974700,solana-up-or-down-july-2-2026-2am-et
2026-07-02T06:58:03+00:00,ETH,5min15m,NOout+YESin,1.869,-86.9,-0.4974,1.48,116,0.999,0.87,1616.28,1624.36,eth-updown-5m-1782975300,eth-updown-15m-1782974700
2026-07-02T06:58:04+00:00,SOL,5min15m,NOout+YESin,1.818,-81.8,-0.2687,19.29,115,0.998,0.82,77.93,78.14,sol-updown-5m-1782975300,sol-updown-15m-1782974700
2026-07-02T06:58:04+00:00,XRP,5min15m,NOout+YESin,1.848,-84.8,-0.104,21.32,115,0.998,0.85,1.0569,1.058,xrp-updown-5m-1782975300,xrp-updown-15m-1782974700
2026-07-02T06:59:02+00:00,SOL,15min60m,YESout+NOin,1.001,-0.1,0.1923,0.08,57,0.002,0.999,78.14,77.99,sol-updown-15m-1782974700,solana-up-or-down-july-2-2026-2am-et
2026-07-02T06:59:04+00:00,XRP,5min15m,NOout+YESin,1.379,-37.9,-0.104,2.66,55,0.999,0.38,1.0569,1.058,xrp-updown-5m-1782975300,xrp-updown-15m-1782974700
2026-07-02T07:10:02+00:00,BTC,5min15m,NOout+YESin,1.01,-1.0,-0.1029,88.14,297,0.5,0.51,60166.725,60228.715,btc-updown-5m-1782976200,btc-updown-15m-1782975600
2026-07-02T07:10:02+00:00,ETH,5min15m,NOout+YESin,0.97,3.0,-0.0569,30.9,297,0.45,0.52,1616.435,1617.355,eth-updown-5m-1782976200,eth-updown-15m-1782975600
2026-07-02T07:10:02+00:00,SOL,5min15m,NOout+YESin,1.24,-24.0,-0.0642,24.0,297,0.75,0.49,77.83,77.88,sol-updown-5m-1782976200,sol-updown-15m-1782975600
2026-07-02T07:10:03+00:00,XRP,5min15m,YESout+NOin,1.25,-25.0,0.0947,3.25,296,0.75,0.5,1.0573,1.0563,xrp-updown-5m-1782976200,xrp-updown-15m-1782975600
2026-07-02T07:11:01+00:00,BTC,5min15m,NOout+YESin,1.02,-2.0,-0.1029,67.56,238,0.46,0.56,60166.725,60228.715,btc-updown-5m-1782976200,btc-updown-15m-1782975600
2026-07-02T07:11:02+00:00,ETH,5min15m,NOout+YESin,0.89,11.0,-0.0569,2.35,237,0.32,0.57,1616.435,1617.355,eth-updown-5m-1782976200,eth-updown-15m-1782975600
2026-07-02T07:11:02+00:00,SOL,5min15m,YESout+NOin,0.73,27.0,0.0,1.68,237,0.4,0.33,77.88,77.88,sol-updown-5m-1782976200,sol-updown-15m-1782975600
2026-07-02T07:11:02+00:00,XRP,5min15m,YESout+NOin,1.27,-27.0,0.1231,1.7,237,0.93,0.34,1.0576,1.0563,xrp-updown-5m-1782976200,xrp-updown-15m-1782975600
2026-07-02T07:12:01+00:00,BTC,5min15m,NOout+YESin,1.06,-6.0,-0.1029,89.72,178,0.52,0.54,60166.725,60228.715,btc-updown-5m-1782976200,btc-updown-15m-1782975600
2026-07-02T07:12:01+00:00,ETH,5min15m,NOout+YESin,0.95,5.0,-0.0569,9.92,178,0.63,0.32,1616.435,1617.355,eth-updown-5m-1782976200,eth-updown-15m-1782975600
2026-07-02T07:12:02+00:00,SOL,5min15m,YESout+NOin,0.7,30.0,0.0,27.84,177,0.29,0.41,77.88,77.88,sol-updown-5m-1782976200,sol-updown-15m-1782975600
2026-07-02T07:12:02+00:00,XRP,5min15m,YESout+NOin,1.3,-30.0,0.1231,4.62,177,0.88,0.42,1.0576,1.0563,xrp-updown-5m-1782976200,xrp-updown-15m-1782975600
2026-07-02T07:13:02+00:00,BTC,5min15m,NOout+YESin,1.02,-2.0,-0.1029,40.79,117,0.93,0.09,60166.725,60228.715,btc-updown-5m-1782976200,btc-updown-15m-1782975600
2026-07-02T07:13:02+00:00,ETH,5min15m,NOout+YESin,1.0,0.0,-0.0569,0.2,117,0.96,0.04,1616.435,1617.355,eth-updown-5m-1782976200,eth-updown-15m-1782975600
2026-07-02T07:13:02+00:00,SOL,5min15m,YESout+NOin,0.93,7.0,0.0,1.22,117,0.03,0.9,77.88,77.88,sol-updown-5m-1782976200,sol-updown-15m-1782975600
2026-07-02T07:13:03+00:00,XRP,5min15m,YESout+NOin,1.42,-42.0,0.1231,5.5,116,0.55,0.87,1.0576,1.0563,xrp-updown-5m-1782976200,xrp-updown-15m-1782975600
2026-07-02T07:14:01+00:00,BTC,5min15m,NOout+YESin,1.02,-2.0,-0.1029,15.39,58,0.99,0.03,60166.725,60228.715,btc-updown-5m-1782976200,btc-updown-15m-1782975600
2026-07-02T07:14:02+00:00,SOL,5min15m,YESout+NOin,0.91,9.0,0.0,0.1,57,0.01,0.9,77.88,77.88,sol-updown-5m-1782976200,sol-updown-15m-1782975600
2026-07-02T07:14:02+00:00,XRP,5min15m,YESout+NOin,1.54,-54.0,0.1231,0.97,57,0.58,0.96,1.0576,1.0563,xrp-updown-5m-1782976200,xrp-updown-15m-1782975600
2026-07-02T07:25:01+00:00,BTC,5min15m,NOout+YESin,1.13,-13.0,-0.1347,91.22,298,0.67,0.46,60103.965,60185.055,btc-updown-5m-1782977100,btc-updown-15m-1782976500
2026-07-02T07:25:01+00:00,ETH,5min15m,NOout+YESin,1.17,-17.0,-0.1692,14.72,298,0.66,0.51,1613.795,1616.53,eth-updown-5m-1782977100,eth-updown-15m-1782976500
2026-07-02T07:25:02+00:00,SOL,5min15m,NOout+YESin,0.9,10.0,-0.0385,11.0,297,0.48,0.42,77.84,77.87,sol-updown-5m-1782977100,sol-updown-15m-1782976500
2026-07-02T07:25:02+00:00,XRP,5min15m,NOout+YESin,0.85,15.0,-0.0189,7.98,297,0.47,0.38,1.0576,1.0578,xrp-updown-5m-1782977100,xrp-updown-15m-1782976500
2026-07-02T07:26:02+00:00,BTC,5min15m,NOout+YESin,1.09,-9.0,-0.0798,10.53,237,0.73,0.36,60137.0,60185.055,btc-updown-5m-1782977100,btc-updown-15m-1782976500
2026-07-02T07:26:02+00:00,ETH,5min15m,NOout+YESin,1.07,-7.0,-0.0903,5.51,237,0.78,0.29,1615.07,1616.53,eth-updown-5m-1782977100,eth-updown-15m-1782976500
2026-07-02T07:26:02+00:00,SOL,5min15m,NOout+YESin,0.85,15.0,-0.2697,4.9,237,0.66,0.19,77.66,77.87,sol-updown-5m-1782977100,sol-updown-15m-1782976500
2026-07-02T07:26:03+00:00,XRP,5min15m,NOout+YESin,0.86,14.0,-0.1702,4.37,236,0.65,0.21,1.056,1.0578,xrp-updown-5m-1782977100,xrp-updown-15m-1782976500
2026-07-02T07:27:01+00:00,BTC,5min15m,NOout+YESin,1.12,-12.0,-0.0798,61.59,178,0.92,0.2,60137.0,60185.055,btc-updown-5m-1782977100,btc-updown-15m-1782976500
2026-07-02T07:27:02+00:00,ETH,5min15m,NOout+YESin,1.05,-5.0,-0.0903,3.12,177,0.94,0.11,1615.07,1616.53,eth-updown-5m-1782977100,eth-updown-15m-1782976500
2026-07-02T07:27:02+00:00,SOL,5min15m,NOout+YESin,0.99,1.0,-0.2697,1.12,177,0.92,0.07,77.66,77.87,sol-updown-5m-1782977100,sol-updown-15m-1782976500
2026-07-02T07:27:02+00:00,XRP,5min15m,NOout+YESin,0.93,7.0,-0.1702,0.55,177,0.88,0.05,1.056,1.0578,xrp-updown-5m-1782977100,xrp-updown-15m-1782976500
2026-07-02T07:28:01+00:00,ETH,5min15m,NOout+YESin,1.01,-1.0,-0.0903,0.4,118,0.97,0.04,1615.07,1616.53,eth-updown-5m-1782977100,eth-updown-15m-1782976500
2026-07-02T07:28:02+00:00,SOL,5min15m,NOout+YESin,1.02,-2.0,-0.2697,1.95,117,0.96,0.06,77.66,77.87,sol-updown-5m-1782977100,sol-updown-15m-1782976500
2026-07-02T07:28:02+00:00,XRP,5min15m,NOout+YESin,0.91,9.0,-0.1702,0.68,117,0.87,0.04,1.056,1.0578,xrp-updown-5m-1782977100,xrp-updown-15m-1782976500
2026-07-02T07:29:02+00:00,BTC,5min15m,NOout+YESin,1.071,-7.1,-0.0798,1.52,57,0.97,0.101,60137.0,60185.055,btc-updown-5m-1782977100,btc-updown-15m-1782976500
2026-07-02T07:29:02+00:00,ETH,5min15m,NOout+YESin,1.12,-12.0,-0.0903,2.0,57,0.92,0.2,1615.07,1616.53,eth-updown-5m-1782977100,eth-updown-15m-1782976500
2026-07-02T07:29:02+00:00,SOL,5min15m,NOout+YESin,0.89,11.0,-0.2697,5.45,57,0.73,0.16,77.66,77.87,sol-updown-5m-1782977100,sol-updown-15m-1782976500
2026-07-02T07:29:03+00:00,XRP,5min15m,NOout+YESin,0.65,35.0,-0.1702,1.06,56,0.48,0.17,1.056,1.0578,xrp-updown-5m-1782977100,xrp-updown-15m-1782976500
2026-07-02T07:40:01+00:00,BTC,5min15m,NOout+YESin,1.26,-26.0,-0.0289,36.05,298,0.74,0.52,60063.805,60081.165,btc-updown-5m-1782978000,btc-updown-15m-1782977400
2026-07-02T07:40:02+00:00,ETH,5min15m,YESout+NOin,0.96,4.0,0.0508,5.04,297,0.54,0.42,1614.555,1613.735,eth-updown-5m-1782978000,eth-updown-15m-1782977400
2026-07-02T07:40:02+00:00,SOL,5min15m,YESout+NOin,1.43,-43.0,0.1672,2.6,297,0.91,0.52,77.86,77.73,sol-updown-5m-1782978000,sol-updown-15m-1782977400
2026-07-02T07:40:03+00:00,XRP,5min15m,YESout+NOin,1.41,-41.0,0.1136,10.2,296,0.9,0.51,1.0579,1.0567,xrp-updown-5m-1782978000,xrp-updown-15m-1782977400
2026-07-02T07:41:01+00:00,BTC,5min15m,NOout+YESin,1.34,-34.0,-0.0289,16.07,238,0.79,0.55,60063.805,60081.165,btc-updown-5m-1782978000,btc-updown-15m-1782977400
2026-07-02T07:41:02+00:00,ETH,5min15m,YESout+NOin,0.95,5.0,0.0508,1.89,237,0.6,0.35,1614.555,1613.735,eth-updown-5m-1782978000,eth-updown-15m-1782977400
2026-07-02T07:41:02+00:00,SOL,5min15m,YESout+NOin,1.44,-44.0,0.193,5.33,237,0.95,0.49,77.88,77.73,sol-updown-5m-1782978000,sol-updown-15m-1782977400
2026-07-02T07:41:02+00:00,XRP,5min15m,YESout+NOin,1.38,-38.0,0.142,9.4,237,0.94,0.44,1.0582,1.0567,xrp-updown-5m-1782978000,xrp-updown-15m-1782977400
2026-07-02T07:42:01+00:00,BTC,5min15m,NOout+YESin,1.26,-26.0,-0.0289,51.91,178,0.42,0.84,60063.805,60081.165,btc-updown-5m-1782978000,btc-updown-15m-1782977400
2026-07-02T07:42:01+00:00,ETH,5min15m,YESout+NOin,0.95,5.0,0.0508,4.65,178,0.64,0.31,1614.555,1613.735,eth-updown-5m-1782978000,eth-updown-15m-1782977400
2026-07-02T07:42:02+00:00,SOL,5min15m,YESout+NOin,1.47,-47.0,0.193,9.84,177,0.96,0.51,77.88,77.73,sol-updown-5m-1782978000,sol-updown-15m-1782977400
2026-07-02T07:42:02+00:00,XRP,5min15m,YESout+NOin,1.27,-27.0,0.142,6.16,177,0.99,0.28,1.0582,1.0567,xrp-updown-5m-1782978000,xrp-updown-15m-1782977400
2026-07-02T07:43:01+00:00,BTC,5min15m,NOout+YESin,1.42,-42.0,-0.0289,15.18,118,0.66,0.76,60063.805,60081.165,btc-updown-5m-1782978000,btc-updown-15m-1782977400
2026-07-02T07:43:01+00:00,ETH,5min15m,YESout+NOin,0.93,7.0,0.0508,10.92,118,0.66,0.27,1614.555,1613.735,eth-updown-5m-1782978000,eth-updown-15m-1782977400
2026-07-02T07:43:02+00:00,SOL,5min15m,YESout+NOin,1.27,-27.0,0.193,12.22,117,0.99,0.28,77.88,77.73,sol-updown-5m-1782978000,sol-updown-15m-1782977400
2026-07-02T07:44:02+00:00,BTC,5min15m,NOout+YESin,1.37,-37.0,-0.0289,5.6,57,0.4,0.97,60063.805,60081.165,btc-updown-5m-1782978000,btc-updown-15m-1782977400
2026-07-02T07:44:02+00:00,ETH,5min15m,YESout+NOin,1.01,-1.0,0.0508,1.72,57,0.98,0.03,1614.555,1613.735,eth-updown-5m-1782978000,eth-updown-15m-1782977400
2026-07-02T07:44:03+00:00,XRP,5min15m,YESout+NOin,1.028,-2.8,0.142,0.5,56,0.998,0.03,1.0582,1.0567,xrp-updown-5m-1782978000,xrp-updown-15m-1782977400
2026-07-02T07:45:01+00:00,BTC,15min60m,NOout+YESin,1.49,-49.0,-0.2927,141.5,898,0.94,0.55,60052.435,60228.715,btc-updown-15m-1782978300,bitcoin-up-or-down-july-2-2026-3am-et
2026-07-02T07:45:02+00:00,ETH,15min60m,NOout+YESin,1.28,-28.0,-0.166,41.61,897,0.73,0.55,1614.67,1617.355,eth-updown-15m-1782978300,ethereum-up-or-down-july-2-2026-3am-et
2026-07-02T07:45:02+00:00,SOL,15min60m,YESout+NOin,1.19,-19.0,0.1284,5.1,897,0.68,0.51,77.98,77.88,sol-updown-15m-1782978300,solana-up-or-down-july-2-2026-3am-et
2026-07-02T07:45:03+00:00,XRP,15min60m,YESout+NOin,1.43,-43.0,0.2556,2.55,896,0.92,0.51,1.059,1.0563,xrp-updown-15m-1782978300,xrp-up-or-down-july-2-2026-3am-et
2026-07-02T07:46:02+00:00,BTC,15min60m,NOout+YESin,1.47,-47.0,-0.2927,214.24,837,0.95,0.52,60052.435,60228.715,btc-updown-15m-1782978300,bitcoin-up-or-down-july-2-2026-3am-et
2026-07-02T07:46:02+00:00,ETH,15min60m,NOout+YESin,1.26,-26.0,-0.166,28.11,837,0.81,0.45,1614.67,1617.355,eth-updown-15m-1782978300,ethereum-up-or-down-july-2-2026-3am-et
2026-07-02T07:46:02+00:00,SOL,15min60m,YESout+NOin,1.17,-17.0,0.1412,6.4,837,0.64,0.53,77.99,77.88,sol-updown-15m-1782978300,solana-up-or-down-july-2-2026-3am-et
2026-07-02T07:46:03+00:00,XRP,15min60m,YESout+NOin,1.41,-41.0,0.2651,2.4,836,0.93,0.48,1.0591,1.0563,xrp-updown-15m-1782978300,xrp-up-or-down-july-2-2026-3am-et
2026-07-02T07:47:02+00:00,BTC,15min60m,NOout+YESin,1.37,-37.0,-0.2927,5.53,777,0.97,0.4,60052.435,60228.715,btc-updown-15m-1782978300,bitcoin-up-or-down-july-2-2026-3am-et
2026-07-02T07:47:02+00:00,ETH,15min60m,NOout+YESin,1.22,-22.0,-0.166,94.04,777,0.87,0.35,1614.67,1617.355,eth-updown-15m-1782978300,ethereum-up-or-down-july-2-2026-3am-et
2026-07-02T07:47:02+00:00,SOL,15min60m,YESout+NOin,1.17,-17.0,0.1412,3.05,777,0.61,0.56,77.99,77.88,sol-updown-15m-1782978300,solana-up-or-down-july-2-2026-3am-et
2026-07-02T07:47:03+00:00,XRP,15min60m,YESout+NOin,1.48,-48.0,0.2651,20.92,776,0.93,0.55,1.0591,1.0563,xrp-updown-15m-1782978300,xrp-up-or-down-july-2-2026-3am-et
2026-07-02T07:48:01+00:00,BTC,15min60m,NOout+YESin,1.45,-45.0,-0.2927,43.92,718,0.97,0.48,60052.435,60228.715,btc-updown-15m-1782978300,bitcoin-up-or-down-july-2-2026-3am-et
2026-07-02T07:48:02+00:00,ETH,15min60m,NOout+YESin,1.16,-16.0,-0.166,3.9,717,0.9,0.26,1614.67,1617.355,eth-updown-15m-1782978300,ethereum-up-or-down-july-2-2026-3am-et
2026-07-02T07:48:02+00:00,SOL,15min60m,YESout+NOin,1.17,-17.0,0.1412,2.8,717,0.61,0.56,77.99,77.88,sol-updown-15m-1782978300,solana-up-or-down-july-2-2026-3am-et
2026-07-02T07:48:02+00:00,XRP,15min60m,YESout+NOin,1.52,-52.0,0.2651,25.56,717,0.93,0.59,1.0591,1.0563,xrp-updown-15m-1782978300,xrp-up-or-down-july-2-2026-3am-et
2026-07-02T07:49:01+00:00,BTC,15min60m,NOout+YESin,1.52,-52.0,-0.2927,66.81,658,0.98,0.54,60052.435,60228.715,btc-updown-15m-1782978300,bitcoin-up-or-down-july-2-2026-3am-et
2026-07-02T07:49:01+00:00,ETH,15min60m,NOout+YESin,1.1,-10.0,-0.166,11.39,658,0.95,0.15,1614.67,1617.355,eth-updown-15m-1782978300,ethereum-up-or-down-july-2-2026-3am-et
2026-07-02T07:49:02+00:00,SOL,15min60m,YESout+NOin,1.21,-21.0,0.1412,15.57,657,0.65,0.56,77.99,77.88,sol-updown-15m-1782978300,solana-up-or-down-july-2-2026-3am-et
2026-07-02T07:49:02+00:00,XRP,15min60m,YESout+NOin,1.61,-61.0,0.2651,3.7,657,0.87,0.74,1.0591,1.0563,xrp-updown-15m-1782978300,xrp-up-or-down-july-2-2026-3am-et
2026-07-02T07:50:02+00:00,BTC,15min60m,NOout+YESin,1.67,-67.0,-0.2927,15.6,597,0.89,0.78,60052.435,60228.715,btc-updown-15m-1782978300,bitcoin-up-or-down-july-2-2026-3am-et
2026-07-02T07:50:02+00:00,ETH,15min60m,NOout+YESin,1.26,-26.0,-0.166,11.09,597,0.79,0.47,1614.67,1617.355,eth-updown-15m-1782978300,ethereum-up-or-down-july-2-2026-3am-et
2026-07-02T07:50:02+00:00,SOL,15min60m,YESout+NOin,1.08,-8.0,0.1412,2.08,597,0.92,0.16,77.99,77.88,sol-updown-15m-1782978300,solana-up-or-down-july-2-2026-3am-et
2026-07-02T07:50:03+00:00,XRP,15min60m,YESout+NOin,1.39,-39.0,0.2651,10.92,596,0.97,0.42,1.0591,1.0563,xrp-updown-15m-1782978300,xrp-up-or-down-july-2-2026-3am-et
2026-07-02T07:51:01+00:00,BTC,15min60m,NOout+YESin,1.66,-66.0,-0.2927,38.69,538,0.96,0.7,60052.435,60228.715,btc-updown-15m-1782978300,bitcoin-up-or-down-july-2-2026-3am-et
2026-07-02T07:51:02+00:00,ETH,15min60m,NOout+YESin,1.21,-21.0,-0.166,8.75,537,0.86,0.35,1614.67,1617.355,eth-updown-15m-1782978300,ethereum-up-or-down-july-2-2026-3am-et
2026-07-02T07:51:02+00:00,SOL,15min60m,YESout+NOin,1.13,-13.0,0.1412,4.86,537,0.81,0.32,77.99,77.88,sol-updown-15m-1782978300,solana-up-or-down-july-2-2026-3am-et
2026-07-02T07:51:03+00:00,XRP,15min60m,YESout+NOin,1.45,-45.0,0.2651,11.06,536,0.97,0.48,1.0591,1.0563,xrp-updown-15m-1782978300,xrp-up-or-down-july-2-2026-3am-et
2026-07-02T07:52:01+00:00,BTC,15min60m,NOout+YESin,1.71,-71.0,-0.2927,22.2,478,0.97,0.74,60052.435,60228.715,btc-updown-15m-1782978300,bitcoin-up-or-down-july-2-2026-3am-et
2026-07-02T07:52:01+00:00,ETH,15min60m,NOout+YESin,1.23,-23.0,-0.166,23.8,478,0.86,0.37,1614.67,1617.355,eth-updown-15m-1782978300,ethereum-up-or-down-july-2-2026-3am-et
2026-07-02T07:52:02+00:00,SOL,15min60m,YESout+NOin,1.16,-16.0,0.1412,11.25,477,0.84,0.32,77.99,77.88,sol-updown-15m-1782978300,solana-up-or-down-july-2-2026-3am-et
2026-07-02T07:52:02+00:00,XRP,15min60m,YESout+NOin,1.34,-34.0,0.2651,7.35,477,0.99,0.35,1.0591,1.0563,xrp-updown-15m-1782978300,xrp-up-or-down-july-2-2026-3am-et
2026-07-02T07:53:01+00:00,BTC,15min60m,NOout+YESin,1.78,-78.0,-0.2927,149.88,418,0.97,0.81,60052.435,60228.715,btc-updown-15m-1782978300,bitcoin-up-or-down-july-2-2026-3am-et
2026-07-02T07:53:01+00:00,ETH,15min60m,NOout+YESin,1.3,-30.0,-0.166,9.82,418,0.81,0.49,1614.67,1617.355,eth-updown-15m-1782978300,ethereum-up-or-down-july-2-2026-3am-et
2026-07-02T07:53:02+00:00,SOL,15min60m,YESout+NOin,1.16,-16.0,0.1412,6.96,417,0.91,0.25,77.99,77.88,sol-updown-15m-1782978300,solana-up-or-down-july-2-2026-3am-et
2026-07-02T07:53:02+00:00,XRP,15min60m,YESout+NOin,1.32,-32.0,0.2651,69.75,417,0.99,0.33,1.0591,1.0563,xrp-updown-15m-1782978300,xrp-up-or-down-july-2-2026-3am-et
2026-07-02T07:54:02+00:00,BTC,15min60m,NOout+YESin,1.69,-69.0,-0.2927,259.9,357,0.99,0.7,60052.435,60228.715,btc-updown-15m-1782978300,bitcoin-up-or-down-july-2-2026-3am-et
2026-07-02T07:54:02+00:00,ETH,15min60m,NOout+YESin,1.19,-19.0,-0.166,7.89,357,0.95,0.24,1614.67,1617.355,eth-updown-15m-1782978300,ethereum-up-or-down-july-2-2026-3am-et
2026-07-02T07:54:02+00:00,SOL,15min60m,YESout+NOin,1.22,-22.0,0.1412,8.8,357,0.8,0.42,77.99,77.88,sol-updown-15m-1782978300,solana-up-or-down-july-2-2026-3am-et
2026-07-02T07:54:03+00:00,XRP,15min60m,YESout+NOin,1.49,-49.0,0.2651,10.66,356,0.99,0.5,1.0591,1.0563,xrp-updown-15m-1782978300,xrp-up-or-down-july-2-2026-3am-et
2026-07-02T07:55:01+00:00,BTC,15min60m,NOout+YESin,1.514,-51.4,-0.2927,4.97,298,0.994,0.52,60052.435,60228.715,btc-updown-15m-1782978300,bitcoin-up-or-down-july-2-2026-3am-et
2026-07-02T07:55:02+00:00,ETH,15min60m,NOout+YESin,1.11,-11.0,-0.166,5.2,297,0.98,0.13,1614.67,1617.355,eth-updown-15m-1782978300,ethereum-up-or-down-july-2-2026-3am-et
2026-07-02T07:55:02+00:00,SOL,15min60m,YESout+NOin,1.25,-25.0,0.1412,3.36,297,0.83,0.42,77.99,77.88,sol-updown-15m-1782978300,solana-up-or-down-july-2-2026-3am-et
2026-07-02T07:55:02+00:00,XRP,15min60m,YESout+NOin,1.51,-51.0,0.2651,5.2,297,0.99,0.52,1.0591,1.0563,xrp-updown-15m-1782978300,xrp-up-or-down-july-2-2026-3am-et
2026-07-02T07:55:03+00:00,BTC,5min15m,YESout+NOin,1.05,-5.0,0.0542,12.85,296,0.52,0.53,60085.0,60052.435,btc-updown-5m-1782978900,btc-updown-15m-1782978300
2026-07-02T07:55:03+00:00,ETH,5min15m,NOout+YESin,1.4,-40.0,-0.0198,29.49,296,0.89,0.51,1614.35,1614.67,eth-updown-5m-1782978900,eth-updown-15m-1782978300
2026-07-02T07:55:04+00:00,SOL,5min15m,NOout+YESin,0.91,9.0,-0.0898,3.44,295,0.43,0.48,77.92,77.99,sol-updown-5m-1782978900,sol-updown-15m-1782978300
2026-07-02T07:55:04+00:00,XRP,5min15m,NOout+YESin,0.99,1.0,-0.1039,5.31,295,0.59,0.4,1.058,1.0591,xrp-updown-5m-1782978900,xrp-updown-15m-1782978300
2026-07-02T07:56:01+00:00,BTC,15min60m,NOout+YESin,1.527,-52.7,-0.2927,117.54,238,0.997,0.53,60052.435,60228.715,btc-updown-15m-1782978300,bitcoin-up-or-down-july-2-2026-3am-et
2026-07-02T07:56:02+00:00,ETH,15min60m,NOout+YESin,1.05,-5.0,-0.166,2.54,237,0.99,0.06,1614.67,1617.355,eth-updown-15m-1782978300,ethereum-up-or-down-july-2-2026-3am-et
2026-07-02T07:56:02+00:00,SOL,15min60m,YESout+NOin,1.35,-35.0,0.1412,10.34,237,0.81,0.54,77.99,77.88,sol-updown-15m-1782978300,solana-up-or-down-july-2-2026-3am-et
2026-07-02T07:56:03+00:00,XRP,15min60m,YESout+NOin,1.6,-60.0,0.2651,3.05,236,0.99,0.61,1.0591,1.0563,xrp-updown-15m-1782978300,xrp-up-or-down-july-2-2026-3am-et
2026-07-02T07:56:03+00:00,BTC,5min15m,YESout+NOin,1.06,-6.0,0.009,39.0,236,0.53,0.53,60057.815,60052.435,btc-updown-5m-1782978900,btc-updown-15m-1782978300
2026-07-02T07:56:03+00:00,ETH,5min15m,NOout+YESin,1.47,-47.0,-0.066,5.41,236,0.96,0.51,1613.605,1614.67,eth-updown-5m-1782978900,eth-updown-15m-1782978300
2026-07-02T07:56:04+00:00,SOL,5min15m,NOout+YESin,0.9,10.0,-0.0385,19.48,235,0.53,0.37,77.96,77.99,sol-updown-5m-1782978900,sol-updown-15m-1782978300
2026-07-02T07:56:04+00:00,XRP,5min15m,NOout+YESin,1.01,-1.0,-0.0567,3.05,235,0.61,0.4,1.0585,1.0591,xrp-updown-5m-1782978900,xrp-updown-15m-1782978300
2026-07-02T07:57:02+00:00,BTC,15min60m,NOout+YESin,1.698,-69.8,-0.2927,24.95,177,0.998,0.7,60052.435,60228.715,btc-updown-15m-1782978300,bitcoin-up-or-down-july-2-2026-3am-et
2026-07-02T07:57:02+00:00,SOL,15min60m,YESout+NOin,1.32,-32.0,0.1412,4.4,177,0.88,0.44,77.99,77.88,sol-updown-15m-1782978300,solana-up-or-down-july-2-2026-3am-et
2026-07-02T07:57:03+00:00,XRP,15min60m,YESout+NOin,1.507,-50.7,0.2651,2.55,176,0.997,0.51,1.0591,1.0563,xrp-updown-15m-1782978300,xrp-up-or-down-july-2-2026-3am-et
2026-07-02T07:57:03+00:00,BTC,5min15m,YESout+NOin,1.12,-12.0,0.009,43.85,176,0.7,0.42,60057.815,60052.435,btc-updown-5m-1782978900,btc-updown-15m-1782978300
2026-07-02T07:57:03+00:00,ETH,5min15m,NOout+YESin,1.52,-52.0,-0.066,1.95,176,0.93,0.59,1613.605,1614.67,eth-updown-5m-1782978900,eth-updown-15m-1782978300
2026-07-02T07:57:04+00:00,SOL,5min15m,NOout+YESin,0.88,12.0,-0.0385,17.95,175,0.44,0.44,77.96,77.99,sol-updown-5m-1782978900,sol-updown-15m-1782978300
2026-07-02T07:57:04+00:00,XRP,5min15m,NOout+YESin,1.01,-1.0,-0.0567,2.65,175,0.53,0.48,1.0585,1.0591,xrp-updown-5m-1782978900,xrp-updown-15m-1782978300
2026-07-02T07:58:01+00:00,ETH,15min60m,NOout+YESin,1.019,-1.9,-0.166,0.54,118,0.999,0.02,1614.67,1617.355,eth-updown-15m-1782978300,ethereum-up-or-down-july-2-2026-3am-et
2026-07-02T07:58:01+00:00,SOL,15min60m,YESout+NOin,1.43,-43.0,0.1412,3.65,118,0.7,0.73,77.99,77.88,sol-updown-15m-1782978300,solana-up-or-down-july-2-2026-3am-et
2026-07-02T07:58:02+00:00,XRP,15min60m,YESout+NOin,1.796,-79.6,0.2651,4.0,117,0.996,0.8,1.0591,1.0563,xrp-updown-15m-1782978300,xrp-up-or-down-july-2-2026-3am-et
2026-07-02T07:58:02+00:00,BTC,5min15m,YESout+NOin,1.09,-9.0,0.009,20.7,117,0.3,0.79,60057.815,60052.435,btc-updown-5m-1782978900,btc-updown-15m-1782978300
2026-07-02T07:58:03+00:00,SOL,5min15m,NOout+YESin,0.87,13.0,-0.0385,0.79,116,0.74,0.13,77.96,77.99,sol-updown-5m-1782978900,sol-updown-15m-1782978300
2026-07-02T07:58:03+00:00,XRP,5min15m,NOout+YESin,1.03,-3.0,-0.0567,0.85,116,0.86,0.17,1.0585,1.0591,xrp-updown-5m-1782978900,xrp-updown-15m-1782978300
2026-07-02T07:59:02+00:00,SOL,15min60m,YESout+NOin,1.72,-72.0,0.1412,23.7,57,0.93,0.79,77.99,77.88,sol-updown-15m-1782978300,solana-up-or-down-july-2-2026-3am-et
2026-07-02T07:59:02+00:00,BTC,5min15m,YESout+NOin,1.32,-32.0,0.009,17.0,57,0.64,0.68,60057.815,60052.435,btc-updown-5m-1782978900,btc-updown-15m-1782978300
2026-07-02T07:59:03+00:00,SOL,5min15m,NOout+YESin,0.89,11.0,-0.0385,1.51,56,0.79,0.1,77.96,77.99,sol-updown-5m-1782978900,sol-updown-15m-1782978300
2026-07-02T07:59:04+00:00,XRP,5min15m,NOout+YESin,1.0,0.0,-0.0567,1.1,55,0.78,0.22,1.0585,1.0591,xrp-updown-5m-1782978900,xrp-updown-15m-1782978300
2026-07-02T08:10:01+00:00,BTC,5min15m,YESout+NOin,1.518,-51.8,0.1725,9.98,298,0.998,0.52,60157.125,60053.515,btc-updown-5m-1782979800,btc-updown-15m-1782979200
2026-07-02T08:10:02+00:00,ETH,5min15m,YESout+NOin,1.54,-54.0,0.1965,86.36,297,0.99,0.55,1616.53,1613.36,eth-updown-5m-1782979800,eth-updown-15m-1782979200
2026-07-02T08:10:02+00:00,SOL,5min15m,YESout+NOin,1.47,-47.0,0.3595,4.16,297,0.95,0.52,78.17,77.89,sol-updown-5m-1782979800,sol-updown-15m-1782979200
2026-07-02T08:10:03+00:00,XRP,5min15m,YESout+NOin,1.45,-45.0,0.2487,7.65,296,0.94,0.51,1.06,1.05737,xrp-updown-5m-1782979800,xrp-updown-15m-1782979200
2026-07-02T08:11:01+00:00,BTC,5min15m,YESout+NOin,1.627,-62.7,0.1725,72.92,238,0.997,0.63,60157.125,60053.515,btc-updown-5m-1782979800,btc-updown-15m-1782979200
2026-07-02T08:11:02+00:00,ETH,5min15m,YESout+NOin,1.666,-66.6,0.1965,22.68,237,0.986,0.68,1616.53,1613.36,eth-updown-5m-1782979800,eth-updown-15m-1782979200
2026-07-02T08:11:02+00:00,SOL,5min15m,YESout+NOin,1.47,-47.0,0.3338,2.5,237,0.97,0.5,78.15,77.89,sol-updown-5m-1782979800,sol-updown-15m-1782979200
2026-07-02T08:11:02+00:00,XRP,5min15m,YESout+NOin,1.47,-47.0,0.2676,6.86,237,0.98,0.49,1.0602,1.05737,xrp-updown-5m-1782979800,xrp-updown-15m-1782979200
2026-07-02T08:12:01+00:00,BTC,5min15m,YESout+NOin,1.897,-89.7,0.1725,177.7,178,0.987,0.91,60157.125,60053.515,btc-updown-5m-1782979800,btc-updown-15m-1782979200
2026-07-02T08:12:01+00:00,ETH,5min15m,YESout+NOin,1.908,-90.8,0.1965,45.98,178,0.958,0.95,1616.53,1613.36,eth-updown-5m-1782979800,eth-updown-15m-1782979200
2026-07-02T08:12:02+00:00,SOL,5min15m,YESout+NOin,1.66,-66.0,0.3338,3.8,177,0.76,0.9,78.15,77.89,sol-updown-5m-1782979800,sol-updown-15m-1782979200
2026-07-02T08:12:02+00:00,XRP,5min15m,YESout+NOin,1.58,-58.0,0.2676,3.2,177,0.64,0.94,1.0602,1.05737,xrp-updown-5m-1782979800,xrp-updown-15m-1782979200
2026-07-02T08:13:02+00:00,BTC,5min15m,YESout+NOin,1.877,-87.7,0.1725,99.89,117,0.997,0.88,60157.125,60053.515,btc-updown-5m-1782979800,btc-updown-15m-1782979200
2026-07-02T08:13:02+00:00,ETH,5min15m,YESout+NOin,1.95,-95.0,0.1965,123.85,117,0.98,0.97,1616.53,1613.36,eth-updown-5m-1782979800,eth-updown-15m-1782979200
2026-07-02T08:13:02+00:00,SOL,5min15m,YESout+NOin,1.82,-82.0,0.3338,57.58,117,0.92,0.9,78.15,77.89,sol-updown-5m-1782979800,sol-updown-15m-1782979200
2026-07-02T08:13:03+00:00,XRP,5min15m,YESout+NOin,1.72,-72.0,0.2676,0.9,116,0.78,0.94,1.0602,1.05737,xrp-updown-5m-1782979800,xrp-updown-15m-1782979200
2026-07-02T08:14:02+00:00,ETH,5min15m,YESout+NOin,1.985,-98.5,0.1965,175.11,57,0.995,0.99,1616.53,1613.36,eth-updown-5m-1782979800,eth-updown-15m-1782979200
2026-07-02T08:14:02+00:00,SOL,5min15m,YESout+NOin,1.94,-94.0,0.3338,65.32,57,0.99,0.95,78.15,77.89,sol-updown-5m-1782979800,sol-updown-15m-1782979200
2026-07-02T08:14:02+00:00,XRP,5min15m,YESout+NOin,1.92,-92.0,0.2676,35.32,57,0.95,0.97,1.0602,1.05737,xrp-updown-5m-1782979800,xrp-updown-15m-1782979200
2026-07-02T08:25:02+00:00,BTC,5min15m,YESout+NOin,1.29,-29.0,0.0402,66.19,297,0.89,0.4,60267.775,60243.575,btc-updown-5m-1782980700,btc-updown-15m-1782980100
2026-07-02T08:25:02+00:00,ETH,5min15m,NOout+YESin,0.66,34.0,-0.0457,1.5,297,0.07,0.59,1616.855,1617.595,eth-updown-5m-1782980700,eth-updown-15m-1782980100
2026-07-02T08:25:02+00:00,SOL,5min15m,YESout+NOin,1.36,-36.0,0.0895,7.03,297,0.87,0.49,78.24,78.17,sol-updown-5m-1782980700,sol-updown-15m-1782980100
2026-07-02T08:26:01+00:00,BTC,5min15m,YESout+NOin,1.37,-37.0,0.0402,6.54,238,0.86,0.51,60267.775,60243.575,btc-updown-5m-1782980700,btc-updown-15m-1782980100
2026-07-02T08:26:02+00:00,ETH,5min15m,NOout+YESin,0.45,55.0,-0.0457,4.4,237,0.14,0.31,1616.855,1617.595,eth-updown-5m-1782980700,eth-updown-15m-1782980100
2026-07-02T08:26:02+00:00,SOL,5min15m,YESout+NOin,1.47,-47.0,0.0895,3.9,237,0.78,0.69,78.24,78.17,sol-updown-5m-1782980700,sol-updown-15m-1782980100
2026-07-02T08:26:02+00:00,XRP,5min15m,YESout+NOin,1.636,-63.6,0.2548,3.2,237,0.996,0.64,1.0623,1.0596,xrp-updown-5m-1782980700,xrp-updown-15m-1782980100
2026-07-02T08:27:01+00:00,BTC,5min15m,YESout+NOin,1.19,-19.0,0.0402,180.56,178,0.98,0.21,60267.775,60243.575,btc-updown-5m-1782980700,btc-updown-15m-1782980100
2026-07-02T08:27:01+00:00,ETH,5min15m,NOout+YESin,0.45,55.0,-0.0457,1.92,178,0.04,0.41,1616.855,1617.595,eth-updown-5m-1782980700,eth-updown-15m-1782980100
2026-07-02T08:27:02+00:00,SOL,5min15m,YESout+NOin,1.57,-57.0,0.0895,3.6,177,0.85,0.72,78.24,78.17,sol-updown-5m-1782980700,sol-updown-15m-1782980100
2026-07-02T08:27:02+00:00,XRP,5min15m,YESout+NOin,1.199,-19.9,0.2548,7.22,177,0.999,0.2,1.0623,1.0596,xrp-updown-5m-1782980700,xrp-updown-15m-1782980100
2026-07-02T08:28:01+00:00,BTC,5min15m,YESout+NOin,1.13,-13.0,0.0402,106.94,118,0.99,0.14,60267.775,60243.575,btc-updown-5m-1782980700,btc-updown-15m-1782980100
2026-07-02T08:28:01+00:00,ETH,5min15m,NOout+YESin,0.54,46.0,-0.0457,2.55,118,0.03,0.51,1616.855,1617.595,eth-updown-5m-1782980700,eth-updown-15m-1782980100
2026-07-02T08:28:02+00:00,SOL,5min15m,YESout+NOin,1.62,-62.0,0.0895,54.9,117,0.9,0.72,78.24,78.17,sol-updown-5m-1782980700,sol-updown-15m-1782980100
2026-07-02T08:28:02+00:00,XRP,5min15m,YESout+NOin,1.059,-5.9,0.2548,0.99,117,0.999,0.06,1.0623,1.0596,xrp-updown-5m-1782980700,xrp-updown-15m-1782980100
2026-07-02T08:29:02+00:00,ETH,5min15m,NOout+YESin,0.51,49.0,-0.0457,0.23,57,0.01,0.5,1616.855,1617.595,eth-updown-5m-1782980700,eth-updown-15m-1782980100
2026-07-02T08:29:02+00:00,SOL,5min15m,YESout+NOin,1.71,-71.0,0.0895,4.9,57,0.98,0.73,78.24,78.17,sol-updown-5m-1782980700,sol-updown-15m-1782980100
2026-07-02T08:40:02+00:00,BTC,5min15m,YESout+NOin,1.52,-52.0,0.1472,175.33,297,0.97,0.55,60389.775,60301.0,btc-updown-5m-1782981600,btc-updown-15m-1782981000
2026-07-02T08:40:02+00:00,ETH,5min15m,YESout+NOin,1.58,-58.0,0.2123,7.67,297,0.99,0.59,1621.505,1618.07,eth-updown-5m-1782981600,eth-updown-15m-1782981000
2026-07-02T08:40:02+00:00,SOL,5min15m,YESout+NOin,1.49,-49.0,0.3072,8.4,297,0.93,0.56,78.36,78.12,sol-updown-5m-1782981600,sol-updown-15m-1782981000
2026-07-02T08:40:03+00:00,XRP,5min15m,YESout+NOin,1.47,-47.0,0.2168,8.9,296,0.89,0.58,1.0633,1.061,xrp-updown-5m-1782981600,xrp-updown-15m-1782981000
2026-07-02T08:41:01+00:00,BTC,5min15m,YESout+NOin,1.57,-57.0,0.1472,15.8,238,0.97,0.6,60389.775,60301.0,btc-updown-5m-1782981600,btc-updown-15m-1782981000
2026-07-02T08:41:02+00:00,ETH,5min15m,YESout+NOin,1.649,-64.9,0.2123,3.3,237,0.989,0.66,1621.505,1618.07,eth-updown-5m-1782981600,eth-updown-15m-1782981000
2026-07-02T08:41:02+00:00,SOL,5min15m,YESout+NOin,1.57,-57.0,0.3072,9.88,237,0.96,0.61,78.36,78.12,sol-updown-5m-1782981600,sol-updown-15m-1782981000
2026-07-02T08:41:02+00:00,XRP,5min15m,YESout+NOin,1.55,-55.0,0.2074,21.23,237,0.84,0.71,1.0632,1.061,xrp-updown-5m-1782981600,xrp-updown-15m-1782981000
2026-07-02T08:42:02+00:00,BTC,5min15m,YESout+NOin,1.79,-79.0,0.1472,61.35,177,0.99,0.8,60389.775,60301.0,btc-updown-5m-1782981600,btc-updown-15m-1782981000
2026-07-02T08:42:02+00:00,ETH,5min15m,YESout+NOin,1.8,-80.0,0.2123,83.66,177,0.99,0.81,1621.505,1618.07,eth-updown-5m-1782981600,eth-updown-15m-1782981000
2026-07-02T08:42:02+00:00,SOL,5min15m,YESout+NOin,1.68,-68.0,0.3072,33.6,177,0.97,0.71,78.36,78.12,sol-updown-5m-1782981600,sol-updown-15m-1782981000
2026-07-02T08:42:03+00:00,XRP,5min15m,YESout+NOin,1.7,-70.0,0.2074,2.01,176,0.88,0.82,1.0632,1.061,xrp-updown-5m-1782981600,xrp-updown-15m-1782981000
2026-07-02T08:43:01+00:00,BTC,5min15m,YESout+NOin,1.85,-85.0,0.1472,192.63,118,0.99,0.86,60389.775,60301.0,btc-updown-5m-1782981600,btc-updown-15m-1782981000
2026-07-02T08:43:02+00:00,ETH,5min15m,YESout+NOin,1.828,-82.8,0.2123,3.49,117,0.998,0.83,1621.505,1618.07,eth-updown-5m-1782981600,eth-updown-15m-1782981000
2026-07-02T08:43:02+00:00,SOL,5min15m,YESout+NOin,1.77,-77.0,0.3072,68.18,117,0.98,0.79,78.36,78.12,sol-updown-5m-1782981600,sol-updown-15m-1782981000
2026-07-02T08:43:02+00:00,XRP,5min15m,YESout+NOin,1.76,-76.0,0.2074,15.8,117,0.97,0.79,1.0632,1.061,xrp-updown-5m-1782981600,xrp-updown-15m-1782981000
2026-07-02T08:44:01+00:00,BTC,5min15m,YESout+NOin,1.958,-95.8,0.1472,24.2,58,0.998,0.96,60389.775,60301.0,btc-updown-5m-1782981600,btc-updown-15m-1782981000
2026-07-02T08:45:02+00:00,BTC,15min60m,YESout+NOin,1.531,-53.1,0.5095,31.32,897,0.991,0.54,60359.515,60053.515,btc-updown-15m-1782981900,bitcoin-up-or-down-july-2-2026-4am-et
2026-07-02T08:45:02+00:00,ETH,15min60m,YESout+NOin,1.538,-53.8,0.4856,33.36,897,0.988,0.55,1621.195,1613.36,eth-updown-15m-1782981900,ethereum-up-or-down-july-2-2026-4am-et
2026-07-02T08:45:03+00:00,SOL,15min60m,YESout+NOin,1.48,-48.0,0.6548,2.55,896,0.97,0.51,78.4,77.89,sol-updown-15m-1782981900,solana-up-or-down-july-2-2026-4am-et
2026-07-02T08:45:03+00:00,XRP,15min60m,YESout+NOin,1.519,-51.9,0.627,8.74,896,0.999,0.52,1.064,1.05737,xrp-updown-15m-1782981900,xrp-up-or-down-july-2-2026-4am-et
2026-07-02T08:46:01+00:00,BTC,15min60m,YESout+NOin,1.575,-57.5,0.5095,189.05,838,0.995,0.58,60359.515,60053.515,btc-updown-15m-1782981900,bitcoin-up-or-down-july-2-2026-4am-et
2026-07-02T08:46:02+00:00,ETH,15min60m,YESout+NOin,1.546,-54.6,0.4856,13.55,837,0.986,0.56,1621.195,1613.36,eth-updown-15m-1782981900,ethereum-up-or-down-july-2-2026-4am-et
2026-07-02T08:46:02+00:00,SOL,15min60m,YESout+NOin,1.58,-58.0,0.6291,4.9,837,0.98,0.6,78.38,77.89,sol-updown-15m-1782981900,solana-up-or-down-july-2-2026-4am-et
2026-07-02T08:46:03+00:00,XRP,15min60m,YESout+NOin,1.656,-65.6,0.5892,1.14,836,0.996,0.66,1.0636,1.05737,xrp-updown-15m-1782981900,xrp-up-or-down-july-2-2026-4am-et
2026-07-02T08:47:01+00:00,BTC,15min60m,YESout+NOin,1.219,-21.9,0.5095,21.12,778,0.999,0.22,60359.515,60053.515,btc-updown-15m-1782981900,bitcoin-up-or-down-july-2-2026-4am-et
2026-07-02T08:47:02+00:00,ETH,15min60m,YESout+NOin,1.215,-21.5,0.4856,12.93,777,0.995,0.22,1621.195,1613.36,eth-updown-15m-1782981900,ethereum-up-or-down-july-2-2026-4am-et
2026-07-02T08:47:02+00:00,SOL,15min60m,YESout+NOin,1.33,-33.0,0.6291,14.96,777,0.99,0.34,78.38,77.89,sol-updown-15m-1782981900,solana-up-or-down-july-2-2026-4am-et
2026-07-02T08:47:02+00:00,XRP,15min60m,YESout+NOin,1.339,-33.9,0.5892,12.24,777,0.999,0.34,1.0636,1.05737,xrp-updown-15m-1782981900,xrp-up-or-down-july-2-2026-4am-et
2026-07-02T08:48:01+00:00,BTC,15min60m,YESout+NOin,1.139,-13.9,0.5095,12.1,718,0.999,0.14,60359.515,60053.515,btc-updown-15m-1782981900,bitcoin-up-or-down-july-2-2026-4am-et
2026-07-02T08:48:01+00:00,ETH,15min60m,YESout+NOin,1.275,-27.5,0.4856,5.32,718,0.995,0.28,1621.195,1613.36,eth-updown-15m-1782981900,ethereum-up-or-down-july-2-2026-4am-et
2026-07-02T08:48:02+00:00,SOL,15min60m,YESout+NOin,1.49,-49.0,0.6291,2.5,717,0.99,0.5,78.38,77.89,sol-updown-15m-1782981900,solana-up-or-down-july-2-2026-4am-et
2026-07-02T08:48:02+00:00,XRP,15min60m,YESout+NOin,1.369,-36.9,0.5892,0.18,717,0.999,0.37,1.0636,1.05737,xrp-updown-15m-1782981900,xrp-up-or-down-july-2-2026-4am-et
2026-07-02T08:49:02+00:00,BTC,15min60m,YESout+NOin,1.179,-17.9,0.5095,40.63,657,0.999,0.18,60359.515,60053.515,btc-updown-15m-1782981900,bitcoin-up-or-down-july-2-2026-4am-et
2026-07-02T08:49:02+00:00,ETH,15min60m,YESout+NOin,1.305,-30.5,0.4856,4.97,657,0.995,0.31,1621.195,1613.36,eth-updown-15m-1782981900,ethereum-up-or-down-july-2-2026-4am-et
2026-07-02T08:49:02+00:00,SOL,15min60m,YESout+NOin,1.44,-44.0,0.6291,2.25,657,0.99,0.45,78.38,77.89,sol-updown-15m-1782981900,solana-up-or-down-july-2-2026-4am-et
2026-07-02T08:49:03+00:00,XRP,15min60m,YESout+NOin,1.389,-38.9,0.5892,26.0,656,0.999,0.39,1.0636,1.05737,xrp-updown-15m-1782981900,xrp-up-or-down-july-2-2026-4am-et
2026-07-02T08:50:01+00:00,BTC,15min60m,YESout+NOin,1.239,-23.9,0.5095,47.34,598,0.999,0.24,60359.515,60053.515,btc-updown-15m-1782981900,bitcoin-up-or-down-july-2-2026-4am-et
2026-07-02T08:50:02+00:00,ETH,15min60m,YESout+NOin,1.336,-33.6,0.4856,1.7,597,0.996,0.34,1621.195,1613.36,eth-updown-15m-1782981900,ethereum-up-or-down-july-2-2026-4am-et
2026-07-02T08:50:02+00:00,SOL,15min60m,YESout+NOin,1.52,-52.0,0.6291,14.8,597,0.99,0.53,78.38,77.89,sol-updown-15m-1782981900,solana-up-or-down-july-2-2026-4am-et
2026-07-02T08:50:02+00:00,XRP,15min60m,YESout+NOin,1.509,-50.9,0.5892,1.45,597,0.999,0.51,1.0636,1.05737,xrp-updown-15m-1782981900,xrp-up-or-down-july-2-2026-4am-et
2026-07-02T08:51:01+00:00,BTC,15min60m,YESout+NOin,1.159,-15.9,0.5095,21.82,538,0.999,0.16,60359.515,60053.515,btc-updown-15m-1782981900,bitcoin-up-or-down-july-2-2026-4am-et
2026-07-02T08:51:01+00:00,ETH,15min60m,YESout+NOin,1.218,-21.8,0.4856,14.63,538,0.998,0.22,1621.195,1613.36,eth-updown-15m-1782981900,ethereum-up-or-down-july-2-2026-4am-et
2026-07-02T08:51:02+00:00,SOL,15min60m,YESout+NOin,1.466,-46.6,0.6291,1.5,537,0.996,0.47,78.38,77.89,sol-updown-15m-1782981900,solana-up-or-down-july-2-2026-4am-et
2026-07-02T08:51:02+00:00,XRP,15min60m,YESout+NOin,1.499,-49.9,0.5892,2.5,537,0.999,0.5,1.0636,1.05737,xrp-updown-15m-1782981900,xrp-up-or-down-july-2-2026-4am-et
2026-07-02T08:52:01+00:00,BTC,15min60m,YESout+NOin,1.219,-21.9,0.5095,25.26,478,0.999,0.22,60359.515,60053.515,btc-updown-15m-1782981900,bitcoin-up-or-down-july-2-2026-4am-et
2026-07-02T08:52:01+00:00,ETH,15min60m,YESout+NOin,1.189,-18.9,0.4856,8.43,478,0.999,0.19,1621.195,1613.36,eth-updown-15m-1782981900,ethereum-up-or-down-july-2-2026-4am-et
2026-07-02T08:52:02+00:00,SOL,15min60m,YESout+NOin,1.557,-55.7,0.6291,7.28,477,0.997,0.56,78.38,77.89,sol-updown-15m-1782981900,solana-up-or-down-july-2-2026-4am-et
2026-07-02T08:52:02+00:00,XRP,15min60m,YESout+NOin,1.599,-59.9,0.5892,23.06,477,0.999,0.6,1.0636,1.05737,xrp-updown-15m-1782981900,xrp-up-or-down-july-2-2026-4am-et
2026-07-02T08:53:02+00:00,BTC,15min60m,YESout+NOin,1.139,-13.9,0.5095,58.4,417,0.999,0.14,60359.515,60053.515,btc-updown-15m-1782981900,bitcoin-up-or-down-july-2-2026-4am-et
2026-07-02T08:53:02+00:00,ETH,15min60m,YESout+NOin,1.099,-9.9,0.4856,5.43,417,0.999,0.1,1621.195,1613.36,eth-updown-15m-1782981900,ethereum-up-or-down-july-2-2026-4am-et
2026-07-02T08:53:02+00:00,SOL,15min60m,YESout+NOin,1.449,-44.9,0.6291,41.15,417,0.999,0.45,78.38,77.89,sol-updown-15m-1782981900,solana-up-or-down-july-2-2026-4am-et
2026-07-02T08:53:03+00:00,XRP,15min60m,YESout+NOin,1.539,-53.9,0.5892,14.97,416,0.999,0.54,1.0636,1.05737,xrp-updown-15m-1782981900,xrp-up-or-down-july-2-2026-4am-et
2026-07-02T08:54:02+00:00,ETH,15min60m,YESout+NOin,1.129,-12.9,0.4856,3.28,357,0.999,0.13,1621.195,1613.36,eth-updown-15m-1782981900,ethereum-up-or-down-july-2-2026-4am-et
2026-07-02T08:54:02+00:00,SOL,15min60m,YESout+NOin,1.439,-43.9,0.6291,11.83,357,0.999,0.44,78.38,77.89,sol-updown-15m-1782981900,solana-up-or-down-july-2-2026-4am-et
2026-07-02T08:54:02+00:00,XRP,15min60m,YESout+NOin,1.499,-49.9,0.5892,2.5,357,0.999,0.5,1.0636,1.05737,xrp-updown-15m-1782981900,xrp-up-or-down-july-2-2026-4am-et
2026-07-02T08:55:02+00:00,BTC,5min15m,YESout+NOin,1.49,-49.0,0.1173,62.62,297,0.95,0.54,60430.325,60359.515,btc-updown-5m-1782982500,btc-updown-15m-1782981900
2026-07-02T08:55:03+00:00,ETH,5min15m,YESout+NOin,1.48,-48.0,0.124,73.73,296,0.91,0.57,1623.205,1621.195,eth-updown-5m-1782982500,eth-updown-15m-1782981900
2026-07-02T08:55:03+00:00,SOL,5min15m,YESout+NOin,1.11,-11.0,0.0638,2.4,296,0.63,0.48,78.43,78.38,sol-updown-5m-1782982500,sol-updown-15m-1782981900
2026-07-02T08:55:03+00:00,XRP,5min15m,YESout+NOin,1.08,-8.0,0.0376,2.5,296,0.58,0.5,1.064,1.0636,xrp-updown-5m-1782982500,xrp-updown-15m-1782981900
2026-07-02T08:56:02+00:00,BTC,5min15m,YESout+NOin,1.48,-48.0,0.1173,440.33,237,0.97,0.51,60430.325,60359.515,btc-updown-5m-1782982500,btc-updown-15m-1782981900
2026-07-02T08:56:03+00:00,ETH,5min15m,YESout+NOin,1.42,-42.0,0.124,75.0,236,0.95,0.47,1623.205,1621.195,eth-updown-5m-1782982500,eth-updown-15m-1782981900
2026-07-02T08:56:03+00:00,SOL,5min15m,YESout+NOin,1.16,-16.0,0.1021,23.5,236,0.76,0.4,78.46,78.38,sol-updown-5m-1782982500,sol-updown-15m-1782981900
2026-07-02T08:56:04+00:00,XRP,5min15m,YESout+NOin,1.08,-8.0,0.0752,4.5,235,0.83,0.25,1.0644,1.0636,xrp-updown-5m-1782982500,xrp-updown-15m-1782981900
2026-07-02T08:57:03+00:00,BTC,5min15m,YESout+NOin,1.72,-72.0,0.1173,470.68,176,0.97,0.75,60430.325,60359.515,btc-updown-5m-1782982500,btc-updown-15m-1782981900
2026-07-02T08:57:03+00:00,ETH,5min15m,YESout+NOin,1.45,-45.0,0.124,32.81,176,0.96,0.49,1623.205,1621.195,eth-updown-5m-1782982500,eth-updown-15m-1782981900
2026-07-02T08:57:03+00:00,SOL,5min15m,YESout+NOin,1.22,-22.0,0.1021,2.35,176,0.75,0.47,78.46,78.38,sol-updown-5m-1782982500,sol-updown-15m-1782981900
2026-07-02T08:57:04+00:00,XRP,5min15m,YESout+NOin,1.12,-12.0,0.0752,14.59,175,0.66,0.46,1.0644,1.0636,xrp-updown-5m-1782982500,xrp-updown-15m-1782981900
2026-07-02T08:58:03+00:00,BTC,5min15m,YESout+NOin,1.75,-75.0,0.1173,11.4,116,0.99,0.76,60430.325,60359.515,btc-updown-5m-1782982500,btc-updown-15m-1782981900
2026-07-02T08:58:03+00:00,ETH,5min15m,YESout+NOin,1.38,-38.0,0.124,19.63,116,0.99,0.39,1623.205,1621.195,eth-updown-5m-1782982500,eth-updown-15m-1782981900
2026-07-02T08:58:04+00:00,SOL,5min15m,YESout+NOin,1.16,-16.0,0.1021,22.54,115,0.92,0.24,78.46,78.38,sol-updown-5m-1782982500,sol-updown-15m-1782981900
2026-07-02T08:58:04+00:00,XRP,5min15m,YESout+NOin,1.12,-12.0,0.0752,17.58,115,0.75,0.37,1.0644,1.0636,xrp-updown-5m-1782982500,xrp-updown-15m-1782981900
2026-07-02T08:59:02+00:00,BTC,5min15m,YESout+NOin,1.89,-89.0,0.1173,57.0,57,0.99,0.9,60430.325,60359.515,btc-updown-5m-1782982500,btc-updown-15m-1782981900
2026-07-02T08:59:03+00:00,SOL,5min15m,YESout+NOin,1.3,-30.0,0.1021,5.7,56,0.86,0.44,78.46,78.38,sol-updown-5m-1782982500,sol-updown-15m-1782981900
2026-07-02T08:59:03+00:00,XRP,5min15m,YESout+NOin,1.28,-28.0,0.0752,2.8,56,0.56,0.72,1.0644,1.0636,xrp-updown-5m-1782982500,xrp-updown-15m-1782981900
2026-07-02T09:10:01+00:00,BTC,5min15m,NOout+YESin,1.52,-52.0,-0.139,11.03,298,0.97,0.55,60339.0,60423.0,btc-updown-5m-1782983400,btc-updown-15m-1782982800
2026-07-02T09:10:02+00:00,ETH,5min15m,NOout+YESin,1.6,-60.0,-0.1787,41.42,297,0.98,0.62,1619.52,1622.42,eth-updown-5m-1782983400,eth-updown-15m-1782982800
2026-07-02T09:10:02+00:00,SOL,5min15m,NOout+YESin,1.03,-3.0,-0.0638,2.7,297,0.49,0.54,78.29,78.34,sol-updown-5m-1782983400,sol-updown-15m-1782982800
2026-07-02T09:10:02+00:00,XRP,5min15m,NOout+YESin,1.56,-56.0,-0.0941,11.73,297,0.87,0.69,1.062,1.063,xrp-updown-5m-1782983400,xrp-updown-15m-1782982800
2026-07-02T09:11:01+00:00,BTC,5min15m,NOout+YESin,1.51,-51.0,-0.1478,105.74,238,0.99,0.52,60333.685,60423.0,btc-updown-5m-1782983400,btc-updown-15m-1782982800
2026-07-02T09:11:01+00:00,ETH,5min15m,NOout+YESin,1.63,-63.0,-0.1886,6.76,238,0.98,0.65,1619.36,1622.42,eth-updown-5m-1782983400,eth-updown-15m-1782982800
2026-07-02T09:11:02+00:00,SOL,5min15m,YESout+NOin,1.25,-25.0,0.2681,5.86,237,0.66,0.59,78.55,78.34,sol-updown-5m-1782983400,sol-updown-15m-1782982800
2026-07-02T09:11:02+00:00,XRP,5min15m,YESout+NOin,0.45,55.0,0.0188,1.31,237,0.12,0.33,1.0632,1.063,xrp-updown-5m-1782983400,xrp-updown-15m-1782982800
2026-07-02T09:12:02+00:00,BTC,5min15m,NOout+YESin,1.79,-79.0,-0.1478,7.7,177,0.98,0.81,60333.685,60423.0,btc-updown-5m-1782983400,btc-updown-15m-1782982800
2026-07-02T09:12:02+00:00,ETH,5min15m,NOout+YESin,1.88,-88.0,-0.1886,15.66,177,0.98,0.9,1619.36,1622.42,eth-updown-5m-1782983400,eth-updown-15m-1782982800
2026-07-02T09:12:02+00:00,SOL,5min15m,YESout+NOin,1.04,-4.0,0.2681,3.8,177,0.76,0.28,78.55,78.34,sol-updown-5m-1782983400,sol-updown-15m-1782982800
2026-07-02T09:12:03+00:00,XRP,5min15m,YESout+NOin,0.38,62.0,0.0188,5.94,176,0.15,0.23,1.0632,1.063,xrp-updown-5m-1782983400,xrp-updown-15m-1782982800
2026-07-02T09:13:01+00:00,BTC,5min15m,NOout+YESin,1.91,-91.0,-0.1478,29.76,118,0.96,0.95,60333.685,60423.0,btc-updown-5m-1782983400,btc-updown-15m-1782982800
2026-07-02T09:13:02+00:00,ETH,5min15m,NOout+YESin,1.96,-96.0,-0.1886,273.17,117,0.97,0.99,1619.36,1622.42,eth-updown-5m-1782983400,eth-updown-15m-1782982800
2026-07-02T09:13:02+00:00,SOL,5min15m,YESout+NOin,1.02,-2.0,0.2681,4.17,117,0.91,0.11,78.55,78.34,sol-updown-5m-1782983400,sol-updown-15m-1782982800
2026-07-02T09:13:03+00:00,XRP,5min15m,YESout+NOin,0.38,62.0,0.0188,0.82,116,0.34,0.04,1.0632,1.063,xrp-updown-5m-1782983400,xrp-updown-15m-1782982800
2026-07-02T09:14:02+00:00,SOL,5min15m,YESout+NOin,1.14,-14.0,0.2681,2.83,57,0.91,0.23,78.55,78.34,sol-updown-5m-1782983400,sol-updown-15m-1782982800
2026-07-02T09:14:02+00:00,XRP,5min15m,YESout+NOin,0.63,37.0,0.0188,3.1,57,0.62,0.01,1.0632,1.063,xrp-updown-5m-1782983400,xrp-updown-15m-1782982800
2026-07-02T09:25:01+00:00,BTC,5min15m,NOout+YESin,0.52,48.0,-0.0454,15.48,298,0.05,0.47,60386.035,60413.435,btc-updown-5m-1782984300,btc-updown-15m-1782983700
2026-07-02T09:25:01+00:00,ETH,5min15m,NOout+YESin,0.49,51.0,-0.0179,2.62,298,0.04,0.45,1621.485,1621.775,eth-updown-5m-1782984300,eth-updown-15m-1782983700
2026-07-02T09:25:02+00:00,SOL,5min15m,YESout+NOin,1.41,-41.0,0.2423,39.92,297,0.89,0.52,78.61,78.42,sol-updown-5m-1782984300,sol-updown-15m-1782983700
2026-07-02T09:25:02+00:00,XRP,5min15m,YESout+NOin,1.56,-56.0,0.1974,2.95,297,0.97,0.59,1.0659,1.0638,xrp-updown-5m-1782984300,xrp-updown-15m-1782983700
2026-07-02T09:26:02+00:00,BTC,5min15m,YESout+NOin,1.6,-60.0,0.1443,311.49,237,0.97,0.63,60500.615,60413.435,btc-updown-5m-1782984300,btc-updown-15m-1782983700
2026-07-02T09:26:02+00:00,ETH,5min15m,YESout+NOin,1.43,-43.0,0.1717,32.56,237,0.99,0.44,1624.56,1621.775,eth-updown-5m-1782984300,eth-updown-15m-1782983700
2026-07-02T09:26:02+00:00,SOL,5min15m,YESout+NOin,1.47,-47.0,0.204,19.79,237,0.89,0.58,78.58,78.42,sol-updown-5m-1782984300,sol-updown-15m-1782983700
2026-07-02T09:26:03+00:00,XRP,5min15m,YESout+NOin,1.66,-66.0,0.1786,24.5,236,0.98,0.68,1.0657,1.0638,xrp-updown-5m-1782984300,xrp-updown-15m-1782983700
2026-07-02T09:27:01+00:00,BTC,5min15m,YESout+NOin,1.77,-77.0,0.1443,20.78,178,0.96,0.81,60500.615,60413.435,btc-updown-5m-1782984300,btc-updown-15m-1782983700
2026-07-02T09:27:02+00:00,ETH,5min15m,YESout+NOin,1.359,-35.9,0.1717,6.04,177,0.999,0.36,1624.56,1621.775,eth-updown-5m-1782984300,eth-updown-15m-1782983700
2026-07-02T09:27:02+00:00,SOL,5min15m,YESout+NOin,1.24,-24.0,0.204,17.64,177,0.98,0.26,78.58,78.42,sol-updown-5m-1782984300,sol-updown-15m-1782983700
2026-07-02T09:27:03+00:00,XRP,5min15m,YESout+NOin,1.556,-55.6,0.1786,7.39,176,0.996,0.56,1.0657,1.0638,xrp-updown-5m-1782984300,xrp-updown-15m-1782983700
2026-07-02T09:28:02+00:00,ETH,5min15m,YESout+NOin,1.139,-13.9,0.1717,0.72,117,0.999,0.14,1624.56,1621.775,eth-updown-5m-1782984300,eth-updown-15m-1782983700
2026-07-02T09:28:02+00:00,XRP,5min15m,YESout+NOin,1.099,-9.9,0.1786,0.5,117,0.999,0.1,1.0657,1.0638,xrp-updown-5m-1782984300,xrp-updown-15m-1782983700
2026-07-02T09:29:01+00:00,BTC,5min15m,YESout+NOin,1.079,-7.9,0.1443,52.79,58,0.999,0.08,60500.615,60413.435,btc-updown-5m-1782984300,btc-updown-15m-1782983700
2026-07-02T09:29:02+00:00,SOL,5min15m,YESout+NOin,1.009,-0.9,0.204,16.82,57,0.999,0.01,78.58,78.42,sol-updown-5m-1782984300,sol-updown-15m-1782983700
2026-07-02T09:40:02+00:00,ETH,5min15m,YESout+NOin,1.569,-56.9,1.0211,3.39,297,0.999,0.57,1644.34,1627.72,eth-updown-5m-1782985200,eth-updown-15m-1782984600
2026-07-02T09:40:03+00:00,SOL,5min15m,YESout+NOin,1.589,-58.9,0.5958,8.85,296,0.999,0.59,79.35,78.88,sol-updown-5m-1782985200,sol-updown-15m-1782984600
2026-07-02T09:40:03+00:00,XRP,5min15m,YESout+NOin,1.599,-59.9,0.5425,3.0,296,0.999,0.6,1.075,1.0692,xrp-updown-5m-1782985200,xrp-updown-15m-1782984600
2026-07-02T09:41:02+00:00,ETH,5min15m,YESout+NOin,1.769,-76.9,0.2608,7.69,237,0.999,0.77,1631.965,1627.72,eth-updown-5m-1782985200,eth-updown-15m-1782984600
2026-07-02T09:41:02+00:00,SOL,5min15m,YESout+NOin,1.819,-81.9,0.8494,9.18,237,0.999,0.82,79.55,78.88,sol-updown-5m-1782985200,sol-updown-15m-1782984600
2026-07-02T09:41:03+00:00,XRP,5min15m,YESout+NOin,1.629,-62.9,1.0195,15.75,236,0.999,0.63,1.0801,1.0692,xrp-updown-5m-1782985200,xrp-updown-15m-1782984600
2026-07-02T09:42:02+00:00,BTC,5min15m,YESout+NOin,1.179,-17.9,0.1632,10.22,177,0.999,0.18,60630.655,60531.895,btc-updown-5m-1782985200,btc-updown-15m-1782984600
2026-07-02T09:42:02+00:00,ETH,5min15m,YESout+NOin,1.889,-88.9,0.2608,86.61,177,0.999,0.89,1631.965,1627.72,eth-updown-5m-1782985200,eth-updown-15m-1782984600
2026-07-02T09:42:02+00:00,SOL,5min15m,YESout+NOin,1.729,-72.9,0.8494,23.43,177,0.999,0.73,79.55,78.88,sol-updown-5m-1782985200,sol-updown-15m-1782984600
2026-07-02T09:42:03+00:00,XRP,5min15m,YESout+NOin,1.609,-60.9,1.0195,3.05,176,0.999,0.61,1.0801,1.0692,xrp-updown-5m-1782985200,xrp-updown-15m-1782984600
2026-07-02T09:43:02+00:00,XRP,5min15m,YESout+NOin,1.709,-70.9,1.0195,2.39,117,0.999,0.71,1.0801,1.0692,xrp-updown-5m-1782985200,xrp-updown-15m-1782984600
2026-07-02T09:45:02+00:00,BTC,15min60m,YESout+NOin,1.546,-54.6,0.8209,0.01,897,0.996,0.55,60919.0,60423.0,btc-updown-15m-1782985500,bitcoin-up-or-down-july-2-2026-5am-et
2026-07-02T09:45:02+00:00,ETH,15min60m,YESout+NOin,1.554,-55.4,1.2309,4.97,897,0.994,0.56,1642.39,1622.42,eth-updown-15m-1782985500,ethereum-up-or-down-july-2-2026-5am-et
2026-07-02T09:45:03+00:00,SOL,15min60m,YESout+NOin,1.609,-60.9,1.4169,6.1,896,0.999,0.61,79.45,78.34,sol-updown-15m-1782985500,solana-up-or-down-july-2-2026-5am-et
2026-07-02T09:46:01+00:00,BTC,15min60m,YESout+NOin,1.794,-79.4,0.668,83.46,838,0.984,0.81,60826.645,60423.0,btc-updown-15m-1782985500,bitcoin-up-or-down-july-2-2026-5am-et
2026-07-02T09:46:02+00:00,ETH,15min60m,YESout+NOin,1.712,-71.2,1.4183,18.0,837,0.992,0.72,1645.43,1622.42,eth-updown-15m-1782985500,ethereum-up-or-down-july-2-2026-5am-et
2026-07-02T09:46:02+00:00,SOL,15min60m,YESout+NOin,1.755,-75.5,1.1871,19.64,837,0.995,0.76,79.27,78.34,sol-updown-15m-1782985500,solana-up-or-down-july-2-2026-5am-et
2026-07-02T09:46:02+00:00,XRP,15min60m,YESout+NOin,1.759,-75.9,1.2888,8.91,837,0.999,0.76,1.0767,1.063,xrp-updown-15m-1782985500,xrp-up-or-down-july-2-2026-5am-et
2026-07-02T09:47:01+00:00,BTC,15min60m,YESout+NOin,1.856,-85.6,0.668,287.91,778,0.986,0.87,60826.645,60423.0,btc-updown-15m-1782985500,bitcoin-up-or-down-july-2-2026-5am-et
2026-07-02T09:47:01+00:00,ETH,15min60m,YESout+NOin,1.811,-81.1,1.4183,72.34,778,0.991,0.82,1645.43,1622.42,eth-updown-15m-1782985500,ethereum-up-or-down-july-2-2026-5am-et
2026-07-02T09:48:02+00:00,BTC,15min60m,YESout+NOin,1.767,-76.7,0.668,185.96,717,0.997,0.77,60826.645,60423.0,btc-updown-15m-1782985500,bitcoin-up-or-down-july-2-2026-5am-et
2026-07-02T09:48:02+00:00,ETH,15min60m,YESout+NOin,1.773,-77.3,1.4183,19.5,717,0.993,0.78,1645.43,1622.42,eth-updown-15m-1782985500,ethereum-up-or-down-july-2-2026-5am-et
2026-07-02T09:49:01+00:00,BTC,15min60m,YESout+NOin,1.667,-66.7,0.668,50.25,658,0.997,0.67,60826.645,60423.0,btc-updown-15m-1782985500,bitcoin-up-or-down-july-2-2026-5am-et
2026-07-02T09:49:02+00:00,ETH,15min60m,YESout+NOin,1.774,-77.4,1.4183,4.97,657,0.994,0.78,1645.43,1622.42,eth-updown-15m-1782985500,ethereum-up-or-down-july-2-2026-5am-et
2026-07-02T09:50:01+00:00,BTC,15min60m,YESout+NOin,1.639,-63.9,0.668,6.4,598,0.999,0.64,60826.645,60423.0,btc-updown-15m-1782985500,bitcoin-up-or-down-july-2-2026-5am-et
2026-07-02T09:50:01+00:00,ETH,15min60m,YESout+NOin,1.775,-77.5,1.4183,4.97,598,0.995,0.78,1645.43,1622.42,eth-updown-15m-1782985500,ethereum-up-or-down-july-2-2026-5am-et
2026-07-02T09:51:01+00:00,BTC,15min60m,YESout+NOin,1.689,-68.9,0.668,28.37,538,0.999,0.69,60826.645,60423.0,btc-updown-15m-1782985500,bitcoin-up-or-down-july-2-2026-5am-et
2026-07-02T09:51:01+00:00,ETH,15min60m,YESout+NOin,1.889,-88.9,1.4183,35.6,538,0.999,0.89,1645.43,1622.42,eth-updown-15m-1782985500,ethereum-up-or-down-july-2-2026-5am-et
2026-07-02T09:52:02+00:00,ETH,15min60m,YESout+NOin,1.839,-83.9,1.4183,33.6,477,0.999,0.84,1645.43,1622.42,eth-updown-15m-1782985500,ethereum-up-or-down-july-2-2026-5am-et
2026-07-02T09:55:03+00:00,BTC,5min15m,YESout+NOin,1.48,-48.0,0.268,163.37,296,0.94,0.54,60989.685,60826.645,btc-updown-5m-1782986100,btc-updown-15m-1782985500
2026-07-02T09:55:04+00:00,ETH,5min15m,NOout+YESin,1.22,-22.0,-0.4795,4.97,295,0.74,0.48,1637.54,1645.43,eth-updown-5m-1782986100,eth-updown-15m-1782985500
2026-07-02T09:55:04+00:00,SOL,5min15m,YESout+NOin,1.29,-29.0,0.4037,4.8,295,0.8,0.49,79.59,79.27,sol-updown-5m-1782986100,sol-updown-15m-1782985500
2026-07-02T09:55:04+00:00,XRP,5min15m,YESout+NOin,0.66,34.0,0.0186,2.1,295,0.16,0.5,1.0769,1.0767,xrp-updown-5m-1782986100,xrp-updown-15m-1782985500
2026-07-02T09:56:02+00:00,BTC,5min15m,YESout+NOin,1.32,-32.0,0.268,156.95,237,0.98,0.34,60989.685,60826.645,btc-updown-5m-1782986100,btc-updown-15m-1782985500
2026-07-02T09:56:03+00:00,ETH,5min15m,NOout+YESin,1.32,-32.0,-0.4795,22.2,236,0.74,0.58,1637.54,1645.43,eth-updown-5m-1782986100,eth-updown-15m-1782985500
2026-07-02T09:56:03+00:00,SOL,5min15m,YESout+NOin,1.28,-28.0,0.4163,1.83,236,0.88,0.4,79.6,79.27,sol-updown-5m-1782986100,sol-updown-15m-1782985500
2026-07-02T09:56:04+00:00,XRP,5min15m,YESout+NOin,0.57,43.0,0.0,0.5,235,0.1,0.47,1.0767,1.0767,xrp-updown-5m-1782986100,xrp-updown-15m-1782985500
2026-07-02T09:57:03+00:00,BTC,5min15m,YESout+NOin,1.59,-59.0,0.268,78.72,176,0.96,0.63,60989.685,60826.645,btc-updown-5m-1782986100,btc-updown-15m-1782985500
2026-07-02T09:57:03+00:00,ETH,5min15m,NOout+YESin,1.33,-33.0,-0.4795,51.16,176,0.71,0.62,1637.54,1645.43,eth-updown-5m-1782986100,eth-updown-15m-1782985500
2026-07-02T09:57:03+00:00,SOL,5min15m,YESout+NOin,1.33,-33.0,0.4163,1.52,176,0.61,0.72,79.6,79.27,sol-updown-5m-1782986100,sol-updown-15m-1782985500
2026-07-02T09:57:04+00:00,XRP,5min15m,YESout+NOin,0.73,27.0,0.0,16.06,175,0.03,0.7,1.0767,1.0767,xrp-updown-5m-1782986100,xrp-updown-15m-1782985500
2026-07-02T09:58:03+00:00,BTC,5min15m,YESout+NOin,1.709,-70.9,0.268,277.28,116,0.999,0.71,60989.685,60826.645,btc-updown-5m-1782986100,btc-updown-15m-1782985500
2026-07-02T09:58:03+00:00,ETH,5min15m,NOout+YESin,1.09,-9.0,-0.4795,1.1,116,0.1,0.99,1637.54,1645.43,eth-updown-5m-1782986100,eth-updown-15m-1782985500
2026-07-02T09:58:04+00:00,SOL,5min15m,YESout+NOin,1.26,-26.0,0.4163,6.0,115,0.96,0.3,79.6,79.27,sol-updown-5m-1782986100,sol-updown-15m-1782985500
2026-07-02T09:58:04+00:00,XRP,5min15m,YESout+NOin,0.69,31.0,0.0,2.62,115,0.04,0.65,1.0767,1.0767,xrp-updown-5m-1782986100,xrp-updown-15m-1782985500
2026-07-02T09:59:03+00:00,BTC,5min15m,YESout+NOin,1.947,-94.7,0.268,884.34,56,0.997,0.95,60989.685,60826.645,btc-updown-5m-1782986100,btc-updown-15m-1782985500
2026-07-02T09:59:04+00:00,ETH,5min15m,NOout+YESin,1.15,-15.0,-0.4795,5.35,55,0.16,0.99,1637.54,1645.43,eth-updown-5m-1782986100,eth-updown-15m-1782985500
2026-07-02T09:59:04+00:00,SOL,5min15m,YESout+NOin,1.62,-62.0,0.4163,3.6,55,0.72,0.9,79.6,79.27,sol-updown-5m-1782986100,sol-updown-15m-1782985500
2026-07-02T10:10:01+00:00,BTC,5min15m,NOout+YESin,1.4,-40.0,-0.2653,58.73,298,0.9,0.5,61024.055,61186.405,btc-updown-5m-1782987000,btc-updown-15m-1782986400
2026-07-02T10:10:01+00:00,ETH,5min15m,YESout+NOin,1.01,-1.0,0.2555,4.92,298,0.48,0.53,1642.045,1637.86,eth-updown-5m-1782987000,eth-updown-15m-1782986400
2026-07-02T10:10:02+00:00,SOL,5min15m,YESout+NOin,1.21,-21.0,0.1132,20.59,297,0.71,0.5,79.61,79.52,sol-updown-5m-1782987000,sol-updown-15m-1782986400
2026-07-02T10:10:02+00:00,XRP,5min15m,YESout+NOin,1.15,-15.0,0.1118,8.82,297,0.66,0.49,1.0741,1.0729,xrp-updown-5m-1782987000,xrp-updown-15m-1782986400
2026-07-02T10:11:01+00:00,BTC,5min15m,NOout+YESin,1.49,-49.0,-0.2653,22.84,238,0.63,0.86,61024.055,61186.405,btc-updown-5m-1782987000,btc-updown-15m-1782986400
2026-07-02T10:11:01+00:00,ETH,5min15m,YESout+NOin,0.97,3.0,0.2555,2.81,238,0.68,0.29,1642.045,1637.86,eth-updown-5m-1782987000,eth-updown-15m-1782986400
2026-07-02T10:11:02+00:00,SOL,5min15m,YESout+NOin,1.16,-16.0,0.1383,3.78,237,0.95,0.21,79.63,79.52,sol-updown-5m-1782987000,sol-updown-15m-1782986400
2026-07-02T10:11:02+00:00,XRP,5min15m,YESout+NOin,1.12,-12.0,0.1584,4.25,237,0.85,0.27,1.0746,1.0729,xrp-updown-5m-1782987000,xrp-updown-15m-1782986400
2026-07-02T10:12:02+00:00,BTC,5min15m,NOout+YESin,1.65,-65.0,-0.2653,79.65,177,0.78,0.87,61024.055,61186.405,btc-updown-5m-1782987000,btc-updown-15m-1782986400
2026-07-02T10:12:02+00:00,ETH,5min15m,YESout+NOin,1.01,-1.0,0.2555,1.19,177,0.94,0.07,1642.045,1637.86,eth-updown-5m-1782987000,eth-updown-15m-1782986400
2026-07-02T10:12:02+00:00,SOL,5min15m,YESout+NOin,1.15,-15.0,0.1383,5.36,177,0.96,0.19,79.63,79.52,sol-updown-5m-1782987000,sol-updown-15m-1782986400
2026-07-02T10:12:03+00:00,XRP,5min15m,YESout+NOin,1.1,-10.0,0.1584,0.79,176,0.9,0.2,1.0746,1.0729,xrp-updown-5m-1782987000,xrp-updown-15m-1782986400
2026-07-02T10:13:01+00:00,BTC,5min15m,NOout+YESin,1.7,-70.0,-0.2653,84.91,118,0.75,0.95,61024.055,61186.405,btc-updown-5m-1782987000,btc-updown-15m-1782986400
2026-07-02T10:13:02+00:00,ETH,5min15m,YESout+NOin,1.0,0.0,0.2555,4.96,117,0.96,0.04,1642.045,1637.86,eth-updown-5m-1782987000,eth-updown-15m-1782986400
2026-07-02T10:13:02+00:00,SOL,5min15m,YESout+NOin,1.11,-11.0,0.1383,15.09,117,0.97,0.14,79.63,79.52,sol-updown-5m-1782987000,sol-updown-15m-1782986400
2026-07-02T10:13:03+00:00,XRP,5min15m,YESout+NOin,1.06,-6.0,0.1584,4.65,116,0.96,0.1,1.0746,1.0729,xrp-updown-5m-1782987000,xrp-updown-15m-1782986400
2026-07-02T10:14:02+00:00,XRP,5min15m,YESout+NOin,1.18,-18.0,0.1584,2.7,57,0.91,0.27,1.0746,1.0729,xrp-updown-5m-1782987000,xrp-updown-15m-1782986400
2026-07-02T10:25:02+00:00,BTC,5min15m,NOout+YESin,1.08,-8.0,-0.1513,32.51,297,0.58,0.5,61046.495,61139.0,btc-updown-5m-1782987900,btc-updown-15m-1782987300
2026-07-02T10:25:02+00:00,ETH,5min15m,NOout+YESin,1.22,-22.0,-0.1356,31.82,297,0.74,0.48,1642.14,1644.37,eth-updown-5m-1782987900,eth-updown-15m-1782987300
2026-07-02T10:25:02+00:00,SOL,5min15m,YESout+NOin,1.5,-50.0,0.7794,43.43,297,0.99,0.51,80.17,79.55,sol-updown-5m-1782987900,sol-updown-15m-1782987300
2026-07-02T10:25:03+00:00,XRP,5min15m,YESout+NOin,1.11,-11.0,0.1771,3.2,296,0.64,0.47,1.0749,1.073,xrp-updown-5m-1782987900,xrp-updown-15m-1782987300
2026-07-02T10:26:01+00:00,BTC,5min15m,NOout+YESin,1.12,-12.0,-0.1513,18.94,238,0.57,0.55,61046.495,61139.0,btc-updown-5m-1782987900,btc-updown-15m-1782987300
2026-07-02T10:26:02+00:00,ETH,5min15m,NOout+YESin,1.38,-38.0,-0.1356,3.9,237,0.78,0.6,1642.14,1644.37,eth-updown-5m-1782987900,eth-updown-15m-1782987300
2026-07-02T10:26:03+00:00,XRP,5min15m,YESout+NOin,1.12,-12.0,0.205,1.7,236,0.78,0.34,1.0752,1.073,xrp-updown-5m-1782987900,xrp-updown-15m-1782987300
2026-07-02T10:27:01+00:00,BTC,5min15m,NOout+YESin,1.11,-11.0,-0.1513,152.05,178,0.76,0.35,61046.495,61139.0,btc-updown-5m-1782987900,btc-updown-15m-1782987300
2026-07-02T10:27:02+00:00,ETH,5min15m,NOout+YESin,1.34,-34.0,-0.1356,29.15,177,0.91,0.43,1642.14,1644.37,eth-updown-5m-1782987900,eth-updown-15m-1782987300
2026-07-02T10:27:02+00:00,XRP,5min15m,YESout+NOin,1.13,-13.0,0.205,5.86,177,0.86,0.27,1.0752,1.073,xrp-updown-5m-1782987900,xrp-updown-15m-1782987300
2026-07-02T10:28:01+00:00,BTC,5min15m,NOout+YESin,1.09,-9.0,-0.1513,44.68,118,0.89,0.2,61046.495,61139.0,btc-updown-5m-1782987900,btc-updown-15m-1782987300
2026-07-02T10:28:01+00:00,ETH,5min15m,NOout+YESin,1.15,-15.0,-0.1356,24.67,118,0.99,0.16,1642.14,1644.37,eth-updown-5m-1782987900,eth-updown-15m-1782987300
2026-07-02T10:28:02+00:00,SOL,5min15m,YESout+NOin,1.409,-40.9,0.8799,3.69,117,0.999,0.41,80.25,79.55,sol-updown-5m-1782987900,sol-updown-15m-1782987300
2026-07-02T10:28:02+00:00,XRP,5min15m,YESout+NOin,1.09,-9.0,0.205,3.01,117,0.91,0.18,1.0752,1.073,xrp-updown-5m-1782987900,xrp-updown-15m-1782987300
2026-07-02T10:29:02+00:00,BTC,5min15m,NOout+YESin,1.15,-15.0,-0.1513,24.16,57,0.92,0.23,61046.495,61139.0,btc-updown-5m-1782987900,btc-updown-15m-1782987300
2026-07-02T10:29:02+00:00,SOL,5min15m,YESout+NOin,1.459,-45.9,0.8799,43.49,57,0.999,0.46,80.25,79.55,sol-updown-5m-1782987900,sol-updown-15m-1782987300
2026-07-02T10:40:01+00:00,BTC,5min15m,YESout+NOin,1.39,-39.0,0.1448,101.99,298,0.83,0.56,61176.915,61088.445,btc-updown-5m-1782988800,btc-updown-15m-1782988200
2026-07-02T10:40:02+00:00,ETH,5min15m,YESout+NOin,1.33,-33.0,0.0923,11.85,297,0.79,0.54,1643.675,1642.16,eth-updown-5m-1782988800,eth-updown-15m-1782988200
2026-07-02T10:40:02+00:00,SOL,5min15m,YESout+NOin,1.58,-58.0,0.6727,37.17,297,0.99,0.59,80.81,80.27,sol-updown-5m-1782988800,sol-updown-15m-1782988200
2026-07-02T10:40:02+00:00,XRP,5min15m,YESout+NOin,1.52,-52.0,0.3344,2.65,297,0.99,0.53,1.08,1.0764,xrp-updown-5m-1782988800,xrp-updown-15m-1782988200
2026-07-02T10:41:01+00:00,BTC,5min15m,YESout+NOin,1.47,-47.0,0.1448,41.76,238,0.87,0.6,61176.915,61088.445,btc-updown-5m-1782988800,btc-updown-15m-1782988200
2026-07-02T10:41:01+00:00,ETH,5min15m,YESout+NOin,1.39,-39.0,0.0923,11.64,238,0.87,0.52,1643.675,1642.16,eth-updown-5m-1782988800,eth-updown-15m-1782988200
2026-07-02T10:42:01+00:00,BTC,5min15m,YESout+NOin,1.35,-35.0,0.1448,211.96,178,0.98,0.37,61176.915,61088.445,btc-updown-5m-1782988800,btc-updown-15m-1782988200
2026-07-02T10:42:01+00:00,ETH,5min15m,YESout+NOin,1.16,-16.0,0.0923,2.56,178,0.98,0.18,1643.675,1642.16,eth-updown-5m-1782988800,eth-updown-15m-1782988200
2026-07-02T10:42:02+00:00,SOL,5min15m,YESout+NOin,1.119,-11.9,0.5855,15.61,177,0.999,0.12,80.74,80.27,sol-updown-5m-1782988800,sol-updown-15m-1782988200
2026-07-02T10:42:02+00:00,XRP,5min15m,YESout+NOin,1.128,-12.8,0.3252,0.73,177,0.998,0.13,1.0799,1.0764,xrp-updown-5m-1782988800,xrp-updown-15m-1782988200
2026-07-02T10:43:02+00:00,BTC,5min15m,YESout+NOin,1.28,-28.0,0.1448,2.9,117,0.99,0.29,61176.915,61088.445,btc-updown-5m-1782988800,btc-updown-15m-1782988200
2026-07-02T10:43:02+00:00,ETH,5min15m,YESout+NOin,1.32,-32.0,0.0923,2.86,117,0.98,0.34,1643.675,1642.16,eth-updown-5m-1782988800,eth-updown-15m-1782988200
2026-07-02T10:43:03+00:00,XRP,5min15m,YESout+NOin,1.118,-11.8,0.3252,0.77,116,0.998,0.12,1.0799,1.0764,xrp-updown-5m-1782988800,xrp-updown-15m-1782988200
2026-07-02T10:44:01+00:00,BTC,5min15m,YESout+NOin,1.78,-78.0,0.1448,106.22,58,0.97,0.81,61176.915,61088.445,btc-updown-5m-1782988800,btc-updown-15m-1782988200
2026-07-02T10:44:02+00:00,ETH,5min15m,YESout+NOin,1.76,-76.0,0.0923,28.04,57,0.96,0.8,1643.675,1642.16,eth-updown-5m-1782988800,eth-updown-15m-1782988200
2026-07-02T10:45:01+00:00,BTC,15min60m,NOout+YESin,0.91,9.0,-0.0334,28.64,898,0.42,0.49,61165.995,61186.405,btc-updown-15m-1782989100,bitcoin-up-or-down-july-2-2026-6am-et
2026-07-02T10:45:01+00:00,ETH,15min60m,YESout+NOin,1.21,-21.0,0.3312,4.9,898,0.7,0.51,1643.285,1637.86,eth-updown-15m-1782989100,ethereum-up-or-down-july-2-2026-6am-et
2026-07-02T10:45:02+00:00,XRP,15min60m,YESout+NOin,1.5,-50.0,0.6245,17.85,897,0.99,0.51,1.0796,1.0729,xrp-updown-15m-1782989100,xrp-up-or-down-july-2-2026-6am-et
