timestamp_utc,strategy,market_id,question,end_date,horas_a_vencimiento,precio_yes_mercado,prob_yes_modelo,edge_bruto,edge_neto,edge_direccional,decision,razon,subtype,apuesta,features
2026-07-12T00:00:09+00:00,PRICE_TARGET_GBM,2758353,"Will Ethereum reach $2,500 in July?",2026-08-01T04:00:00,484.00,0.0180,0.0500,0.0320,0.0270,0.0270,SKIP,price_target_gbm ETH reach K=2500 spot=1788.3 (-28.5%vsK) sigma_h=0.0075 T=484.0h p_yes=0.041,ETH#reach,0.50,"{""pct_vs_K"":-28.4688,""sigma_h"":0.007457,""T_h"":483.9974,""log_ratio"":-0.335036,""moon_phase"":0.9054,""mercury_retrogrado"":1,""horas_hasta_fomc"":426.0,""smart_money_consensus"":-0.3534,""smart_money_n_wallets"":14}"
2026-07-12T00:00:09+00:00,PRICE_TARGET_GBM,2758354,"Will Ethereum reach $2,400 in July?",2026-08-01T04:00:00,484.00,0.0285,0.0729,0.0444,0.0394,0.0394,SKIP,price_target_gbm ETH reach K=2400 spot=1788.3 (-25.5%vsK) sigma_h=0.0075 T=484.0h p_yes=0.073,ETH#reach,0.50,"{""pct_vs_K"":-25.4883,""sigma_h"":0.007457,""T_h"":483.9974,""log_ratio"":-0.294214,""moon_phase"":0.9054,""mercury_retrogrado"":1,""horas_hasta_fomc"":426.0,""smart_money_consensus"":-0.3534,""smart_money_n_wallets"":14}"
2026-07-12T00:00:09+00:00,PRICE_TARGET_GBM,2758355,"Will Ethereum reach $2,300 in July?",2026-08-01T04:00:00,484.00,0.0390,0.1250,0.0860,0.0810,0.0810,SKIP,price_target_gbm ETH reach K=2300 spot=1788.3 (-22.2%vsK) sigma_h=0.0075 T=484.0h p_yes=0.125,ETH#reach,0.50,"{""pct_vs_K"":-22.2487,""sigma_h"":0.007457,""T_h"":483.9974,""log_ratio"":-0.251655,""moon_phase"":0.9054,""mercury_retrogrado"":1,""horas_hasta_fomc"":426.0,""smart_money_consensus"":-0.3534,""smart_money_n_wallets"":14}"
2026-07-12T00:00:09+00:00,PRICE_TARGET_GBM,2758356,"Will Ethereum reach $2,200 in July?",2026-08-01T04:00:00,484.00,0.0525,0.2066,0.1541,0.1491,0.1491,SKIP,price_target_gbm ETH reach K=2200 spot=1788.3 (-18.7%vsK) sigma_h=0.0075 T=484.0h p_yes=0.207,ETH#reach,0.50,"{""pct_vs_K"":-18.7145,""sigma_h"":0.007457,""T_h"":483.9974,""log_ratio"":-0.207203,""moon_phase"":0.9054,""mercury_retrogrado"":1,""horas_hasta_fomc"":426.0,""smart_money_consensus"":-0.3534,""smart_money_n_wallets"":14}"
2026-07-12T00:00:09+00:00,PRICE_TARGET_GBM,2758357,"Will Ethereum reach $2,100 in July?",2026-08-01T04:00:00,484.00,0.1250,0.3274,0.2024,0.1974,0.1974,BUY_YES,price_target_gbm ETH reach K=2100 spot=1788.3 (-14.8%vsK) sigma_h=0.0075 T=484.0h p_yes=0.327,ETH#reach,0.50,"{""pct_vs_K"":-14.8438,""sigma_h"":0.007457,""T_h"":483.9974,""log_ratio"":-0.160683,""moon_phase"":0.9054,""mercury_retrogrado"":1,""horas_hasta_fomc"":426.0,""smart_money_consensus"":-0.3534,""smart_money_n_wallets"":14}"
2026-07-12T00:00:09+00:00,PRICE_TARGET_GBM,2758358,"Will Ethereum reach $2,000 in July?",2026-08-01T04:00:00,484.00,0.2650,0.4952,0.2302,0.2252,0.2252,BUY_YES,price_target_gbm ETH reach K=2000 spot=1788.3 (-10.6%vsK) sigma_h=0.0075 T=484.0h p_yes=0.495,ETH#reach,0.50,"{""pct_vs_K"":-10.586,""sigma_h"":0.007457,""T_h"":483.9974,""log_ratio"":-0.111893,""moon_phase"":0.9054,""mercury_retrogrado"":1,""horas_hasta_fomc"":426.0,""smart_money_consensus"":-0.3534,""smart_money_n_wallets"":14}"
2026-07-12T00:00:09+00:00,PRICE_TARGET_GBM,2758359,"Will Ethereum reach $1,900 in July?",2026-08-01T04:00:00,484.00,0.5550,0.7118,0.1568,0.1518,0.1518,BUY_YES,price_target_gbm ETH reach K=1900 spot=1788.3 (-5.9%vsK) sigma_h=0.0075 T=484.0h p_yes=0.712,ETH#reach,0.50,"{""pct_vs_K"":-5.88,""sigma_h"":0.007457,""T_h"":483.9974,""log_ratio"":-0.0606,""moon_phase"":0.9054,""mercury_retrogrado"":1,""horas_hasta_fomc"":426.0,""smart_money_consensus"":-0.3534,""smart_money_n_wallets"":14}"
2026-07-12T00:00:09+00:00,PRICE_TARGET_GBM,2758376,Will Solana reach $120 in July?,2026-08-01T04:00:00,484.00,0.0135,0.0792,0.0657,0.0607,0.0607,SKIP,price_target_gbm SOL reach K=120 spot=76.73 (-36.1%vsK) sigma_h=0.0116 T=484.0h p_yes=0.079,SOL#reach,0.50,"{""pct_vs_K"":-36.0583,""sigma_h"":0.011578,""T_h"":483.9974,""log_ratio"":-0.447199,""moon_phase"":0.9054,""mercury_retrogrado"":1,""horas_hasta_fomc"":426.0,""smart_money_consensus"":0.0398,""smart_money_n_wallets"":13}"
2026-07-12T00:00:09+00:00,PRICE_TARGET_GBM,2758377,Will Solana reach $110 in July?,2026-08-01T04:00:00,484.00,0.0255,0.1574,0.1319,0.1269,0.1269,SKIP,price_target_gbm SOL reach K=110 spot=76.73 (-30.2%vsK) sigma_h=0.0116 T=484.0h p_yes=0.157,SOL#reach,0.50,"{""pct_vs_K"":-30.2455,""sigma_h"":0.011578,""T_h"":483.9974,""log_ratio"":-0.360188,""moon_phase"":0.9054,""mercury_retrogrado"":1,""horas_hasta_fomc"":426.0,""smart_money_consensus"":0.0398,""smart_money_n_wallets"":13}"
2026-07-12T00:00:09+00:00,PRICE_TARGET_GBM,2758378,Will Solana reach $100 in July?,2026-08-01T04:00:00,484.00,0.0650,0.2984,0.2334,0.2284,0.2284,SKIP,price_target_gbm SOL reach K=100 spot=76.73 (-23.3%vsK) sigma_h=0.0116 T=484.0h p_yes=0.298,SOL#reach,0.50,"{""pct_vs_K"":-23.27,""sigma_h"":0.011578,""T_h"":483.9974,""log_ratio"":-0.264877,""moon_phase"":0.9054,""mercury_retrogrado"":1,""horas_hasta_fomc"":426.0,""smart_money_consensus"":0.0398,""smart_money_n_wallets"":13}"
2026-07-12T00:00:09+00:00,PRICE_TARGET_GBM,2758379,Will Solana reach $90 in July?,2026-08-01T04:00:00,484.00,0.2400,0.5312,0.2912,0.2862,0.2862,BUY_YES,price_target_gbm SOL reach K=90 spot=76.73 (-14.7%vsK) sigma_h=0.0116 T=484.0h p_yes=0.531,SOL#reach,0.50,"{""pct_vs_K"":-14.7444,""sigma_h"":0.011578,""T_h"":483.9974,""log_ratio"":-0.159517,""moon_phase"":0.9054,""mercury_retrogrado"":1,""horas_hasta_fomc"":426.0,""smart_money_consensus"":0.0398,""smart_money_n_wallets"":13}"
2026-07-12T00:00:09+00:00,WEEKLY_PRICE,2807486,"Will the price of Bitcoin be between $60,000 and $62,000 on July 12?",2026-07-12T16:00:00,16.00,0.0150,0.1000,0.0850,0.0800,0.0800,SKIP,"weekly_between BTC spot=63785 [60000,62000] in=False",BTC,0.50,"{""spot"":63785.01,""in_range"":0,""pct_dist"":2.7985,""T_h"":15.9974,""moon_phase"":0.9054,""mercury_retrogrado"":1,""horas_hasta_fomc"":426.0,""smart_money_consensus"":-0.1163,""smart_money_n_wallets"":1}"
2026-07-12T00:00:09+00:00,WEEKLY_PRICE,2807488,"Will the price of Bitcoin be between $62,000 and $64,000 on July 12?",2026-07-12T16:00:00,16.00,0.5850,0.7350,0.1500,0.1450,0.1450,BUY_YES,"weekly_between BTC spot=63785 [62000,64000] in=True",BTC,0.50,"{""spot"":63785.01,""in_range"":1,""pct_dist"":0.0,""T_h"":15.9974,""moon_phase"":0.9054,""mercury_retrogrado"":1,""horas_hasta_fomc"":426.0,""smart_money_consensus"":-0.1163,""smart_money_n_wallets"":1}"
2026-07-12T00:00:09+00:00,PRICE_TARGET_GBM,2807489,"Will the price of Ethereum be above $1,700 on July 12?",2026-07-12T16:00:00,16.00,0.9880,0.8658,-0.1222,-0.1172,-0.1172,SKIP,price_target_gbm ETH atexpiry K=1700 spot=1788.3 (+5.2%vsK) sigma_h=0.0114 T=16.0h p_yes=0.866,ETH#atexpiry,0.50,"{""pct_vs_K"":5.1929,""sigma_h"":0.011438,""T_h"":15.9974,""log_ratio"":0.050626,""moon_phase"":0.9054,""mercury_retrogrado"":1,""horas_hasta_fomc"":426.0,""smart_money_consensus"":-0.3534,""smart_money_n_wallets"":14}"
2026-07-12T00:00:09+00:00,WEEKLY_PRICE,2807490,"Will the price of Bitcoin be between $64,000 and $66,000 on July 12?",2026-07-12T16:00:00,16.00,0.3850,0.2850,-0.1000,-0.0950,0.0950,BUY_NO,"weekly_between BTC spot=63785 [64000,66000] in=False",BTC,1.74,"{""spot"":63785.01,""in_range"":0,""pct_dist"":0.337,""T_h"":15.9974,""moon_phase"":0.9054,""mercury_retrogrado"":1,""horas_hasta_fomc"":426.0,""smart_money_consensus"":-0.1163,""smart_money_n_wallets"":1}"
2026-07-12T00:00:09+00:00,PRICE_TARGET_GBM,2807491,"Will the price of Ethereum be above $1,800 on July 12?",2026-07-12T16:00:00,16.00,0.3650,0.4432,0.0782,0.0732,0.0732,SKIP,price_target_gbm ETH atexpiry K=1800 spot=1788.3 (-0.7%vsK) sigma_h=0.0114 T=16.0h p_yes=0.443,ETH#atexpiry,0.50,"{""pct_vs_K"":-0.6511,""sigma_h"":0.011438,""T_h"":15.9974,""log_ratio"":-0.006532,""moon_phase"":0.9054,""mercury_retrogrado"":1,""horas_hasta_fomc"":426.0,""smart_money_consensus"":-0.3534,""smart_money_n_wallets"":14}"
2026-07-12T00:00:09+00:00,PRICE_TARGET_GBM,2807493,"Will the price of Ethereum be above $1,900 on July 12?",2026-07-12T16:00:00,16.00,0.0140,0.0927,0.0787,0.0737,0.0737,SKIP,price_target_gbm ETH atexpiry K=1900 spot=1788.3 (-5.9%vsK) sigma_h=0.0114 T=16.0h p_yes=0.093,ETH#atexpiry,0.50,"{""pct_vs_K"":-5.88,""sigma_h"":0.011438,""T_h"":15.9974,""log_ratio"":-0.0606,""moon_phase"":0.9054,""mercury_retrogrado"":1,""horas_hasta_fomc"":426.0,""smart_money_consensus"":-0.3534,""smart_money_n_wallets"":14}"
2026-07-12T00:00:09+00:00,WEEKLY_PRICE,2807539,"Will the price of Ethereum be between $1,700 and $1,800 on July 12?",2026-07-12T16:00:00,16.00,0.6400,0.7900,0.1500,0.1450,0.1450,BUY_YES,"weekly_between ETH spot=1788 [1700,1800] in=True",ETH,0.50,"{""spot"":1787.71,""in_range"":1,""pct_dist"":0.0,""T_h"":15.9974,""moon_phase"":0.9054,""mercury_retrogrado"":1,""horas_hasta_fomc"":426.0,""smart_money_consensus"":-0.3534,""smart_money_n_wallets"":14}"
2026-07-12T00:00:09+00:00,WEEKLY_PRICE,2807544,"Will the price of Ethereum be between $1,800 and $1,900 on July 12?",2026-07-12T16:00:00,16.00,0.3450,0.2450,-0.1000,-0.0950,0.0950,BUY_NO,"weekly_between ETH spot=1788 [1800,1900] in=False",ETH,1.91,"{""spot"":1787.71,""in_range"":0,""pct_dist"":0.6872,""T_h"":15.9974,""moon_phase"":0.9054,""mercury_retrogrado"":1,""horas_hasta_fomc"":426.0,""smart_money_consensus"":-0.3534,""smart_money_n_wallets"":14}"
2026-07-12T00:00:09+00:00,WEEKLY_PRICE,2807647,Will the price of Solana be between $70 and $80 on July 12?,2026-07-12T16:00:00,16.00,0.9820,0.8800,-0.1020,-0.0970,-0.0970,SKIP,"weekly_between SOL spot=77 [70,80] in=True",SOL,0.90,"{""spot"":76.73,""in_range"":1,""pct_dist"":0.0,""T_h"":15.9974,""moon_phase"":0.9054,""mercury_retrogrado"":1,""horas_hasta_fomc"":426.0,""smart_money_consensus"":0.0398,""smart_money_n_wallets"":13}"
2026-07-12T00:00:09+00:00,PRICE_TARGET_GBM,2807651,Will the price of Solana be above $80 on July 12?,2026-07-12T16:00:00,16.00,0.0145,0.2055,0.1910,0.1860,0.1860,SKIP,price_target_gbm SOL atexpiry K=80 spot=76.73 (-4.1%vsK) sigma_h=0.0127 T=16.0h p_yes=0.205,SOL#atexpiry,0.50,"{""pct_vs_K"":-4.0875,""sigma_h"":0.012689,""T_h"":15.9974,""log_ratio"":-0.041734,""moon_phase"":0.9054,""mercury_retrogrado"":1,""horas_hasta_fomc"":426.0,""smart_money_consensus"":0.0398,""smart_money_n_wallets"":13}"
2026-07-12T00:00:09+00:00,WEEKLY_PRICE,2807652,Will the price of Solana be between $80 and $90 on July 12?,2026-07-12T16:00:00,16.00,0.0150,0.1000,0.0850,0.0800,0.0800,SKIP,"weekly_between SOL spot=77 [80,90] in=False",SOL,0.90,"{""spot"":76.73,""in_range"":0,""pct_dist"":4.2617,""T_h"":15.9974,""moon_phase"":0.9054,""mercury_retrogrado"":1,""horas_hasta_fomc"":426.0,""smart_money_consensus"":0.0398,""smart_money_n_wallets"":13}"
2026-07-12T00:00:09+00:00,PRICE_TARGET_GBM,2812370,"Will Ethereum reach $1,900 July 6-12?",2026-07-13T04:00:00,28.00,0.0400,0.2355,0.1955,0.1905,0.1905,SKIP,price_target_gbm ETH reach K=1900 spot=1788.3 (-5.9%vsK) sigma_h=0.0097 T=28.0h p_yes=0.235,ETH#reach,0.50,"{""pct_vs_K"":-5.88,""sigma_h"":0.009654,""T_h"":27.9974,""log_ratio"":-0.0606,""moon_phase"":0.9054,""mercury_retrogrado"":1,""horas_hasta_fomc"":426.0,""smart_money_consensus"":-0.3534,""smart_money_n_wallets"":14}"
2026-07-12T00:00:09+00:00,PRICE_TARGET_GBM,2818009,"Will the price of Ethereum be above $1,700 on July 13?",2026-07-13T16:00:00,40.00,0.9560,0.8308,-0.1252,-0.1202,-0.1202,SKIP,price_target_gbm ETH atexpiry K=1700 spot=1788.3 (+5.2%vsK) sigma_h=0.0084 T=40.0h p_yes=0.831,ETH#atexpiry,0.50,"{""pct_vs_K"":5.1929,""sigma_h"":0.008363,""T_h"":39.9974,""log_ratio"":0.050626,""moon_phase"":0.9054,""mercury_retrogrado"":1,""horas_hasta_fomc"":426.0,""smart_money_consensus"":-0.3534,""smart_money_n_wallets"":14}"
2026-07-12T00:00:09+00:00,WEEKLY_PRICE,2818010,"Will the price of Bitcoin be between $60,000 and $62,000 on July 13?",2026-07-13T16:00:00,40.00,0.0730,0.1000,0.0270,0.0220,0.0220,SKIP,"weekly_between BTC spot=63785 [60000,62000] in=False",BTC,0.50,"{""spot"":63785.01,""in_range"":0,""pct_dist"":2.7985,""T_h"":39.9974,""moon_phase"":0.9054,""mercury_retrogrado"":1,""horas_hasta_fomc"":426.0,""smart_money_consensus"":-0.1163,""smart_money_n_wallets"":1}"
2026-07-12T00:00:09+00:00,PRICE_TARGET_GBM,2818012,"Will the price of Ethereum be above $1,800 on July 13?",2026-07-13T16:00:00,40.00,0.4200,0.4509,0.0309,0.0259,0.0259,SKIP,price_target_gbm ETH atexpiry K=1800 spot=1788.3 (-0.7%vsK) sigma_h=0.0084 T=40.0h p_yes=0.451,ETH#atexpiry,0.50,"{""pct_vs_K"":-0.6511,""sigma_h"":0.008363,""T_h"":39.9974,""log_ratio"":-0.006532,""moon_phase"":0.9054,""mercury_retrogrado"":1,""horas_hasta_fomc"":426.0,""smart_money_consensus"":-0.3534,""smart_money_n_wallets"":14}"
2026-07-12T00:00:09+00:00,WEEKLY_PRICE,2818013,"Will the price of Bitcoin be between $62,000 and $64,000 on July 13?",2026-07-13T16:00:00,40.00,0.4550,0.6050,0.1500,0.1450,0.1450,BUY_YES,"weekly_between BTC spot=63785 [62000,64000] in=True",BTC,0.50,"{""spot"":63785.01,""in_range"":1,""pct_dist"":0.0,""T_h"":39.9974,""moon_phase"":0.9054,""mercury_retrogrado"":1,""horas_hasta_fomc"":426.0,""smart_money_consensus"":-0.1163,""smart_money_n_wallets"":1}"
2026-07-12T00:00:09+00:00,PRICE_TARGET_GBM,2818014,"Will the price of Ethereum be above $1,900 on July 13?",2026-07-13T16:00:00,40.00,0.0310,0.1259,0.0949,0.0899,0.0899,SKIP,price_target_gbm ETH atexpiry K=1900 spot=1788.3 (-5.9%vsK) sigma_h=0.0084 T=40.0h p_yes=0.126,ETH#atexpiry,0.50,"{""pct_vs_K"":-5.88,""sigma_h"":0.008363,""T_h"":39.9974,""log_ratio"":-0.0606,""moon_phase"":0.9054,""mercury_retrogrado"":1,""horas_hasta_fomc"":426.0,""smart_money_consensus"":-0.3534,""smart_money_n_wallets"":14}"
2026-07-12T00:00:09+00:00,WEEKLY_PRICE,2818015,"Will the price of Bitcoin be between $64,000 and $66,000 on July 13?",2026-07-13T16:00:00,40.00,0.3850,0.2850,-0.1000,-0.0950,0.0950,BUY_NO,"weekly_between BTC spot=63785 [64000,66000] in=False",BTC,1.74,"{""spot"":63785.01,""in_range"":0,""pct_dist"":0.337,""T_h"":39.9974,""moon_phase"":0.9054,""mercury_retrogrado"":1,""horas_hasta_fomc"":426.0,""smart_money_consensus"":-0.1163,""smart_money_n_wallets"":1}"
2026-07-12T00:00:09+00:00,WEEKLY_PRICE,2818018,"Will the price of Bitcoin be between $66,000 and $68,000 on July 13?",2026-07-13T16:00:00,40.00,0.0605,0.1000,0.0395,0.0345,0.0345,SKIP,"weekly_between BTC spot=63785 [66000,68000] in=False",BTC,0.50,"{""spot"":63785.01,""in_range"":0,""pct_dist"":3.4726,""T_h"":39.9974,""moon_phase"":0.9054,""mercury_retrogrado"":1,""horas_hasta_fomc"":426.0,""smart_money_consensus"":-0.1163,""smart_money_n_wallets"":1}"
2026-07-12T00:00:09+00:00,WEEKLY_PRICE,2818084,"Will the price of Ethereum be between $1,600 and $1,700 on July 13?",2026-07-13T16:00:00,40.00,0.0445,0.1000,0.0555,0.0505,0.0505,SKIP,"weekly_between ETH spot=1788 [1600,1700] in=False",ETH,0.83,"{""spot"":1787.71,""in_range"":0,""pct_dist"":4.9065,""T_h"":39.9974,""moon_phase"":0.9054,""mercury_retrogrado"":1,""horas_hasta_fomc"":426.0,""smart_money_consensus"":-0.3534,""smart_money_n_wallets"":14}"
2026-07-12T00:00:09+00:00,WEEKLY_PRICE,2818088,"Will the price of Ethereum be between $1,700 and $1,800 on July 13?",2026-07-13T16:00:00,40.00,0.5450,0.6950,0.1500,0.1450,0.1450,BUY_YES,"weekly_between ETH spot=1788 [1700,1800] in=True",ETH,0.50,"{""spot"":1787.71,""in_range"":1,""pct_dist"":0.0,""T_h"":39.9974,""moon_phase"":0.9054,""mercury_retrogrado"":1,""horas_hasta_fomc"":426.0,""smart_money_consensus"":-0.3534,""smart_money_n_wallets"":14}"
2026-07-12T00:00:09+00:00,WEEKLY_PRICE,2818093,"Will the price of Ethereum be between $1,800 and $1,900 on July 13?",2026-07-13T16:00:00,40.00,0.3950,0.2950,-0.1000,-0.0950,0.0950,BUY_NO,"weekly_between ETH spot=1788 [1800,1900] in=False",ETH,1.91,"{""spot"":1787.71,""in_range"":0,""pct_dist"":0.6872,""T_h"":39.9974,""moon_phase"":0.9054,""mercury_retrogrado"":1,""horas_hasta_fomc"":426.0,""smart_money_consensus"":-0.3534,""smart_money_n_wallets"":14}"
2026-07-12T00:00:09+00:00,WEEKLY_PRICE,2818098,"Will the price of Ethereum be between $1,900 and $2,000 on July 13?",2026-07-13T16:00:00,40.00,0.0250,0.1000,0.0750,0.0700,0.0700,SKIP,"weekly_between ETH spot=1788 [1900,2000] in=False",ETH,0.83,"{""spot"":1787.71,""in_range"":0,""pct_dist"":6.2809,""T_h"":39.9974,""moon_phase"":0.9054,""mercury_retrogrado"":1,""horas_hasta_fomc"":426.0,""smart_money_consensus"":-0.3534,""smart_money_n_wallets"":14}"
2026-07-12T00:00:09+00:00,WEEKLY_PRICE,2818160,Will the price of Solana be between $60 and $70 on July 13?,2026-07-13T16:00:00,40.00,0.4435,0.3435,-0.1000,-0.0950,0.0950,BUY_NO,"weekly_between SOL spot=77 [60,70] in=False",SOL,2.00,"{""spot"":76.73,""in_range"":0,""pct_dist"":8.771,""T_h"":39.9974,""moon_phase"":0.9054,""mercury_retrogrado"":1,""horas_hasta_fomc"":426.0,""smart_money_consensus"":0.0398,""smart_money_n_wallets"":13}"
2026-07-12T00:00:09+00:00,WEEKLY_PRICE,2818164,Will the price of Solana be between $70 and $80 on July 13?,2026-07-13T16:00:00,40.00,0.8700,0.8800,0.0100,0.0050,0.0050,SKIP,"weekly_between SOL spot=77 [70,80] in=True",SOL,0.90,"{""spot"":76.73,""in_range"":1,""pct_dist"":0.0,""T_h"":39.9974,""moon_phase"":0.9054,""mercury_retrogrado"":1,""horas_hasta_fomc"":426.0,""smart_money_consensus"":0.0398,""smart_money_n_wallets"":13}"
2026-07-12T00:00:09+00:00,PRICE_TARGET_GBM,2818165,Will the price of Solana be above $70 on July 13?,2026-07-13T16:00:00,40.00,0.9785,0.9074,-0.0711,-0.0661,-0.0661,SKIP,price_target_gbm SOL atexpiry K=70 spot=76.73 (+9.6%vsK) sigma_h=0.0110 T=40.0h p_yes=0.907,SOL#atexpiry,0.50,"{""pct_vs_K"":9.6143,""sigma_h"":0.010955,""T_h"":39.9974,""log_ratio"":0.091798,""moon_phase"":0.9054,""mercury_retrogrado"":1,""horas_hasta_fomc"":426.0,""smart_money_consensus"":0.0398,""smart_money_n_wallets"":13}"
2026-07-12T00:00:09+00:00,WEEKLY_PRICE,2818168,Will the price of Solana be between $80 and $90 on July 13?,2026-07-13T16:00:00,40.00,0.1100,0.1000,-0.0100,-0.0050,-0.0050,SKIP,"weekly_between SOL spot=77 [80,90] in=False",SOL,0.90,"{""spot"":76.73,""in_range"":0,""pct_dist"":4.2617,""T_h"":39.9974,""moon_phase"":0.9054,""mercury_retrogrado"":1,""horas_hasta_fomc"":426.0,""smart_money_consensus"":0.0398,""smart_money_n_wallets"":13}"
2026-07-12T00:00:09+00:00,PRICE_TARGET_GBM,2818169,Will the price of Solana be above $80 on July 13?,2026-07-13T16:00:00,40.00,0.1000,0.2735,0.1735,0.1685,0.1685,SKIP,price_target_gbm SOL atexpiry K=80 spot=76.73 (-4.1%vsK) sigma_h=0.0110 T=40.0h p_yes=0.273,SOL#atexpiry,0.50,"{""pct_vs_K"":-4.0875,""sigma_h"":0.010955,""T_h"":39.9974,""log_ratio"":-0.041734,""moon_phase"":0.9054,""mercury_retrogrado"":1,""horas_hasta_fomc"":426.0,""smart_money_consensus"":0.0398,""smart_money_n_wallets"":13}"
2026-07-12T00:00:09+00:00,WEEKLY_PRICE,2818174,Will the price of Solana be between $90 and $100 on July 13?,2026-07-13T16:00:00,40.00,0.0150,0.1000,0.0850,0.0800,0.0800,SKIP,"weekly_between SOL spot=77 [90,100] in=False",SOL,0.90,"{""spot"":76.73,""in_range"":0,""pct_dist"":17.2944,""T_h"":39.9974,""moon_phase"":0.9054,""mercury_retrogrado"":1,""horas_hasta_fomc"":426.0,""smart_money_consensus"":0.0398,""smart_money_n_wallets"":13}"
2026-07-12T00:00:09+00:00,PRICE_TARGET_GBM,2818176,Will the price of Solana be above $90 on July 13?,2026-07-13T16:00:00,40.00,0.0160,0.0500,0.0340,0.0290,0.0290,SKIP,price_target_gbm SOL atexpiry K=90 spot=76.73 (-14.7%vsK) sigma_h=0.0110 T=40.0h p_yes=0.011,SOL#atexpiry,0.50,"{""pct_vs_K"":-14.7444,""sigma_h"":0.010955,""T_h"":39.9974,""log_ratio"":-0.159517,""moon_phase"":0.9054,""mercury_retrogrado"":1,""horas_hasta_fomc"":426.0,""smart_money_consensus"":0.0398,""smart_money_n_wallets"":13}"
2026-07-12T00:00:09+00:00,PRICE_TARGET_GBM,2833076,"Will the price of Ethereum be above $1,600 on July 14?",2026-07-14T16:00:00,64.00,0.9810,0.9500,-0.0310,-0.0260,-0.0260,SKIP,price_target_gbm ETH atexpiry K=1600 spot=1788.3 (+11.8%vsK) sigma_h=0.0072 T=64.0h p_yes=0.973,ETH#atexpiry,0.50,"{""pct_vs_K"":11.7675,""sigma_h"":0.007211,""T_h"":63.9974,""log_ratio"":0.111251,""moon_phase"":0.9054,""mercury_retrogrado"":1,""horas_hasta_fomc"":426.0,""smart_money_consensus"":-0.3534,""smart_money_n_wallets"":14}"
2026-07-12T00:00:09+00:00,PRICE_TARGET_GBM,2833078,"Will the price of Ethereum be above $1,700 on July 14?",2026-07-14T16:00:00,64.00,0.9095,0.8099,-0.0996,-0.0946,-0.0946,SKIP,price_target_gbm ETH atexpiry K=1700 spot=1788.3 (+5.2%vsK) sigma_h=0.0072 T=64.0h p_yes=0.810,ETH#atexpiry,0.50,"{""pct_vs_K"":5.1929,""sigma_h"":0.007211,""T_h"":63.9974,""log_ratio"":0.050626,""moon_phase"":0.9054,""mercury_retrogrado"":1,""horas_hasta_fomc"":426.0,""smart_money_consensus"":-0.3534,""smart_money_n_wallets"":14}"
2026-07-12T00:00:09+00:00,WEEKLY_PRICE,2833079,"Will the price of Bitcoin be between $60,000 and $62,000 on July 14?",2026-07-14T16:00:00,64.00,0.1150,0.1000,-0.0150,-0.0100,-0.0100,SKIP,"weekly_between BTC spot=63785 [60000,62000] in=False",BTC,0.50,"{""spot"":63785.01,""in_range"":0,""pct_dist"":2.7985,""T_h"":63.9974,""moon_phase"":0.9054,""mercury_retrogrado"":1,""horas_hasta_fomc"":426.0,""smart_money_consensus"":-0.1163,""smart_money_n_wallets"":1}"
2026-07-12T00:00:09+00:00,WEEKLY_PRICE,2833082,"Will the price of Bitcoin be between $62,000 and $64,000 on July 14?",2026-07-14T16:00:00,64.00,0.3750,0.5250,0.1500,0.1450,0.1450,BUY_YES,"weekly_between BTC spot=63785 [62000,64000] in=True",BTC,0.50,"{""spot"":63785.01,""in_range"":1,""pct_dist"":0.0,""T_h"":63.9974,""moon_phase"":0.9054,""mercury_retrogrado"":1,""horas_hasta_fomc"":426.0,""smart_money_consensus"":-0.1163,""smart_money_n_wallets"":1}"
2026-07-12T00:00:09+00:00,PRICE_TARGET_GBM,2833083,"Will the price of Ethereum be above $1,800 on July 14?",2026-07-14T16:00:00,64.00,0.4250,0.4549,0.0299,0.0249,0.0249,SKIP,price_target_gbm ETH atexpiry K=1800 spot=1788.3 (-0.7%vsK) sigma_h=0.0072 T=64.0h p_yes=0.455,ETH#atexpiry,0.50,"{""pct_vs_K"":-0.6511,""sigma_h"":0.007211,""T_h"":63.9974,""log_ratio"":-0.006532,""moon_phase"":0.9054,""mercury_retrogrado"":1,""horas_hasta_fomc"":426.0,""smart_money_consensus"":-0.3534,""smart_money_n_wallets"":14}"
2026-07-12T00:00:09+00:00,WEEKLY_PRICE,2833084,"Will the price of Bitcoin be between $64,000 and $66,000 on July 14?",2026-07-14T16:00:00,64.00,0.3950,0.2950,-0.1000,-0.0950,0.0950,BUY_NO,"weekly_between BTC spot=63785 [64000,66000] in=False",BTC,1.74,"{""spot"":63785.01,""in_range"":0,""pct_dist"":0.337,""T_h"":63.9974,""moon_phase"":0.9054,""mercury_retrogrado"":1,""horas_hasta_fomc"":426.0,""smart_money_consensus"":-0.1163,""smart_money_n_wallets"":1}"
2026-07-12T00:00:09+00:00,PRICE_TARGET_GBM,2833085,"Will the price of Ethereum be above $1,900 on July 14?",2026-07-14T16:00:00,64.00,0.0655,0.1467,0.0812,0.0762,0.0762,SKIP,price_target_gbm ETH atexpiry K=1900 spot=1788.3 (-5.9%vsK) sigma_h=0.0072 T=64.0h p_yes=0.147,ETH#atexpiry,0.50,"{""pct_vs_K"":-5.88,""sigma_h"":0.007211,""T_h"":63.9974,""log_ratio"":-0.0606,""moon_phase"":0.9054,""mercury_retrogrado"":1,""horas_hasta_fomc"":426.0,""smart_money_consensus"":-0.3534,""smart_money_n_wallets"":14}"
2026-07-12T00:00:09+00:00,WEEKLY_PRICE,2833086,"Will the price of Bitcoin be between $66,000 and $68,000 on July 14?",2026-07-14T16:00:00,64.00,0.1150,0.1000,-0.0150,-0.0100,-0.0100,SKIP,"weekly_between BTC spot=63785 [66000,68000] in=False",BTC,0.50,"{""spot"":63785.01,""in_range"":0,""pct_dist"":3.4726,""T_h"":63.9974,""moon_phase"":0.9054,""mercury_retrogrado"":1,""horas_hasta_fomc"":426.0,""smart_money_consensus"":-0.1163,""smart_money_n_wallets"":1}"
2026-07-12T00:00:09+00:00,PRICE_TARGET_GBM,2833087,"Will the price of Ethereum be above $2,000 on July 14?",2026-07-14T16:00:00,64.00,0.0175,0.0500,0.0325,0.0275,0.0275,SKIP,price_target_gbm ETH atexpiry K=2000 spot=1788.3 (-10.6%vsK) sigma_h=0.0072 T=64.0h p_yes=0.026,ETH#atexpiry,0.50,"{""pct_vs_K"":-10.586,""sigma_h"":0.007211,""T_h"":63.9974,""log_ratio"":-0.111893,""moon_phase"":0.9054,""mercury_retrogrado"":1,""horas_hasta_fomc"":426.0,""smart_money_consensus"":-0.3534,""smart_money_n_wallets"":14}"
2026-07-12T00:00:09+00:00,WEEKLY_PRICE,2833090,"Will the price of Bitcoin be between $68,000 and $70,000 on July 14?",2026-07-14T16:00:00,64.00,0.0155,0.1000,0.0845,0.0795,0.0795,SKIP,"weekly_between BTC spot=63785 [68000,70000] in=False",BTC,0.50,"{""spot"":63785.01,""in_range"":0,""pct_dist"":6.6081,""T_h"":63.9974,""moon_phase"":0.9054,""mercury_retrogrado"":1,""horas_hasta_fomc"":426.0,""smart_money_consensus"":-0.1163,""smart_money_n_wallets"":1}"
2026-07-12T00:00:09+00:00,WEEKLY_PRICE,2833094,"Will the price of Bitcoin be between $70,000 and $72,000 on July 14?",2026-07-14T16:00:00,64.00,0.0125,0.1000,0.0875,0.0825,0.0825,SKIP,"weekly_between BTC spot=63785 [70000,72000] in=False",BTC,0.50,"{""spot"":63785.01,""in_range"":0,""pct_dist"":9.7436,""T_h"":63.9974,""moon_phase"":0.9054,""mercury_retrogrado"":1,""horas_hasta_fomc"":426.0,""smart_money_consensus"":-0.1163,""smart_money_n_wallets"":1}"
2026-07-12T00:00:09+00:00,WEEKLY_PRICE,2833124,"Will the price of Ethereum be between $1,300 and $1,400 on July 14?",2026-07-14T16:00:00,64.00,0.0140,0.0600,0.0460,0.0410,0.0410,SKIP,"weekly_between ETH spot=1788 [1300,1400] in=False",ETH,0.83,"{""spot"":1787.71,""in_range"":0,""pct_dist"":21.6877,""T_h"":63.9974,""moon_phase"":0.9054,""mercury_retrogrado"":1,""horas_hasta_fomc"":426.0,""smart_money_consensus"":-0.3534,""smart_money_n_wallets"":14}"
2026-07-12T00:00:09+00:00,WEEKLY_PRICE,2833127,"Will the price of Ethereum be between $1,400 and $1,500 on July 14?",2026-07-14T16:00:00,64.00,0.0155,0.1000,0.0845,0.0795,0.0795,SKIP,"weekly_between ETH spot=1788 [1400,1500] in=False",ETH,0.83,"{""spot"":1787.71,""in_range"":0,""pct_dist"":16.094,""T_h"":63.9974,""moon_phase"":0.9054,""mercury_retrogrado"":1,""horas_hasta_fomc"":426.0,""smart_money_consensus"":-0.3534,""smart_money_n_wallets"":14}"
2026-07-12T00:00:09+00:00,WEEKLY_PRICE,2833131,"Will the price of Ethereum be between $1,500 and $1,600 on July 14?",2026-07-14T16:00:00,64.00,0.0390,0.1000,0.0610,0.0560,0.0560,SKIP,"weekly_between ETH spot=1788 [1500,1600] in=False",ETH,0.83,"{""spot"":1787.71,""in_range"":0,""pct_dist"":10.5003,""T_h"":63.9974,""moon_phase"":0.9054,""mercury_retrogrado"":1,""horas_hasta_fomc"":426.0,""smart_money_consensus"":-0.3534,""smart_money_n_wallets"":14}"
2026-07-12T00:00:09+00:00,WEEKLY_PRICE,2833135,"Will the price of Ethereum be between $1,600 and $1,700 on July 14?",2026-07-14T16:00:00,64.00,0.0835,0.1000,0.0165,0.0115,0.0115,SKIP,"weekly_between ETH spot=1788 [1600,1700] in=False",ETH,0.83,"{""spot"":1787.71,""in_range"":0,""pct_dist"":4.9065,""T_h"":63.9974,""moon_phase"":0.9054,""mercury_retrogrado"":1,""horas_hasta_fomc"":426.0,""smart_money_consensus"":-0.3534,""smart_money_n_wallets"":14}"
2026-07-12T00:00:09+00:00,WEEKLY_PRICE,2833138,"Will the price of Ethereum be between $1,700 and $1,800 on July 14?",2026-07-14T16:00:00,64.00,0.4700,0.6200,0.1500,0.1450,0.1450,BUY_YES,"weekly_between ETH spot=1788 [1700,1800] in=True",ETH,0.50,"{""spot"":1787.71,""in_range"":1,""pct_dist"":0.0,""T_h"":63.9974,""moon_phase"":0.9054,""mercury_retrogrado"":1,""horas_hasta_fomc"":426.0,""smart_money_consensus"":-0.3534,""smart_money_n_wallets"":14}"
2026-07-12T00:00:09+00:00,WEEKLY_PRICE,2833140,"Will the price of Ethereum be between $1,800 and $1,900 on July 14?",2026-07-14T16:00:00,64.00,0.3750,0.2750,-0.1000,-0.0950,0.0950,BUY_NO,"weekly_between ETH spot=1788 [1800,1900] in=False",ETH,1.91,"{""spot"":1787.71,""in_range"":0,""pct_dist"":0.6872,""T_h"":63.9974,""moon_phase"":0.9054,""mercury_retrogrado"":1,""horas_hasta_fomc"":426.0,""smart_money_consensus"":-0.3534,""smart_money_n_wallets"":14}"
2026-07-12T00:00:09+00:00,WEEKLY_PRICE,2833145,"Will the price of Ethereum be between $1,900 and $2,000 on July 14?",2026-07-14T16:00:00,64.00,0.0460,0.1000,0.0540,0.0490,0.0490,SKIP,"weekly_between ETH spot=1788 [1900,2000] in=False",ETH,0.83,"{""spot"":1787.71,""in_range"":0,""pct_dist"":6.2809,""T_h"":63.9974,""moon_phase"":0.9054,""mercury_retrogrado"":1,""horas_hasta_fomc"":426.0,""smart_money_consensus"":-0.3534,""smart_money_n_wallets"":14}"
2026-07-12T00:00:09+00:00,WEEKLY_PRICE,2833150,"Will the price of Ethereum be between $2,000 and $2,100 on July 14?",2026-07-14T16:00:00,64.00,0.0180,0.1000,0.0820,0.0770,0.0770,SKIP,"weekly_between ETH spot=1788 [2000,2100] in=False",ETH,0.83,"{""spot"":1787.71,""in_range"":0,""pct_dist"":11.8747,""T_h"":63.9974,""moon_phase"":0.9054,""mercury_retrogrado"":1,""horas_hasta_fomc"":426.0,""smart_money_consensus"":-0.3534,""smart_money_n_wallets"":14}"
2026-07-12T00:00:09+00:00,WEEKLY_PRICE,2833153,"Will the price of Ethereum be between $2,100 and $2,200 on July 14?",2026-07-14T16:00:00,64.00,0.0360,0.1000,0.0640,0.0590,0.0590,SKIP,"weekly_between ETH spot=1788 [2100,2200] in=False",ETH,0.83,"{""spot"":1787.71,""in_range"":0,""pct_dist"":17.4684,""T_h"":63.9974,""moon_phase"":0.9054,""mercury_retrogrado"":1,""horas_hasta_fomc"":426.0,""smart_money_consensus"":-0.3534,""smart_money_n_wallets"":14}"
2026-07-12T00:00:09+00:00,PRICE_TARGET_GBM,2833196,Will the price of Solana be above $60 on July 14?,2026-07-14T16:00:00,64.00,0.9855,0.9500,-0.0355,-0.0305,-0.0305,SKIP,price_target_gbm SOL atexpiry K=60 spot=76.73 (+27.9%vsK) sigma_h=0.0103 T=64.0h p_yes=0.999,SOL#atexpiry,0.50,"{""pct_vs_K"":27.8833,""sigma_h"":0.010278,""T_h"":63.9974,""log_ratio"":0.245948,""moon_phase"":0.9054,""mercury_retrogrado"":1,""horas_hasta_fomc"":426.0,""smart_money_consensus"":0.0398,""smart_money_n_wallets"":13}"
2026-07-12T00:00:09+00:00,PRICE_TARGET_GBM,2833200,Will the price of Solana be above $70 on July 14?,2026-07-14T16:00:00,64.00,0.9700,0.8679,-0.1021,-0.0971,-0.0971,SKIP,price_target_gbm SOL atexpiry K=70 spot=76.73 (+9.6%vsK) sigma_h=0.0103 T=64.0h p_yes=0.868,SOL#atexpiry,0.50,"{""pct_vs_K"":9.6143,""sigma_h"":0.010278,""T_h"":63.9974,""log_ratio"":0.091798,""moon_phase"":0.9054,""mercury_retrogrado"":1,""horas_hasta_fomc"":426.0,""smart_money_consensus"":0.0398,""smart_money_n_wallets"":13}"
2026-07-12T00:00:09+00:00,WEEKLY_PRICE,2833203,Will the price of Solana be between $60 and $70 on July 14?,2026-07-14T16:00:00,64.00,0.4480,0.3480,-0.1000,-0.0950,0.0950,BUY_NO,"weekly_between SOL spot=77 [60,70] in=False",SOL,2.00,"{""spot"":76.73,""in_range"":0,""pct_dist"":8.771,""T_h"":63.9974,""moon_phase"":0.9054,""mercury_retrogrado"":1,""horas_hasta_fomc"":426.0,""smart_money_consensus"":0.0398,""smart_money_n_wallets"":13}"
2026-07-12T00:00:09+00:00,PRICE_TARGET_GBM,2833205,Will the price of Solana be above $80 on July 14?,2026-07-14T16:00:00,64.00,0.1650,0.3059,0.1409,0.1359,0.1359,SKIP,price_target_gbm SOL atexpiry K=80 spot=76.73 (-4.1%vsK) sigma_h=0.0103 T=64.0h p_yes=0.306,SOL#atexpiry,0.50,"{""pct_vs_K"":-4.0875,""sigma_h"":0.010278,""T_h"":63.9974,""log_ratio"":-0.041734,""moon_phase"":0.9054,""mercury_retrogrado"":1,""horas_hasta_fomc"":426.0,""smart_money_consensus"":0.0398,""smart_money_n_wallets"":13}"
2026-07-12T00:00:09+00:00,WEEKLY_PRICE,2833207,Will the price of Solana be between $70 and $80 on July 14?,2026-07-14T16:00:00,64.00,0.8100,0.8800,0.0700,0.0650,0.0650,BUY_YES,"weekly_between SOL spot=77 [70,80] in=True",SOL,0.50,"{""spot"":76.73,""in_range"":1,""pct_dist"":0.0,""T_h"":63.9974,""moon_phase"":0.9054,""mercury_retrogrado"":1,""horas_hasta_fomc"":426.0,""smart_money_consensus"":0.0398,""smart_money_n_wallets"":13}"
2026-07-12T00:00:09+00:00,PRICE_TARGET_GBM,2833208,Will the price of Solana be above $90 on July 14?,2026-07-14T16:00:00,64.00,0.0195,0.0500,0.0305,0.0255,0.0255,SKIP,price_target_gbm SOL atexpiry K=90 spot=76.73 (-14.7%vsK) sigma_h=0.0103 T=64.0h p_yes=0.026,SOL#atexpiry,0.50,"{""pct_vs_K"":-14.7444,""sigma_h"":0.010278,""T_h"":63.9974,""log_ratio"":-0.159517,""moon_phase"":0.9054,""mercury_retrogrado"":1,""horas_hasta_fomc"":426.0,""smart_money_consensus"":0.0398,""smart_money_n_wallets"":13}"
2026-07-12T00:00:09+00:00,WEEKLY_PRICE,2833209,Will the price of Solana be between $80 and $90 on July 14?,2026-07-14T16:00:00,64.00,0.1700,0.1000,-0.0700,-0.0650,0.0650,BUY_NO,"weekly_between SOL spot=77 [80,90] in=False",SOL,2.00,"{""spot"":76.73,""in_range"":0,""pct_dist"":4.2617,""T_h"":63.9974,""moon_phase"":0.9054,""mercury_retrogrado"":1,""horas_hasta_fomc"":426.0,""smart_money_consensus"":0.0398,""smart_money_n_wallets"":13}"
2026-07-12T00:00:09+00:00,PRICE_TARGET_GBM,2833210,Will the price of Solana be above $100 on July 14?,2026-07-14T16:00:00,64.00,0.0110,0.0500,0.0390,0.0340,0.0340,SKIP,price_target_gbm SOL atexpiry K=100 spot=76.73 (-23.3%vsK) sigma_h=0.0103 T=64.0h p_yes=0.001,SOL#atexpiry,0.50,"{""pct_vs_K"":-23.27,""sigma_h"":0.010278,""T_h"":63.9974,""log_ratio"":-0.264877,""moon_phase"":0.9054,""mercury_retrogrado"":1,""horas_hasta_fomc"":426.0,""smart_money_consensus"":0.0398,""smart_money_n_wallets"":13}"
2026-07-12T00:00:09+00:00,WEEKLY_PRICE,2833211,Will the price of Solana be between $90 and $100 on July 14?,2026-07-14T16:00:00,64.00,0.0105,0.1000,0.0895,0.0845,0.0845,SKIP,"weekly_between SOL spot=77 [90,100] in=False",SOL,0.90,"{""spot"":76.73,""in_range"":0,""pct_dist"":17.2944,""T_h"":63.9974,""moon_phase"":0.9054,""mercury_retrogrado"":1,""horas_hasta_fomc"":426.0,""smart_money_consensus"":0.0398,""smart_money_n_wallets"":13}"
2026-07-12T00:00:09+00:00,PRICE_TARGET_GBM,2833212,Will the price of Solana be above $110 on July 14?,2026-07-14T16:00:00,64.00,0.0150,0.0500,0.0350,0.0300,0.0300,SKIP,price_target_gbm SOL atexpiry K=110 spot=76.73 (-30.2%vsK) sigma_h=0.0103 T=64.0h p_yes=0.000,SOL#atexpiry,0.50,"{""pct_vs_K"":-30.2455,""sigma_h"":0.010278,""T_h"":63.9974,""log_ratio"":-0.360188,""moon_phase"":0.9054,""mercury_retrogrado"":1,""horas_hasta_fomc"":426.0,""smart_money_consensus"":0.0398,""smart_money_n_wallets"":13}"
2026-07-12T00:00:09+00:00,WEEKLY_PRICE,2833213,Will the price of Solana be between $100 and $110 on July 14?,2026-07-14T16:00:00,64.00,0.0145,0.0600,0.0455,0.0405,0.0405,SKIP,"weekly_between SOL spot=77 [100,110] in=False",SOL,0.90,"{""spot"":76.73,""in_range"":0,""pct_dist"":30.3271,""T_h"":63.9974,""moon_phase"":0.9054,""mercury_retrogrado"":1,""horas_hasta_fomc"":426.0,""smart_money_consensus"":0.0398,""smart_money_n_wallets"":13}"
2026-07-12T00:00:09+00:00,WEEKLY_PRICE,2833219,Will the price of Solana be between $110 and $120 on July 14?,2026-07-14T16:00:00,64.00,0.2235,0.0600,-0.1635,-0.1585,0.1585,BUY_NO,"weekly_between SOL spot=77 [110,120] in=False",SOL,2.00,"{""spot"":76.73,""in_range"":0,""pct_dist"":43.3598,""T_h"":63.9974,""moon_phase"":0.9054,""mercury_retrogrado"":1,""horas_hasta_fomc"":426.0,""smart_money_consensus"":0.0398,""smart_money_n_wallets"":13}"
2026-07-12T00:00:09+00:00,PRICE_TARGET_GBM,2846257,"Will the price of Ethereum be above $1,400 on July 15?",2026-07-15T16:00:00,88.00,0.9855,0.9500,-0.0355,-0.0305,-0.0305,SKIP,price_target_gbm ETH atexpiry K=1400 spot=1788.3 (+27.7%vsK) sigma_h=0.0069 T=88.0h p_yes=1.000,ETH#atexpiry,0.50,"{""pct_vs_K"":27.7343,""sigma_h"":0.006878,""T_h"":87.9974,""log_ratio"":0.244782,""moon_phase"":0.9054,""mercury_retrogrado"":1,""horas_hasta_fomc"":426.0,""smart_money_consensus"":-0.3534,""smart_money_n_wallets"":14}"
2026-07-12T00:00:09+00:00,PRICE_TARGET_GBM,2846259,"Will the price of Ethereum be above $1,500 on July 15?",2026-07-15T16:00:00,88.00,0.9845,0.9500,-0.0345,-0.0295,-0.0295,SKIP,price_target_gbm ETH atexpiry K=1500 spot=1788.3 (+19.2%vsK) sigma_h=0.0069 T=88.0h p_yes=0.997,ETH#atexpiry,0.50,"{""pct_vs_K"":19.2187,""sigma_h"":0.006878,""T_h"":87.9974,""log_ratio"":0.175789,""moon_phase"":0.9054,""mercury_retrogrado"":1,""horas_hasta_fomc"":426.0,""smart_money_consensus"":-0.3534,""smart_money_n_wallets"":14}"
2026-07-12T00:00:09+00:00,WEEKLY_PRICE,2846260,"Will the price of Bitcoin be between $56,000 and $58,000 on July 15?",2026-07-15T16:00:00,88.00,0.0115,0.1000,0.0885,0.0835,0.0835,SKIP,"weekly_between BTC spot=63785 [56000,58000] in=False",BTC,0.50,"{""spot"":63785.01,""in_range"":0,""pct_dist"":9.0696,""T_h"":87.9974,""moon_phase"":0.9054,""mercury_retrogrado"":1,""horas_hasta_fomc"":426.0,""smart_money_consensus"":-0.1163,""smart_money_n_wallets"":1}"
2026-07-12T00:00:09+00:00,PRICE_TARGET_GBM,2846261,"Will the price of Ethereum be above $1,600 on July 15?",2026-07-15T16:00:00,88.00,0.9755,0.9500,-0.0255,-0.0205,-0.0205,SKIP,price_target_gbm ETH atexpiry K=1600 spot=1788.3 (+11.8%vsK) sigma_h=0.0069 T=88.0h p_yes=0.958,ETH#atexpiry,0.50,"{""pct_vs_K"":11.7675,""sigma_h"":0.006878,""T_h"":87.9974,""log_ratio"":0.111251,""moon_phase"":0.9054,""mercury_retrogrado"":1,""horas_hasta_fomc"":426.0,""smart_money_consensus"":-0.3534,""smart_money_n_wallets"":14}"
2026-07-12T00:00:09+00:00,WEEKLY_PRICE,2846262,"Will the price of Bitcoin be between $58,000 and $60,000 on July 15?",2026-07-15T16:00:00,88.00,0.0285,0.1000,0.0715,0.0665,0.0665,SKIP,"weekly_between BTC spot=63785 [58000,60000] in=False",BTC,0.50,"{""spot"":63785.01,""in_range"":0,""pct_dist"":5.934,""T_h"":87.9974,""moon_phase"":0.9054,""mercury_retrogrado"":1,""horas_hasta_fomc"":426.0,""smart_money_consensus"":-0.1163,""smart_money_n_wallets"":1}"
2026-07-12T00:00:09+00:00,WEEKLY_PRICE,2846263,"Will the price of Bitcoin be between $60,000 and $62,000 on July 15?",2026-07-15T16:00:00,88.00,0.1450,0.1000,-0.0450,-0.0400,0.0400,BUY_NO,"weekly_between BTC spot=63785 [60000,62000] in=False",BTC,1.91,"{""spot"":63785.01,""in_range"":0,""pct_dist"":2.7985,""T_h"":87.9974,""moon_phase"":0.9054,""mercury_retrogrado"":1,""horas_hasta_fomc"":426.0,""smart_money_consensus"":-0.1163,""smart_money_n_wallets"":1}"
2026-07-12T00:00:09+00:00,PRICE_TARGET_GBM,2846264,"Will the price of Ethereum be above $1,700 on July 15?",2026-07-15T16:00:00,88.00,0.8700,0.7837,-0.0863,-0.0813,0.0813,BUY_NO,price_target_gbm ETH atexpiry K=1700 spot=1788.3 (+5.2%vsK) sigma_h=0.0069 T=88.0h p_yes=0.784,ETH#atexpiry,0.50,"{""pct_vs_K"":5.1929,""sigma_h"":0.006878,""T_h"":87.9974,""log_ratio"":0.050626,""moon_phase"":0.9054,""mercury_retrogrado"":1,""horas_hasta_fomc"":426.0,""smart_money_consensus"":-0.3534,""smart_money_n_wallets"":14}"
2026-07-12T00:00:09+00:00,WEEKLY_PRICE,2846265,"Will the price of Bitcoin be between $62,000 and $64,000 on July 15?",2026-07-15T16:00:00,88.00,0.3350,0.4850,0.1500,0.1450,0.1450,BUY_YES,"weekly_between BTC spot=63785 [62000,64000] in=True",BTC,0.50,"{""spot"":63785.01,""in_range"":1,""pct_dist"":0.0,""T_h"":87.9974,""moon_phase"":0.9054,""mercury_retrogrado"":1,""horas_hasta_fomc"":426.0,""smart_money_consensus"":-0.1163,""smart_money_n_wallets"":1}"
2026-07-12T00:00:09+00:00,PRICE_TARGET_GBM,2846266,"Will the price of Ethereum be above $1,800 on July 15?",2026-07-15T16:00:00,88.00,0.4450,0.4597,0.0147,0.0097,0.0097,SKIP,price_target_gbm ETH atexpiry K=1800 spot=1788.3 (-0.7%vsK) sigma_h=0.0069 T=88.0h p_yes=0.460,ETH#atexpiry,0.50,"{""pct_vs_K"":-0.6511,""sigma_h"":0.006878,""T_h"":87.9974,""log_ratio"":-0.006532,""moon_phase"":0.9054,""mercury_retrogrado"":1,""horas_hasta_fomc"":426.0,""smart_money_consensus"":-0.3534,""smart_money_n_wallets"":14}"
2026-07-12T00:00:09+00:00,WEEKLY_PRICE,2846269,"Will the price of Bitcoin be between $64,000 and $66,000 on July 15?",2026-07-15T16:00:00,88.00,0.3250,0.2250,-0.1000,-0.0950,0.0950,BUY_NO,"weekly_between BTC spot=63785 [64000,66000] in=False",BTC,1.74,"{""spot"":63785.01,""in_range"":0,""pct_dist"":0.337,""T_h"":87.9974,""moon_phase"":0.9054,""mercury_retrogrado"":1,""horas_hasta_fomc"":426.0,""smart_money_consensus"":-0.1163,""smart_money_n_wallets"":1}"
2026-07-12T00:00:09+00:00,PRICE_TARGET_GBM,2846271,"Will the price of Ethereum be above $1,900 on July 15?",2026-07-15T16:00:00,88.00,0.0900,0.1738,0.0838,0.0788,0.0788,SKIP,price_target_gbm ETH atexpiry K=1900 spot=1788.3 (-5.9%vsK) sigma_h=0.0069 T=88.0h p_yes=0.174,ETH#atexpiry,0.50,"{""pct_vs_K"":-5.88,""sigma_h"":0.006878,""T_h"":87.9974,""log_ratio"":-0.0606,""moon_phase"":0.9054,""mercury_retrogrado"":1,""horas_hasta_fomc"":426.0,""smart_money_consensus"":-0.3534,""smart_money_n_wallets"":14}"
2026-07-12T00:00:09+00:00,WEEKLY_PRICE,2846272,"Will the price of Bitcoin be between $66,000 and $68,000 on July 15?",2026-07-15T16:00:00,88.00,0.1150,0.1000,-0.0150,-0.0100,-0.0100,SKIP,"weekly_between BTC spot=63785 [66000,68000] in=False",BTC,0.50,"{""spot"":63785.01,""in_range"":0,""pct_dist"":3.4726,""T_h"":87.9974,""moon_phase"":0.9054,""mercury_retrogrado"":1,""horas_hasta_fomc"":426.0,""smart_money_consensus"":-0.1163,""smart_money_n_wallets"":1}"
2026-07-12T00:00:09+00:00,WEEKLY_PRICE,2846274,"Will the price of Bitcoin be between $68,000 and $70,000 on July 15?",2026-07-15T16:00:00,88.00,0.0225,0.1000,0.0775,0.0725,0.0725,SKIP,"weekly_between BTC spot=63785 [68000,70000] in=False",BTC,0.50,"{""spot"":63785.01,""in_range"":0,""pct_dist"":6.6081,""T_h"":87.9974,""moon_phase"":0.9054,""mercury_retrogrado"":1,""horas_hasta_fomc"":426.0,""smart_money_consensus"":-0.1163,""smart_money_n_wallets"":1}"
2026-07-12T00:00:09+00:00,PRICE_TARGET_GBM,2846276,"Will the price of Ethereum be above $2,000 on July 15?",2026-07-15T16:00:00,88.00,0.0240,0.0500,0.0260,0.0210,0.0210,SKIP,price_target_gbm ETH atexpiry K=2000 spot=1788.3 (-10.6%vsK) sigma_h=0.0069 T=88.0h p_yes=0.041,ETH#atexpiry,0.50,"{""pct_vs_K"":-10.586,""sigma_h"":0.006878,""T_h"":87.9974,""log_ratio"":-0.111893,""moon_phase"":0.9054,""mercury_retrogrado"":1,""horas_hasta_fomc"":426.0,""smart_money_consensus"":-0.3534,""smart_money_n_wallets"":14}"
2026-07-12T00:00:09+00:00,PRICE_TARGET_GBM,2846279,"Will the price of Ethereum be above $2,100 on July 15?",2026-07-15T16:00:00,88.00,0.0140,0.0500,0.0360,0.0310,0.0310,SKIP,price_target_gbm ETH atexpiry K=2100 spot=1788.3 (-14.8%vsK) sigma_h=0.0069 T=88.0h p_yes=0.006,ETH#atexpiry,0.50,"{""pct_vs_K"":-14.8438,""sigma_h"":0.006878,""T_h"":87.9974,""log_ratio"":-0.160683,""moon_phase"":0.9054,""mercury_retrogrado"":1,""horas_hasta_fomc"":426.0,""smart_money_consensus"":-0.3534,""smart_money_n_wallets"":14}"
2026-07-12T00:00:09+00:00,PRICE_TARGET_GBM,2846280,"Will the price of Ethereum be above $2,200 on July 15?",2026-07-15T16:00:00,88.00,0.0145,0.0500,0.0355,0.0305,0.0305,SKIP,price_target_gbm ETH atexpiry K=2200 spot=1788.3 (-18.7%vsK) sigma_h=0.0069 T=88.0h p_yes=0.001,ETH#atexpiry,0.50,"{""pct_vs_K"":-18.7145,""sigma_h"":0.006878,""T_h"":87.9974,""log_ratio"":-0.207203,""moon_phase"":0.9054,""mercury_retrogrado"":1,""horas_hasta_fomc"":426.0,""smart_money_consensus"":-0.3534,""smart_money_n_wallets"":14}"
2026-07-12T00:00:09+00:00,WEEKLY_PRICE,2846311,"Will the price of Ethereum be between $1,400 and $1,500 on July 15?",2026-07-15T16:00:00,88.00,0.0110,0.1000,0.0890,0.0840,0.0840,SKIP,"weekly_between ETH spot=1788 [1400,1500] in=False",ETH,0.83,"{""spot"":1787.71,""in_range"":0,""pct_dist"":16.094,""T_h"":87.9974,""moon_phase"":0.9054,""mercury_retrogrado"":1,""horas_hasta_fomc"":426.0,""smart_money_consensus"":-0.3534,""smart_money_n_wallets"":14}"
2026-07-12T00:00:09+00:00,WEEKLY_PRICE,2846314,"Will the price of Ethereum be between $1,500 and $1,600 on July 15?",2026-07-15T16:00:00,88.00,0.0180,0.1000,0.0820,0.0770,0.0770,SKIP,"weekly_between ETH spot=1788 [1500,1600] in=False",ETH,0.83,"{""spot"":1787.71,""in_range"":0,""pct_dist"":10.5003,""T_h"":87.9974,""moon_phase"":0.9054,""mercury_retrogrado"":1,""horas_hasta_fomc"":426.0,""smart_money_consensus"":-0.3534,""smart_money_n_wallets"":14}"
2026-07-12T00:00:09+00:00,WEEKLY_PRICE,2846317,"Will the price of Ethereum be between $1,600 and $1,700 on July 15?",2026-07-15T16:00:00,88.00,0.1200,0.1000,-0.0200,-0.0150,-0.0150,SKIP,"weekly_between ETH spot=1788 [1600,1700] in=False",ETH,0.83,"{""spot"":1787.71,""in_range"":0,""pct_dist"":4.9065,""T_h"":87.9974,""moon_phase"":0.9054,""mercury_retrogrado"":1,""horas_hasta_fomc"":426.0,""smart_money_consensus"":-0.3534,""smart_money_n_wallets"":14}"
2026-07-12T00:00:09+00:00,WEEKLY_PRICE,2846319,"Will the price of Ethereum be between $1,700 and $1,800 on July 15?",2026-07-15T16:00:00,88.00,0.4250,0.5750,0.1500,0.1450,0.1450,BUY_YES,"weekly_between ETH spot=1788 [1700,1800] in=True",ETH,0.50,"{""spot"":1787.71,""in_range"":1,""pct_dist"":0.0,""T_h"":87.9974,""moon_phase"":0.9054,""mercury_retrogrado"":1,""horas_hasta_fomc"":426.0,""smart_money_consensus"":-0.3534,""smart_money_n_wallets"":14}"
2026-07-12T00:00:09+00:00,WEEKLY_PRICE,2846322,"Will the price of Ethereum be between $1,800 and $1,900 on July 15?",2026-07-15T16:00:00,88.00,0.3500,0.2500,-0.1000,-0.0950,0.0950,BUY_NO,"weekly_between ETH spot=1788 [1800,1900] in=False",ETH,1.91,"{""spot"":1787.71,""in_range"":0,""pct_dist"":0.6872,""T_h"":87.9974,""moon_phase"":0.9054,""mercury_retrogrado"":1,""horas_hasta_fomc"":426.0,""smart_money_consensus"":-0.3534,""smart_money_n_wallets"":14}"
2026-07-12T00:00:09+00:00,WEEKLY_PRICE,2846328,"Will the price of Ethereum be between $1,900 and $2,000 on July 15?",2026-07-15T16:00:00,88.00,0.0860,0.1000,0.0140,0.0090,0.0090,SKIP,"weekly_between ETH spot=1788 [1900,2000] in=False",ETH,0.83,"{""spot"":1787.71,""in_range"":0,""pct_dist"":6.2809,""T_h"":87.9974,""moon_phase"":0.9054,""mercury_retrogrado"":1,""horas_hasta_fomc"":426.0,""smart_money_consensus"":-0.3534,""smart_money_n_wallets"":14}"
2026-07-12T00:00:09+00:00,WEEKLY_PRICE,2846333,"Will the price of Ethereum be between $2,000 and $2,100 on July 15?",2026-07-15T16:00:00,88.00,0.0205,0.1000,0.0795,0.0745,0.0745,SKIP,"weekly_between ETH spot=1788 [2000,2100] in=False",ETH,0.83,"{""spot"":1787.71,""in_range"":0,""pct_dist"":11.8747,""T_h"":87.9974,""moon_phase"":0.9054,""mercury_retrogrado"":1,""horas_hasta_fomc"":426.0,""smart_money_consensus"":-0.3534,""smart_money_n_wallets"":14}"
2026-07-12T00:00:09+00:00,WEEKLY_PRICE,2846336,"Will the price of Ethereum be between $2,100 and $2,200 on July 15?",2026-07-15T16:00:00,88.00,0.0145,0.1000,0.0855,0.0805,0.0805,SKIP,"weekly_between ETH spot=1788 [2100,2200] in=False",ETH,0.83,"{""spot"":1787.71,""in_range"":0,""pct_dist"":17.4684,""T_h"":87.9974,""moon_phase"":0.9054,""mercury_retrogrado"":1,""horas_hasta_fomc"":426.0,""smart_money_consensus"":-0.3534,""smart_money_n_wallets"":14}"
2026-07-12T00:00:09+00:00,PRICE_TARGET_GBM,2846378,Will the price of Solana be above $30 on July 15?,2026-07-15T16:00:00,88.00,0.9805,0.9500,-0.0305,-0.0255,-0.0255,SKIP,price_target_gbm SOL atexpiry K=30 spot=76.73 (+155.8%vsK) sigma_h=0.0104 T=88.0h p_yes=1.000,SOL#atexpiry,0.50,"{""pct_vs_K"":155.7667,""sigma_h"":0.01042,""T_h"":87.9974,""log_ratio"":0.939095,""moon_phase"":0.9054,""mercury_retrogrado"":1,""horas_hasta_fomc"":426.0,""smart_money_consensus"":0.0398,""smart_money_n_wallets"":13}"
2026-07-12T00:00:09+00:00,PRICE_TARGET_GBM,2846381,Will the price of Solana be above $40 on July 15?,2026-07-15T16:00:00,88.00,0.9805,0.9500,-0.0305,-0.0255,-0.0255,SKIP,price_target_gbm SOL atexpiry K=40 spot=76.73 (+91.8%vsK) sigma_h=0.0104 T=88.0h p_yes=1.000,SOL#atexpiry,0.50,"{""pct_vs_K"":91.825,""sigma_h"":0.01042,""T_h"":87.9974,""log_ratio"":0.651413,""moon_phase"":0.9054,""mercury_retrogrado"":1,""horas_hasta_fomc"":426.0,""smart_money_consensus"":0.0398,""smart_money_n_wallets"":13}"
2026-07-12T00:00:09+00:00,PRICE_TARGET_GBM,2846383,Will the price of Solana be above $50 on July 15?,2026-07-15T16:00:00,88.00,0.9805,0.9500,-0.0305,-0.0255,-0.0255,SKIP,price_target_gbm SOL atexpiry K=50 spot=76.73 (+53.5%vsK) sigma_h=0.0104 T=88.0h p_yes=1.000,SOL#atexpiry,0.50,"{""pct_vs_K"":53.46,""sigma_h"":0.01042,""T_h"":87.9974,""log_ratio"":0.42827,""moon_phase"":0.9054,""mercury_retrogrado"":1,""horas_hasta_fomc"":426.0,""smart_money_consensus"":0.0398,""smart_money_n_wallets"":13}"
2026-07-12T00:00:09+00:00,WEEKLY_PRICE,2846386,Will the price of Solana be between $40 and $50 on July 15?,2026-07-15T16:00:00,88.00,0.0195,0.0600,0.0405,0.0355,0.0355,SKIP,"weekly_between SOL spot=77 [40,50] in=False",SOL,0.90,"{""spot"":76.73,""in_range"":0,""pct_dist"":34.8364,""T_h"":87.9974,""moon_phase"":0.9054,""mercury_retrogrado"":1,""horas_hasta_fomc"":426.0,""smart_money_consensus"":0.0398,""smart_money_n_wallets"":13}"
2026-07-12T00:00:09+00:00,PRICE_TARGET_GBM,2846387,Will the price of Solana be above $60 on July 15?,2026-07-15T16:00:00,88.00,0.9805,0.9500,-0.0305,-0.0255,-0.0255,SKIP,price_target_gbm SOL atexpiry K=60 spot=76.73 (+27.9%vsK) sigma_h=0.0104 T=88.0h p_yes=0.994,SOL#atexpiry,0.50,"{""pct_vs_K"":27.8833,""sigma_h"":0.01042,""T_h"":87.9974,""log_ratio"":0.245948,""moon_phase"":0.9054,""mercury_retrogrado"":1,""horas_hasta_fomc"":426.0,""smart_money_consensus"":0.0398,""smart_money_n_wallets"":13}"
2026-07-12T00:00:09+00:00,WEEKLY_PRICE,2846390,Will the price of Solana be between $50 and $60 on July 15?,2026-07-15T16:00:00,88.00,0.0160,0.0600,0.0440,0.0390,0.0390,SKIP,"weekly_between SOL spot=77 [50,60] in=False",SOL,0.90,"{""spot"":76.73,""in_range"":0,""pct_dist"":21.8037,""T_h"":87.9974,""moon_phase"":0.9054,""mercury_retrogrado"":1,""horas_hasta_fomc"":426.0,""smart_money_consensus"":0.0398,""smart_money_n_wallets"":13}"
2026-07-12T00:00:09+00:00,PRICE_TARGET_GBM,2846393,Will the price of Solana be above $70 on July 15?,2026-07-15T16:00:00,88.00,0.9585,0.8262,-0.1323,-0.1273,-0.1273,SKIP,price_target_gbm SOL atexpiry K=70 spot=76.73 (+9.6%vsK) sigma_h=0.0104 T=88.0h p_yes=0.826,SOL#atexpiry,0.50,"{""pct_vs_K"":9.6143,""sigma_h"":0.01042,""T_h"":87.9974,""log_ratio"":0.091798,""moon_phase"":0.9054,""mercury_retrogrado"":1,""horas_hasta_fomc"":426.0,""smart_money_consensus"":0.0398,""smart_money_n_wallets"":13}"
2026-07-12T00:00:09+00:00,WEEKLY_PRICE,2846395,Will the price of Solana be between $60 and $70 on July 15?,2026-07-15T16:00:00,88.00,0.0415,0.1000,0.0585,0.0535,0.0535,SKIP,"weekly_between SOL spot=77 [60,70] in=False",SOL,0.90,"{""spot"":76.73,""in_range"":0,""pct_dist"":8.771,""T_h"":87.9974,""moon_phase"":0.9054,""mercury_retrogrado"":1,""horas_hasta_fomc"":426.0,""smart_money_consensus"":0.0398,""smart_money_n_wallets"":13}"
2026-07-12T00:00:09+00:00,PRICE_TARGET_GBM,2846397,Will the price of Solana be above $80 on July 15?,2026-07-15T16:00:00,88.00,0.2100,0.3347,0.1247,0.1197,0.1197,SKIP,price_target_gbm SOL atexpiry K=80 spot=76.73 (-4.1%vsK) sigma_h=0.0104 T=88.0h p_yes=0.335,SOL#atexpiry,0.50,"{""pct_vs_K"":-4.0875,""sigma_h"":0.01042,""T_h"":87.9974,""log_ratio"":-0.041734,""moon_phase"":0.9054,""mercury_retrogrado"":1,""horas_hasta_fomc"":426.0,""smart_money_consensus"":0.0398,""smart_money_n_wallets"":13}"
2026-07-12T00:00:09+00:00,WEEKLY_PRICE,2846398,Will the price of Solana be between $70 and $80 on July 15?,2026-07-15T16:00:00,88.00,0.7500,0.8800,0.1300,0.1250,0.1250,BUY_YES,"weekly_between SOL spot=77 [70,80] in=True",SOL,0.50,"{""spot"":76.73,""in_range"":1,""pct_dist"":0.0,""T_h"":87.9974,""moon_phase"":0.9054,""mercury_retrogrado"":1,""horas_hasta_fomc"":426.0,""smart_money_consensus"":0.0398,""smart_money_n_wallets"":13}"
2026-07-12T00:00:09+00:00,PRICE_TARGET_GBM,2846401,Will the price of Solana be above $90 on July 15?,2026-07-15T16:00:00,88.00,0.0200,0.0513,0.0313,0.0263,0.0263,SKIP,price_target_gbm SOL atexpiry K=90 spot=76.73 (-14.7%vsK) sigma_h=0.0104 T=88.0h p_yes=0.051,SOL#atexpiry,0.50,"{""pct_vs_K"":-14.7444,""sigma_h"":0.01042,""T_h"":87.9974,""log_ratio"":-0.159517,""moon_phase"":0.9054,""mercury_retrogrado"":1,""horas_hasta_fomc"":426.0,""smart_money_consensus"":0.0398,""smart_money_n_wallets"":13}"
2026-07-12T00:00:09+00:00,WEEKLY_PRICE,2846402,Will the price of Solana be between $80 and $90 on July 15?,2026-07-15T16:00:00,88.00,0.2100,0.1100,-0.1000,-0.0950,0.0950,BUY_NO,"weekly_between SOL spot=77 [80,90] in=False",SOL,2.00,"{""spot"":76.73,""in_range"":0,""pct_dist"":4.2617,""T_h"":87.9974,""moon_phase"":0.9054,""mercury_retrogrado"":1,""horas_hasta_fomc"":426.0,""smart_money_consensus"":0.0398,""smart_money_n_wallets"":13}"
2026-07-12T00:00:09+00:00,PRICE_TARGET_GBM,2846407,Will the price of Solana be above $100 on July 15?,2026-07-15T16:00:00,88.00,0.0195,0.0500,0.0305,0.0255,0.0255,SKIP,price_target_gbm SOL atexpiry K=100 spot=76.73 (-23.3%vsK) sigma_h=0.0104 T=88.0h p_yes=0.003,SOL#atexpiry,0.50,"{""pct_vs_K"":-23.27,""sigma_h"":0.01042,""T_h"":87.9974,""log_ratio"":-0.264877,""moon_phase"":0.9054,""mercury_retrogrado"":1,""horas_hasta_fomc"":426.0,""smart_money_consensus"":0.0398,""smart_money_n_wallets"":13}"
2026-07-12T00:00:09+00:00,WEEKLY_PRICE,2846408,Will the price of Solana be between $90 and $100 on July 15?,2026-07-15T16:00:00,88.00,0.0200,0.1000,0.0800,0.0750,0.0750,SKIP,"weekly_between SOL spot=77 [90,100] in=False",SOL,0.90,"{""spot"":76.73,""in_range"":0,""pct_dist"":17.2944,""T_h"":87.9974,""moon_phase"":0.9054,""mercury_retrogrado"":1,""horas_hasta_fomc"":426.0,""smart_money_consensus"":0.0398,""smart_money_n_wallets"":13}"
2026-07-12T00:00:09+00:00,WEEKLY_PRICE,2846412,Will the price of Solana be between $100 and $110 on July 15?,2026-07-15T16:00:00,88.00,0.0160,0.0600,0.0440,0.0390,0.0390,SKIP,"weekly_between SOL spot=77 [100,110] in=False",SOL,0.90,"{""spot"":76.73,""in_range"":0,""pct_dist"":30.3271,""T_h"":87.9974,""moon_phase"":0.9054,""mercury_retrogrado"":1,""horas_hasta_fomc"":426.0,""smart_money_consensus"":0.0398,""smart_money_n_wallets"":13}"
2026-07-12T00:00:09+00:00,PRICE_TARGET_GBM,2846413,Will the price of Solana be above $110 on July 15?,2026-07-15T16:00:00,88.00,0.0155,0.0500,0.0345,0.0295,0.0295,SKIP,price_target_gbm SOL atexpiry K=110 spot=76.73 (-30.2%vsK) sigma_h=0.0104 T=88.0h p_yes=0.000,SOL#atexpiry,0.50,"{""pct_vs_K"":-30.2455,""sigma_h"":0.01042,""T_h"":87.9974,""log_ratio"":-0.360188,""moon_phase"":0.9054,""mercury_retrogrado"":1,""horas_hasta_fomc"":426.0,""smart_money_consensus"":0.0398,""smart_money_n_wallets"":13}"
2026-07-12T00:00:09+00:00,WEEKLY_PRICE,2846416,Will the price of Solana be between $110 and $120 on July 15?,2026-07-15T16:00:00,88.00,0.4795,0.2795,-0.2000,-0.1950,0.1950,BUY_NO,"weekly_between SOL spot=77 [110,120] in=False",SOL,2.00,"{""spot"":76.73,""in_range"":0,""pct_dist"":43.3598,""T_h"":87.9974,""moon_phase"":0.9054,""mercury_retrogrado"":1,""horas_hasta_fomc"":426.0,""smart_money_consensus"":0.0398,""smart_money_n_wallets"":13}"
2026-07-12T00:00:09+00:00,PRICE_TARGET_GBM,2846417,Will the price of Solana be above $120 on July 15?,2026-07-15T16:00:00,88.00,0.0145,0.0500,0.0355,0.0305,0.0305,SKIP,price_target_gbm SOL atexpiry K=120 spot=76.73 (-36.1%vsK) sigma_h=0.0104 T=88.0h p_yes=0.000,SOL#atexpiry,0.50,"{""pct_vs_K"":-36.0583,""sigma_h"":0.01042,""T_h"":87.9974,""log_ratio"":-0.447199,""moon_phase"":0.9054,""mercury_retrogrado"":1,""horas_hasta_fomc"":426.0,""smart_money_consensus"":0.0398,""smart_money_n_wallets"":13}"
2026-07-12T00:00:09+00:00,PRICE_TARGET_GBM,2846422,Will the price of Solana be above $130 on July 15?,2026-07-15T16:00:00,88.00,0.0145,0.0500,0.0355,0.0305,0.0305,SKIP,price_target_gbm SOL atexpiry K=130 spot=76.73 (-41.0%vsK) sigma_h=0.0104 T=88.0h p_yes=0.000,SOL#atexpiry,0.50,"{""pct_vs_K"":-40.9769,""sigma_h"":0.01042,""T_h"":87.9974,""log_ratio"":-0.527242,""moon_phase"":0.9054,""mercury_retrogrado"":1,""horas_hasta_fomc"":426.0,""smart_money_consensus"":0.0398,""smart_money_n_wallets"":13}"
2026-07-12T00:00:09+00:00,PRICE_TARGET_GBM,2860425,"Will the price of Ethereum be above $1,300 on July 16?",2026-07-16T16:00:00,112.00,0.9855,0.9500,-0.0355,-0.0305,-0.0305,SKIP,price_target_gbm ETH atexpiry K=1300 spot=1788.3 (+37.6%vsK) sigma_h=0.0078 T=112.0h p_yes=1.000,ETH#atexpiry,0.50,"{""pct_vs_K"":37.56,""sigma_h"":0.007836,""T_h"":111.9974,""log_ratio"":0.31889,""moon_phase"":0.9054,""mercury_retrogrado"":1,""horas_hasta_fomc"":426.0,""smart_money_consensus"":-0.3534,""smart_money_n_wallets"":14}"
2026-07-12T00:00:09+00:00,PRICE_TARGET_GBM,2860427,"Will the price of Ethereum be above $1,400 on July 16?",2026-07-16T16:00:00,112.00,0.9850,0.9500,-0.0350,-0.0300,-0.0300,SKIP,price_target_gbm ETH atexpiry K=1400 spot=1788.3 (+27.7%vsK) sigma_h=0.0078 T=112.0h p_yes=0.998,ETH#atexpiry,0.50,"{""pct_vs_K"":27.7343,""sigma_h"":0.007836,""T_h"":111.9974,""log_ratio"":0.244782,""moon_phase"":0.9054,""mercury_retrogrado"":1,""horas_hasta_fomc"":426.0,""smart_money_consensus"":-0.3534,""smart_money_n_wallets"":14}"
2026-07-12T00:00:09+00:00,WEEKLY_PRICE,2860430,"Will the price of Bitcoin be between $58,000 and $60,000 on July 16?",2026-07-16T16:00:00,112.00,0.0455,0.1000,0.0545,0.0495,0.0495,SKIP,"weekly_between BTC spot=63785 [58000,60000] in=False",BTC,0.50,"{""spot"":63785.01,""in_range"":0,""pct_dist"":5.934,""T_h"":111.9974,""moon_phase"":0.9054,""mercury_retrogrado"":1,""horas_hasta_fomc"":426.0,""smart_money_consensus"":-0.1163,""smart_money_n_wallets"":1}"
2026-07-12T00:00:09+00:00,PRICE_TARGET_GBM,2860431,"Will the price of Ethereum be above $1,500 on July 16?",2026-07-16T16:00:00,112.00,0.9810,0.9500,-0.0310,-0.0260,-0.0260,SKIP,price_target_gbm ETH atexpiry K=1500 spot=1788.3 (+19.2%vsK) sigma_h=0.0078 T=112.0h p_yes=0.983,ETH#atexpiry,0.50,"{""pct_vs_K"":19.2187,""sigma_h"":0.007836,""T_h"":111.9974,""log_ratio"":0.175789,""moon_phase"":0.9054,""mercury_retrogrado"":1,""horas_hasta_fomc"":426.0,""smart_money_consensus"":-0.3534,""smart_money_n_wallets"":14}"
2026-07-12T00:00:09+00:00,WEEKLY_PRICE,2860433,"Will the price of Bitcoin be between $60,000 and $62,000 on July 16?",2026-07-16T16:00:00,112.00,0.1550,0.1000,-0.0550,-0.0500,0.0500,BUY_NO,"weekly_between BTC spot=63785 [60000,62000] in=False",BTC,1.91,"{""spot"":63785.01,""in_range"":0,""pct_dist"":2.7985,""T_h"":111.9974,""moon_phase"":0.9054,""mercury_retrogrado"":1,""horas_hasta_fomc"":426.0,""smart_money_consensus"":-0.1163,""smart_money_n_wallets"":1}"
2026-07-12T00:00:09+00:00,PRICE_TARGET_GBM,2860434,"Will the price of Ethereum be above $1,600 on July 16?",2026-07-16T16:00:00,112.00,0.9655,0.9101,-0.0554,-0.0504,-0.0504,SKIP,price_target_gbm ETH atexpiry K=1600 spot=1788.3 (+11.8%vsK) sigma_h=0.0078 T=112.0h p_yes=0.910,ETH#atexpiry,0.50,"{""pct_vs_K"":11.7675,""sigma_h"":0.007836,""T_h"":111.9974,""log_ratio"":0.111251,""moon_phase"":0.9054,""mercury_retrogrado"":1,""horas_hasta_fomc"":426.0,""smart_money_consensus"":-0.3534,""smart_money_n_wallets"":14}"
2026-07-12T00:00:09+00:00,WEEKLY_PRICE,2860436,"Will the price of Bitcoin be between $62,000 and $64,000 on July 16?",2026-07-16T16:00:00,112.00,0.3050,0.4550,0.1500,0.1450,0.1450,BUY_YES,"weekly_between BTC spot=63785 [62000,64000] in=True",BTC,0.50,"{""spot"":63785.01,""in_range"":1,""pct_dist"":0.0,""T_h"":111.9974,""moon_phase"":0.9054,""mercury_retrogrado"":1,""horas_hasta_fomc"":426.0,""smart_money_consensus"":-0.1163,""smart_money_n_wallets"":1}"
2026-07-12T00:00:09+00:00,PRICE_TARGET_GBM,2860437,"Will the price of Ethereum be above $1,700 on July 16?",2026-07-16T16:00:00,112.00,0.8450,0.7292,-0.1158,-0.1108,0.1108,BUY_NO,price_target_gbm ETH atexpiry K=1700 spot=1788.3 (+5.2%vsK) sigma_h=0.0078 T=112.0h p_yes=0.729,ETH#atexpiry,0.50,"{""pct_vs_K"":5.1929,""sigma_h"":0.007836,""T_h"":111.9974,""log_ratio"":0.050626,""moon_phase"":0.9054,""mercury_retrogrado"":1,""horas_hasta_fomc"":426.0,""smart_money_consensus"":-0.3534,""smart_money_n_wallets"":14}"
2026-07-12T00:00:09+00:00,PRICE_TARGET_GBM,2860439,"Will the price of Ethereum be above $1,800 on July 16?",2026-07-16T16:00:00,112.00,0.4500,0.4686,0.0186,0.0136,0.0136,SKIP,price_target_gbm ETH atexpiry K=1800 spot=1788.3 (-0.7%vsK) sigma_h=0.0078 T=112.0h p_yes=0.469,ETH#atexpiry,0.50,"{""pct_vs_K"":-0.6511,""sigma_h"":0.007836,""T_h"":111.9974,""log_ratio"":-0.006532,""moon_phase"":0.9054,""mercury_retrogrado"":1,""horas_hasta_fomc"":426.0,""smart_money_consensus"":-0.3534,""smart_money_n_wallets"":14}"
2026-07-12T00:00:09+00:00,WEEKLY_PRICE,2860440,"Will the price of Bitcoin be between $64,000 and $66,000 on July 16?",2026-07-16T16:00:00,112.00,0.2850,0.1850,-0.1000,-0.0950,0.0950,BUY_NO,"weekly_between BTC spot=63785 [64000,66000] in=False",BTC,1.74,"{""spot"":63785.01,""in_range"":0,""pct_dist"":0.337,""T_h"":111.9974,""moon_phase"":0.9054,""mercury_retrogrado"":1,""horas_hasta_fomc"":426.0,""smart_money_consensus"":-0.1163,""smart_money_n_wallets"":1}"
2026-07-12T00:00:09+00:00,PRICE_TARGET_GBM,2860442,"Will the price of Ethereum be above $1,900 on July 16?",2026-07-16T16:00:00,112.00,0.1150,0.2325,0.1175,0.1125,0.1125,SKIP,price_target_gbm ETH atexpiry K=1900 spot=1788.3 (-5.9%vsK) sigma_h=0.0078 T=112.0h p_yes=0.232,ETH#atexpiry,0.50,"{""pct_vs_K"":-5.88,""sigma_h"":0.007836,""T_h"":111.9974,""log_ratio"":-0.0606,""moon_phase"":0.9054,""mercury_retrogrado"":1,""horas_hasta_fomc"":426.0,""smart_money_consensus"":-0.3534,""smart_money_n_wallets"":14}"
2026-07-12T00:00:09+00:00,WEEKLY_PRICE,2860443,"Will the price of Bitcoin be between $66,000 and $68,000 on July 16?",2026-07-16T16:00:00,112.00,0.1350,0.1000,-0.0350,-0.0300,0.0300,BUY_NO,"weekly_between BTC spot=63785 [66000,68000] in=False",BTC,1.91,"{""spot"":63785.01,""in_range"":0,""pct_dist"":3.4726,""T_h"":111.9974,""moon_phase"":0.9054,""mercury_retrogrado"":1,""horas_hasta_fomc"":426.0,""smart_money_consensus"":-0.1163,""smart_money_n_wallets"":1}"
2026-07-12T00:00:09+00:00,PRICE_TARGET_GBM,2860448,"Will the price of Ethereum be above $2,000 on July 16?",2026-07-16T16:00:00,112.00,0.0305,0.0886,0.0581,0.0531,0.0531,SKIP,price_target_gbm ETH atexpiry K=2000 spot=1788.3 (-10.6%vsK) sigma_h=0.0078 T=112.0h p_yes=0.089,ETH#atexpiry,0.50,"{""pct_vs_K"":-10.586,""sigma_h"":0.007836,""T_h"":111.9974,""log_ratio"":-0.111893,""moon_phase"":0.9054,""mercury_retrogrado"":1,""horas_hasta_fomc"":426.0,""smart_money_consensus"":-0.3534,""smart_money_n_wallets"":14}"
2026-07-12T00:00:09+00:00,WEEKLY_PRICE,2860449,"Will the price of Bitcoin be between $68,000 and $70,000 on July 16?",2026-07-16T16:00:00,112.00,0.0395,0.1000,0.0605,0.0555,0.0555,SKIP,"weekly_between BTC spot=63785 [68000,70000] in=False",BTC,0.50,"{""spot"":63785.01,""in_range"":0,""pct_dist"":6.6081,""T_h"":111.9974,""moon_phase"":0.9054,""mercury_retrogrado"":1,""horas_hasta_fomc"":426.0,""smart_money_consensus"":-0.1163,""smart_money_n_wallets"":1}"
2026-07-12T00:00:09+00:00,PRICE_TARGET_GBM,2860453,"Will the price of Ethereum be above $2,100 on July 16?",2026-07-16T16:00:00,112.00,0.0190,0.0500,0.0310,0.0260,0.0260,SKIP,price_target_gbm ETH atexpiry K=2100 spot=1788.3 (-14.8%vsK) sigma_h=0.0078 T=112.0h p_yes=0.026,ETH#atexpiry,0.50,"{""pct_vs_K"":-14.8438,""sigma_h"":0.007836,""T_h"":111.9974,""log_ratio"":-0.160683,""moon_phase"":0.9054,""mercury_retrogrado"":1,""horas_hasta_fomc"":426.0,""smart_money_consensus"":-0.3534,""smart_money_n_wallets"":14}"
2026-07-12T00:00:09+00:00,PRICE_TARGET_GBM,2860459,"Will the price of Ethereum be above $2,200 on July 16?",2026-07-16T16:00:00,112.00,0.0155,0.0500,0.0345,0.0295,0.0295,SKIP,price_target_gbm ETH atexpiry K=2200 spot=1788.3 (-18.7%vsK) sigma_h=0.0078 T=112.0h p_yes=0.006,ETH#atexpiry,0.50,"{""pct_vs_K"":-18.7145,""sigma_h"":0.007836,""T_h"":111.9974,""log_ratio"":-0.207203,""moon_phase"":0.9054,""mercury_retrogrado"":1,""horas_hasta_fomc"":426.0,""smart_money_consensus"":-0.3534,""smart_money_n_wallets"":14}"
2026-07-12T00:00:09+00:00,WEEKLY_PRICE,2860503,"Will the price of Ethereum be between $1,300 and $1,400 on July 16?",2026-07-16T16:00:00,112.00,0.0195,0.0600,0.0405,0.0355,0.0355,SKIP,"weekly_between ETH spot=1788 [1300,1400] in=False",ETH,0.83,"{""spot"":1787.71,""in_range"":0,""pct_dist"":21.6877,""T_h"":111.9974,""moon_phase"":0.9054,""mercury_retrogrado"":1,""horas_hasta_fomc"":426.0,""smart_money_consensus"":-0.3534,""smart_money_n_wallets"":14}"
2026-07-12T00:00:09+00:00,WEEKLY_PRICE,2860507,"Will the price of Ethereum be between $1,400 and $1,500 on July 16?",2026-07-16T16:00:00,112.00,0.0195,0.1000,0.0805,0.0755,0.0755,SKIP,"weekly_between ETH spot=1788 [1400,1500] in=False",ETH,0.83,"{""spot"":1787.71,""in_range"":0,""pct_dist"":16.094,""T_h"":111.9974,""moon_phase"":0.9054,""mercury_retrogrado"":1,""horas_hasta_fomc"":426.0,""smart_money_consensus"":-0.3534,""smart_money_n_wallets"":14}"
2026-07-12T00:00:09+00:00,WEEKLY_PRICE,2860512,"Will the price of Ethereum be between $1,500 and $1,600 on July 16?",2026-07-16T16:00:00,112.00,0.0275,0.1000,0.0725,0.0675,0.0675,SKIP,"weekly_between ETH spot=1788 [1500,1600] in=False",ETH,0.83,"{""spot"":1787.71,""in_range"":0,""pct_dist"":10.5003,""T_h"":111.9974,""moon_phase"":0.9054,""mercury_retrogrado"":1,""horas_hasta_fomc"":426.0,""smart_money_consensus"":-0.3534,""smart_money_n_wallets"":14}"
2026-07-12T00:00:09+00:00,WEEKLY_PRICE,2860517,"Will the price of Ethereum be between $1,600 and $1,700 on July 16?",2026-07-16T16:00:00,112.00,0.1450,0.1000,-0.0450,-0.0400,0.0400,BUY_NO,"weekly_between ETH spot=1788 [1600,1700] in=False",ETH,2.00,"{""spot"":1787.71,""in_range"":0,""pct_dist"":4.9065,""T_h"":111.9974,""moon_phase"":0.9054,""mercury_retrogrado"":1,""horas_hasta_fomc"":426.0,""smart_money_consensus"":-0.3534,""smart_money_n_wallets"":14}"
2026-07-12T00:00:09+00:00,WEEKLY_PRICE,2860521,"Will the price of Ethereum be between $1,700 and $1,800 on July 16?",2026-07-16T16:00:00,112.00,0.3850,0.5350,0.1500,0.1450,0.1450,BUY_YES,"weekly_between ETH spot=1788 [1700,1800] in=True",ETH,0.50,"{""spot"":1787.71,""in_range"":1,""pct_dist"":0.0,""T_h"":111.9974,""moon_phase"":0.9054,""mercury_retrogrado"":1,""horas_hasta_fomc"":426.0,""smart_money_consensus"":-0.3534,""smart_money_n_wallets"":14}"
2026-07-12T00:00:09+00:00,WEEKLY_PRICE,2860524,"Will the price of Ethereum be between $1,800 and $1,900 on July 16?",2026-07-16T16:00:00,112.00,0.3150,0.2150,-0.1000,-0.0950,0.0950,BUY_NO,"weekly_between ETH spot=1788 [1800,1900] in=False",ETH,1.91,"{""spot"":1787.71,""in_range"":0,""pct_dist"":0.6872,""T_h"":111.9974,""moon_phase"":0.9054,""mercury_retrogrado"":1,""horas_hasta_fomc"":426.0,""smart_money_consensus"":-0.3534,""smart_money_n_wallets"":14}"
2026-07-12T00:00:09+00:00,WEEKLY_PRICE,2860530,"Will the price of Ethereum be between $1,900 and $2,000 on July 16?",2026-07-16T16:00:00,112.00,0.1000,0.1000,0.0000,0.0050,0.0050,SKIP,"weekly_between ETH spot=1788 [1900,2000] in=False",ETH,0.83,"{""spot"":1787.71,""in_range"":0,""pct_dist"":6.2809,""T_h"":111.9974,""moon_phase"":0.9054,""mercury_retrogrado"":1,""horas_hasta_fomc"":426.0,""smart_money_consensus"":-0.3534,""smart_money_n_wallets"":14}"
2026-07-12T00:00:09+00:00,WEEKLY_PRICE,2860536,"Will the price of Ethereum be between $2,000 and $2,100 on July 16?",2026-07-16T16:00:00,112.00,0.0275,0.1000,0.0725,0.0675,0.0675,SKIP,"weekly_between ETH spot=1788 [2000,2100] in=False",ETH,0.83,"{""spot"":1787.71,""in_range"":0,""pct_dist"":11.8747,""T_h"":111.9974,""moon_phase"":0.9054,""mercury_retrogrado"":1,""horas_hasta_fomc"":426.0,""smart_money_consensus"":-0.3534,""smart_money_n_wallets"":14}"
2026-07-12T00:00:09+00:00,WEEKLY_PRICE,2860541,"Will the price of Ethereum be between $2,100 and $2,200 on July 16?",2026-07-16T16:00:00,112.00,0.0200,0.1000,0.0800,0.0750,0.0750,SKIP,"weekly_between ETH spot=1788 [2100,2200] in=False",ETH,0.83,"{""spot"":1787.71,""in_range"":0,""pct_dist"":17.4684,""T_h"":111.9974,""moon_phase"":0.9054,""mercury_retrogrado"":1,""horas_hasta_fomc"":426.0,""smart_money_consensus"":-0.3534,""smart_money_n_wallets"":14}"
2026-07-12T00:00:09+00:00,PRICE_TARGET_GBM,2860579,Will the price of Solana be above $40 on July 16?,2026-07-16T16:00:00,112.00,0.9805,0.9500,-0.0305,-0.0255,-0.0255,SKIP,price_target_gbm SOL atexpiry K=40 spot=76.73 (+91.8%vsK) sigma_h=0.0115 T=112.0h p_yes=1.000,SOL#atexpiry,0.50,"{""pct_vs_K"":91.825,""sigma_h"":0.011467,""T_h"":111.9974,""log_ratio"":0.651413,""moon_phase"":0.9054,""mercury_retrogrado"":1,""horas_hasta_fomc"":426.0,""smart_money_consensus"":0.0398,""smart_money_n_wallets"":13}"
2026-07-12T00:00:09+00:00,PRICE_TARGET_GBM,2860583,Will the price of Solana be above $50 on July 16?,2026-07-16T16:00:00,112.00,0.9805,0.9500,-0.0305,-0.0255,-0.0255,SKIP,price_target_gbm SOL atexpiry K=50 spot=76.73 (+53.5%vsK) sigma_h=0.0115 T=112.0h p_yes=1.000,SOL#atexpiry,0.50,"{""pct_vs_K"":53.46,""sigma_h"":0.011467,""T_h"":111.9974,""log_ratio"":0.42827,""moon_phase"":0.9054,""mercury_retrogrado"":1,""horas_hasta_fomc"":426.0,""smart_money_consensus"":0.0398,""smart_money_n_wallets"":13}"
2026-07-12T00:00:09+00:00,PRICE_TARGET_GBM,2860588,Will the price of Solana be above $60 on July 16?,2026-07-16T16:00:00,112.00,0.9805,0.9500,-0.0305,-0.0255,-0.0255,SKIP,price_target_gbm SOL atexpiry K=60 spot=76.73 (+27.9%vsK) sigma_h=0.0115 T=112.0h p_yes=0.979,SOL#atexpiry,0.50,"{""pct_vs_K"":27.8833,""sigma_h"":0.011467,""T_h"":111.9974,""log_ratio"":0.245948,""moon_phase"":0.9054,""mercury_retrogrado"":1,""horas_hasta_fomc"":426.0,""smart_money_consensus"":0.0398,""smart_money_n_wallets"":13}"
2026-07-12T00:00:09+00:00,WEEKLY_PRICE,2860589,Will the price of Solana be between $30 and $40 on July 16?,2026-07-16T16:00:00,112.00,0.0195,0.0600,0.0405,0.0355,0.0355,SKIP,"weekly_between SOL spot=77 [30,40] in=False",SOL,0.90,"{""spot"":76.73,""in_range"":0,""pct_dist"":47.8692,""T_h"":111.9974,""moon_phase"":0.9054,""mercury_retrogrado"":1,""horas_hasta_fomc"":426.0,""smart_money_consensus"":0.0398,""smart_money_n_wallets"":13}"
2026-07-12T00:00:09+00:00,PRICE_TARGET_GBM,2860590,Will the price of Solana be above $70 on July 16?,2026-07-16T16:00:00,112.00,0.9400,0.7753,-0.1647,-0.1597,-0.1597,SKIP,price_target_gbm SOL atexpiry K=70 spot=76.73 (+9.6%vsK) sigma_h=0.0115 T=112.0h p_yes=0.775,SOL#atexpiry,0.50,"{""pct_vs_K"":9.6143,""sigma_h"":0.011467,""T_h"":111.9974,""log_ratio"":0.091798,""moon_phase"":0.9054,""mercury_retrogrado"":1,""horas_hasta_fomc"":426.0,""smart_money_consensus"":0.0398,""smart_money_n_wallets"":13}"
2026-07-12T00:00:09+00:00,WEEKLY_PRICE,2860592,Will the price of Solana be between $40 and $50 on July 16?,2026-07-16T16:00:00,112.00,0.0195,0.0600,0.0405,0.0355,0.0355,SKIP,"weekly_between SOL spot=77 [40,50] in=False",SOL,0.90,"{""spot"":76.73,""in_range"":0,""pct_dist"":34.8364,""T_h"":111.9974,""moon_phase"":0.9054,""mercury_retrogrado"":1,""horas_hasta_fomc"":426.0,""smart_money_consensus"":0.0398,""smart_money_n_wallets"":13}"
2026-07-12T00:00:09+00:00,PRICE_TARGET_GBM,2860593,Will the price of Solana be above $80 on July 16?,2026-07-16T16:00:00,112.00,0.2400,0.3655,0.1255,0.1205,0.1205,SKIP,price_target_gbm SOL atexpiry K=80 spot=76.73 (-4.1%vsK) sigma_h=0.0115 T=112.0h p_yes=0.365,SOL#atexpiry,0.50,"{""pct_vs_K"":-4.0875,""sigma_h"":0.011467,""T_h"":111.9974,""log_ratio"":-0.041734,""moon_phase"":0.9054,""mercury_retrogrado"":1,""horas_hasta_fomc"":426.0,""smart_money_consensus"":0.0398,""smart_money_n_wallets"":13}"
2026-07-12T00:00:09+00:00,WEEKLY_PRICE,2860595,Will the price of Solana be between $50 and $60 on July 16?,2026-07-16T16:00:00,112.00,0.0195,0.0600,0.0405,0.0355,0.0355,SKIP,"weekly_between SOL spot=77 [50,60] in=False",SOL,0.90,"{""spot"":76.73,""in_range"":0,""pct_dist"":21.8037,""T_h"":111.9974,""moon_phase"":0.9054,""mercury_retrogrado"":1,""horas_hasta_fomc"":426.0,""smart_money_consensus"":0.0398,""smart_money_n_wallets"":13}"
2026-07-12T00:00:09+00:00,PRICE_TARGET_GBM,2860596,Will the price of Solana be above $90 on July 16?,2026-07-16T16:00:00,112.00,0.0215,0.0943,0.0728,0.0678,0.0678,SKIP,price_target_gbm SOL atexpiry K=90 spot=76.73 (-14.7%vsK) sigma_h=0.0115 T=112.0h p_yes=0.094,SOL#atexpiry,0.50,"{""pct_vs_K"":-14.7444,""sigma_h"":0.011467,""T_h"":111.9974,""log_ratio"":-0.159517,""moon_phase"":0.9054,""mercury_retrogrado"":1,""horas_hasta_fomc"":426.0,""smart_money_consensus"":0.0398,""smart_money_n_wallets"":13}"
2026-07-12T00:00:09+00:00,WEEKLY_PRICE,2860597,Will the price of Solana be between $60 and $70 on July 16?,2026-07-16T16:00:00,112.00,0.0615,0.1000,0.0385,0.0335,0.0335,SKIP,"weekly_between SOL spot=77 [60,70] in=False",SOL,0.90,"{""spot"":76.73,""in_range"":0,""pct_dist"":8.771,""T_h"":111.9974,""moon_phase"":0.9054,""mercury_retrogrado"":1,""horas_hasta_fomc"":426.0,""smart_money_consensus"":0.0398,""smart_money_n_wallets"":13}"
2026-07-12T00:00:09+00:00,PRICE_TARGET_GBM,2860598,Will the price of Solana be above $100 on July 16?,2026-07-16T16:00:00,112.00,0.0195,0.0500,0.0305,0.0255,0.0255,SKIP,price_target_gbm SOL atexpiry K=100 spot=76.73 (-23.3%vsK) sigma_h=0.0115 T=112.0h p_yes=0.015,SOL#atexpiry,0.50,"{""pct_vs_K"":-23.27,""sigma_h"":0.011467,""T_h"":111.9974,""log_ratio"":-0.264877,""moon_phase"":0.9054,""mercury_retrogrado"":1,""horas_hasta_fomc"":426.0,""smart_money_consensus"":0.0398,""smart_money_n_wallets"":13}"
2026-07-12T00:00:09+00:00,WEEKLY_PRICE,2860599,Will the price of Solana be between $70 and $80 on July 16?,2026-07-16T16:00:00,112.00,0.7000,0.8500,0.1500,0.1450,0.1450,BUY_YES,"weekly_between SOL spot=77 [70,80] in=True",SOL,0.50,"{""spot"":76.73,""in_range"":1,""pct_dist"":0.0,""T_h"":111.9974,""moon_phase"":0.9054,""mercury_retrogrado"":1,""horas_hasta_fomc"":426.0,""smart_money_consensus"":0.0398,""smart_money_n_wallets"":13}"
2026-07-12T00:00:09+00:00,PRICE_TARGET_GBM,2860600,Will the price of Solana be above $110 on July 16?,2026-07-16T16:00:00,112.00,0.0195,0.0500,0.0305,0.0255,0.0255,SKIP,price_target_gbm SOL atexpiry K=110 spot=76.73 (-30.2%vsK) sigma_h=0.0115 T=112.0h p_yes=0.001,SOL#atexpiry,0.50,"{""pct_vs_K"":-30.2455,""sigma_h"":0.011467,""T_h"":111.9974,""log_ratio"":-0.360188,""moon_phase"":0.9054,""mercury_retrogrado"":1,""horas_hasta_fomc"":426.0,""smart_money_consensus"":0.0398,""smart_money_n_wallets"":13}"
2026-07-12T00:00:09+00:00,WEEKLY_PRICE,2860603,Will the price of Solana be between $80 and $90 on July 16?,2026-07-16T16:00:00,112.00,0.2350,0.1350,-0.1000,-0.0950,0.0950,BUY_NO,"weekly_between SOL spot=77 [80,90] in=False",SOL,2.00,"{""spot"":76.73,""in_range"":0,""pct_dist"":4.2617,""T_h"":111.9974,""moon_phase"":0.9054,""mercury_retrogrado"":1,""horas_hasta_fomc"":426.0,""smart_money_consensus"":0.0398,""smart_money_n_wallets"":13}"
2026-07-12T00:00:09+00:00,PRICE_TARGET_GBM,2860604,Will the price of Solana be above $120 on July 16?,2026-07-16T16:00:00,112.00,0.0195,0.0500,0.0305,0.0255,0.0255,SKIP,price_target_gbm SOL atexpiry K=120 spot=76.73 (-36.1%vsK) sigma_h=0.0115 T=112.0h p_yes=0.000,SOL#atexpiry,0.50,"{""pct_vs_K"":-36.0583,""sigma_h"":0.011467,""T_h"":111.9974,""log_ratio"":-0.447199,""moon_phase"":0.9054,""mercury_retrogrado"":1,""horas_hasta_fomc"":426.0,""smart_money_consensus"":0.0398,""smart_money_n_wallets"":13}"
2026-07-12T00:00:09+00:00,WEEKLY_PRICE,2860607,Will the price of Solana be between $90 and $100 on July 16?,2026-07-16T16:00:00,112.00,0.0215,0.1000,0.0785,0.0735,0.0735,SKIP,"weekly_between SOL spot=77 [90,100] in=False",SOL,0.90,"{""spot"":76.73,""in_range"":0,""pct_dist"":17.2944,""T_h"":111.9974,""moon_phase"":0.9054,""mercury_retrogrado"":1,""horas_hasta_fomc"":426.0,""smart_money_consensus"":0.0398,""smart_money_n_wallets"":13}"
2026-07-12T00:00:09+00:00,WEEKLY_PRICE,2860611,Will the price of Solana be between $100 and $110 on July 16?,2026-07-16T16:00:00,112.00,0.0195,0.0600,0.0405,0.0355,0.0355,SKIP,"weekly_between SOL spot=77 [100,110] in=False",SOL,0.90,"{""spot"":76.73,""in_range"":0,""pct_dist"":30.3271,""T_h"":111.9974,""moon_phase"":0.9054,""mercury_retrogrado"":1,""horas_hasta_fomc"":426.0,""smart_money_consensus"":0.0398,""smart_money_n_wallets"":13}"
2026-07-12T00:00:09+00:00,WEEKLY_PRICE,2860612,Will the price of Solana be between $110 and $120 on July 16?,2026-07-16T16:00:00,112.00,0.0195,0.0600,0.0405,0.0355,0.0355,SKIP,"weekly_between SOL spot=77 [110,120] in=False",SOL,0.90,"{""spot"":76.73,""in_range"":0,""pct_dist"":43.3598,""T_h"":111.9974,""moon_phase"":0.9054,""mercury_retrogrado"":1,""horas_hasta_fomc"":426.0,""smart_money_consensus"":0.0398,""smart_money_n_wallets"":13}"
2026-07-12T00:00:09+00:00,UPDOWN_GBM,2865180,"Bitcoin Up or Down - July 11, 8PM ET",2026-07-12T01:00:00,1.00,0.5250,0.5199,-0.0051,-0.0001,-0.0001,SKIP,updown_gbm BTC 60min ref=6.379e+04 spot=6.382e+04 (+0.05%) sigma_h=0.0056 T=1.00h p_up=0.520 mu_h=-0.0003,BTC#60min,0.50,"{""pct_spot_vs_ref"":0.0547,""sigma_h"":0.005623,""T_h"":0.9974,""hora_utc"":0,""drift_15min"":-0.5397,""drift_60min"":-0.5341,""delta_ratio_macro"":0.1502,""cross_window_spread"":0.0167,""ibs_15"":0.0475,""dist_vwap_pct"":0.0052,""funding_rate_8h"":0.00479,""logit_edge"":-0.0203,""moon_phase"":0.9054,""mercury_retrogrado"":1,""horas_hasta_fomc"":426.0,""smart_money_consensus"":-0.1163,""smart_money_n_wallets"":1}"
2026-07-12T00:00:09+00:00,UPDOWN_GBM,2865181,"Ethereum Up or Down - July 11, 8PM ET",2026-07-12T01:00:00,1.00,0.5550,0.4867,-0.0683,-0.0633,-0.0633,SKIP,updown_gbm ETH 60min ref=1788 spot=1788 (+0.03%) sigma_h=0.0103 T=1.00h p_up=0.487 mu_h=-0.0007,ETH#60min,0.50,"{""pct_spot_vs_ref"":0.0316,""sigma_h"":0.010309,""T_h"":0.9974,""hora_utc"":0,""drift_15min"":-0.2013,""drift_60min"":-1.3206,""delta_ratio_macro"":-0.0962,""cross_window_spread"":0.0494,""ibs_15"":0.1972,""dist_vwap_pct"":0.0283,""funding_rate_8h"":0.00102,""logit_edge"":-0.274,""moon_phase"":0.9054,""mercury_retrogrado"":1,""horas_hasta_fomc"":426.0,""smart_money_consensus"":-0.3534,""smart_money_n_wallets"":14}"
2026-07-12T00:00:09+00:00,FAVORITO_CONFIRMADO,2865181,"Ethereum Up or Down - July 11, 8PM ET",2026-07-12T01:00:00,1.00,0.5550,0.6150,0.0600,0.0550,0.0550,BUY_YES,"favorito_confirmado ETH py=0.555 lado=YES (momentum-consenso, model-free)",ETH#60min,2.00,"{""py_entrada"":0.555,""restante_min"":59.79,""hora_utc"":0,""libro_spread"":0.01,""libro_liquidez"":5585.2315,""moon_phase"":0.9054,""mercury_retrogrado"":1,""horas_hasta_fomc"":426.0,""smart_money_consensus"":-0.3534,""smart_money_n_wallets"":14}"
2026-07-12T00:00:09+00:00,UPDOWN_GBM,2871240,Bitcoin Up or Down on July 12?,2026-07-12T16:00:00,16.00,0.3350,0.3222,-0.0128,-0.0078,-0.0078,SKIP,updown_gbm BTC daily ref=6.379e+04 spot=6.382e+04 (+0.05%) sigma_h=0.0043 T=16.00h p_up=0.322 mu_h=-0.0005,BTC#daily,0.50,"{""pct_spot_vs_ref"":0.0547,""sigma_h"":0.004332,""T_h"":15.9974,""hora_utc"":0,""drift_15min"":-0.5397,""drift_60min"":-0.5341,""delta_ratio_macro"":0.1502,""ibs_15"":0.0475,""dist_vwap_pct"":0.0052,""funding_rate_8h"":0.00479,""logit_edge"":-0.0581,""moon_phase"":0.9054,""mercury_retrogrado"":1,""horas_hasta_fomc"":426.0,""smart_money_consensus"":-0.1163,""smart_money_n_wallets"":1}"
2026-07-12T00:00:09+00:00,PRICE_TARGET_GBM,2871243,"Will the price of Ethereum be above $1,300 on July 17?",2026-07-17T16:00:00,136.00,0.9885,0.9500,-0.0385,-0.0335,-0.0335,SKIP,price_target_gbm ETH atexpiry K=1300 spot=1788.3 (+37.6%vsK) sigma_h=0.0077 T=136.0h p_yes=1.000,ETH#atexpiry,0.50,"{""pct_vs_K"":37.56,""sigma_h"":0.007658,""T_h"":135.9974,""log_ratio"":0.31889,""moon_phase"":0.9054,""mercury_retrogrado"":1,""horas_hasta_fomc"":426.0,""smart_money_consensus"":-0.3534,""smart_money_n_wallets"":14}"
2026-07-12T00:00:09+00:00,PRICE_TARGET_GBM,2871245,"Will the price of Ethereum be above $1,400 on July 17?",2026-07-17T16:00:00,136.00,0.9880,0.9500,-0.0380,-0.0330,-0.0330,SKIP,price_target_gbm ETH atexpiry K=1400 spot=1788.3 (+27.7%vsK) sigma_h=0.0077 T=136.0h p_yes=0.997,ETH#atexpiry,0.50,"{""pct_vs_K"":27.7343,""sigma_h"":0.007658,""T_h"":135.9974,""log_ratio"":0.244782,""moon_phase"":0.9054,""mercury_retrogrado"":1,""horas_hasta_fomc"":426.0,""smart_money_consensus"":-0.3534,""smart_money_n_wallets"":14}"
2026-07-12T00:00:09+00:00,PRICE_TARGET_GBM,2871246,"Will the price of Ethereum be above $1,500 on July 17?",2026-07-17T16:00:00,136.00,0.9785,0.9500,-0.0285,-0.0235,-0.0235,SKIP,price_target_gbm ETH atexpiry K=1500 spot=1788.3 (+19.2%vsK) sigma_h=0.0077 T=136.0h p_yes=0.975,ETH#atexpiry,0.50,"{""pct_vs_K"":19.2187,""sigma_h"":0.007658,""T_h"":135.9974,""log_ratio"":0.175789,""moon_phase"":0.9054,""mercury_retrogrado"":1,""horas_hasta_fomc"":426.0,""smart_money_consensus"":-0.3534,""smart_money_n_wallets"":14}"
2026-07-12T00:00:09+00:00,WEEKLY_PRICE,2871247,"Will the price of Bitcoin be between $58,000 and $60,000 on July 17?",2026-07-17T16:00:00,136.00,0.0605,0.1000,0.0395,0.0345,0.0345,SKIP,"weekly_between BTC spot=63785 [58000,60000] in=False",BTC,0.50,"{""spot"":63785.01,""in_range"":0,""pct_dist"":5.934,""T_h"":135.9974,""moon_phase"":0.9054,""mercury_retrogrado"":1,""horas_hasta_fomc"":426.0,""smart_money_consensus"":-0.1163,""smart_money_n_wallets"":1}"
2026-07-12T00:00:09+00:00,WEEKLY_PRICE,2871248,"Will the price of Bitcoin be between $60,000 and $62,000 on July 17?",2026-07-17T16:00:00,136.00,0.1150,0.1000,-0.0150,-0.0100,-0.0100,SKIP,"weekly_between BTC spot=63785 [60000,62000] in=False",BTC,0.50,"{""spot"":63785.01,""in_range"":0,""pct_dist"":2.7985,""T_h"":135.9974,""moon_phase"":0.9054,""mercury_retrogrado"":1,""horas_hasta_fomc"":426.0,""smart_money_consensus"":-0.1163,""smart_money_n_wallets"":1}"
2026-07-12T00:00:09+00:00,PRICE_TARGET_GBM,2871249,"Will the price of Ethereum be above $1,600 on July 17?",2026-07-17T16:00:00,136.00,0.9525,0.8936,-0.0589,-0.0539,-0.0539,SKIP,price_target_gbm ETH atexpiry K=1600 spot=1788.3 (+11.8%vsK) sigma_h=0.0077 T=136.0h p_yes=0.894,ETH#atexpiry,0.50,"{""pct_vs_K"":11.7675,""sigma_h"":0.007658,""T_h"":135.9974,""log_ratio"":0.111251,""moon_phase"":0.9054,""mercury_retrogrado"":1,""horas_hasta_fomc"":426.0,""smart_money_consensus"":-0.3534,""smart_money_n_wallets"":14}"
2026-07-12T00:00:09+00:00,WEEKLY_PRICE,2871250,"Will the price of Bitcoin be between $62,000 and $64,000 on July 17?",2026-07-17T16:00:00,136.00,0.2750,0.4250,0.1500,0.1450,0.1450,BUY_YES,"weekly_between BTC spot=63785 [62000,64000] in=True",BTC,0.50,"{""spot"":63785.01,""in_range"":1,""pct_dist"":0.0,""T_h"":135.9974,""moon_phase"":0.9054,""mercury_retrogrado"":1,""horas_hasta_fomc"":426.0,""smart_money_consensus"":-0.1163,""smart_money_n_wallets"":1}"
2026-07-12T00:00:09+00:00,PRICE_TARGET_GBM,2871251,"Will the price of Ethereum be above $1,700 on July 17?",2026-07-17T16:00:00,136.00,0.8200,0.7146,-0.1054,-0.1004,0.1004,BUY_NO,price_target_gbm ETH atexpiry K=1700 spot=1788.3 (+5.2%vsK) sigma_h=0.0077 T=136.0h p_yes=0.715,ETH#atexpiry,0.50,"{""pct_vs_K"":5.1929,""sigma_h"":0.007658,""T_h"":135.9974,""log_ratio"":0.050626,""moon_phase"":0.9054,""mercury_retrogrado"":1,""horas_hasta_fomc"":426.0,""smart_money_consensus"":-0.3534,""smart_money_n_wallets"":14}"
2026-07-12T00:00:09+00:00,PRICE_TARGET_GBM,2871252,"Will the price of Ethereum be above $1,800 on July 17?",2026-07-17T16:00:00,136.00,0.4650,0.4708,0.0058,0.0008,0.0008,SKIP,price_target_gbm ETH atexpiry K=1800 spot=1788.3 (-0.7%vsK) sigma_h=0.0077 T=136.0h p_yes=0.471,ETH#atexpiry,0.50,"{""pct_vs_K"":-0.6511,""sigma_h"":0.007658,""T_h"":135.9974,""log_ratio"":-0.006532,""moon_phase"":0.9054,""mercury_retrogrado"":1,""horas_hasta_fomc"":426.0,""smart_money_consensus"":-0.3534,""smart_money_n_wallets"":14}"
2026-07-12T00:00:09+00:00,WEEKLY_PRICE,2871253,"Will the price of Bitcoin be between $64,000 and $66,000 on July 17?",2026-07-17T16:00:00,136.00,0.2650,0.1650,-0.1000,-0.0950,0.0950,BUY_NO,"weekly_between BTC spot=63785 [64000,66000] in=False",BTC,1.74,"{""spot"":63785.01,""in_range"":0,""pct_dist"":0.337,""T_h"":135.9974,""moon_phase"":0.9054,""mercury_retrogrado"":1,""horas_hasta_fomc"":426.0,""smart_money_consensus"":-0.1163,""smart_money_n_wallets"":1}"
2026-07-12T00:00:09+00:00,PRICE_TARGET_GBM,2871256,"Will the price of Ethereum be above $1,900 on July 17?",2026-07-17T16:00:00,136.00,0.1400,0.2487,0.1087,0.1037,0.1037,SKIP,price_target_gbm ETH atexpiry K=1900 spot=1788.3 (-5.9%vsK) sigma_h=0.0077 T=136.0h p_yes=0.249,ETH#atexpiry,0.50,"{""pct_vs_K"":-5.88,""sigma_h"":0.007658,""T_h"":135.9974,""log_ratio"":-0.0606,""moon_phase"":0.9054,""mercury_retrogrado"":1,""horas_hasta_fomc"":426.0,""smart_money_consensus"":-0.3534,""smart_money_n_wallets"":14}"
2026-07-12T00:00:09+00:00,WEEKLY_PRICE,2871258,"Will the price of Bitcoin be between $66,000 and $68,000 on July 17?",2026-07-17T16:00:00,136.00,0.1450,0.1000,-0.0450,-0.0400,0.0400,BUY_NO,"weekly_between BTC spot=63785 [66000,68000] in=False",BTC,1.91,"{""spot"":63785.01,""in_range"":0,""pct_dist"":3.4726,""T_h"":135.9974,""moon_phase"":0.9054,""mercury_retrogrado"":1,""horas_hasta_fomc"":426.0,""smart_money_consensus"":-0.1163,""smart_money_n_wallets"":1}"
2026-07-12T00:00:09+00:00,WEEKLY_PRICE,2871263,"Will the price of Bitcoin be between $68,000 and $70,000 on July 17?",2026-07-17T16:00:00,136.00,0.0485,0.1000,0.0515,0.0465,0.0465,SKIP,"weekly_between BTC spot=63785 [68000,70000] in=False",BTC,0.50,"{""spot"":63785.01,""in_range"":0,""pct_dist"":6.6081,""T_h"":135.9974,""moon_phase"":0.9054,""mercury_retrogrado"":1,""horas_hasta_fomc"":426.0,""smart_money_consensus"":-0.1163,""smart_money_n_wallets"":1}"
2026-07-12T00:00:09+00:00,PRICE_TARGET_GBM,2871265,"Will the price of Ethereum be above $2,000 on July 17?",2026-07-17T16:00:00,136.00,0.0350,0.1051,0.0701,0.0651,0.0651,SKIP,price_target_gbm ETH atexpiry K=2000 spot=1788.3 (-10.6%vsK) sigma_h=0.0077 T=136.0h p_yes=0.105,ETH#atexpiry,0.50,"{""pct_vs_K"":-10.586,""sigma_h"":0.007658,""T_h"":135.9974,""log_ratio"":-0.111893,""moon_phase"":0.9054,""mercury_retrogrado"":1,""horas_hasta_fomc"":426.0,""smart_money_consensus"":-0.3534,""smart_money_n_wallets"":14}"
2026-07-12T00:00:09+00:00,WEEKLY_PRICE,2871268,"Will the price of Bitcoin be between $70,000 and $72,000 on July 17?",2026-07-17T16:00:00,136.00,0.0105,0.1000,0.0895,0.0845,0.0845,SKIP,"weekly_between BTC spot=63785 [70000,72000] in=False",BTC,0.50,"{""spot"":63785.01,""in_range"":0,""pct_dist"":9.7436,""T_h"":135.9974,""moon_phase"":0.9054,""mercury_retrogrado"":1,""horas_hasta_fomc"":426.0,""smart_money_consensus"":-0.1163,""smart_money_n_wallets"":1}"
2026-07-12T00:00:09+00:00,PRICE_TARGET_GBM,2871269,"Will the price of Ethereum be above $2,100 on July 17?",2026-07-17T16:00:00,136.00,0.0190,0.0500,0.0310,0.0260,0.0260,SKIP,price_target_gbm ETH atexpiry K=2100 spot=1788.3 (-14.8%vsK) sigma_h=0.0077 T=136.0h p_yes=0.036,ETH#atexpiry,0.50,"{""pct_vs_K"":-14.8438,""sigma_h"":0.007658,""T_h"":135.9974,""log_ratio"":-0.160683,""moon_phase"":0.9054,""mercury_retrogrado"":1,""horas_hasta_fomc"":426.0,""smart_money_consensus"":-0.3534,""smart_money_n_wallets"":14}"
2026-07-12T00:00:09+00:00,PRICE_TARGET_GBM,2871270,"Will the price of Ethereum be above $2,200 on July 17?",2026-07-17T16:00:00,136.00,0.0120,0.0500,0.0380,0.0330,0.0330,SKIP,price_target_gbm ETH atexpiry K=2200 spot=1788.3 (-18.7%vsK) sigma_h=0.0077 T=136.0h p_yes=0.010,ETH#atexpiry,0.50,"{""pct_vs_K"":-18.7145,""sigma_h"":0.007658,""T_h"":135.9974,""log_ratio"":-0.207203,""moon_phase"":0.9054,""mercury_retrogrado"":1,""horas_hasta_fomc"":426.0,""smart_money_consensus"":-0.3534,""smart_money_n_wallets"":14}"
2026-07-12T00:00:09+00:00,WEEKLY_PRICE,2871313,"Will the price of Ethereum be between $1,300 and $1,400 on July 17?",2026-07-17T16:00:00,136.00,0.2000,0.0600,-0.1400,-0.1350,0.1350,BUY_NO,"weekly_between ETH spot=1788 [1300,1400] in=False",ETH,1.91,"{""spot"":1787.71,""in_range"":0,""pct_dist"":21.6877,""T_h"":135.9974,""moon_phase"":0.9054,""mercury_retrogrado"":1,""horas_hasta_fomc"":426.0,""smart_money_consensus"":-0.3534,""smart_money_n_wallets"":14}"
2026-07-12T00:00:09+00:00,WEEKLY_PRICE,2871317,"Will the price of Ethereum be between $1,400 and $1,500 on July 17?",2026-07-17T16:00:00,136.00,0.2000,0.1000,-0.1000,-0.0950,0.0950,BUY_NO,"weekly_between ETH spot=1788 [1400,1500] in=False",ETH,1.91,"{""spot"":1787.71,""in_range"":0,""pct_dist"":16.094,""T_h"":135.9974,""moon_phase"":0.9054,""mercury_retrogrado"":1,""horas_hasta_fomc"":426.0,""smart_money_consensus"":-0.3534,""smart_money_n_wallets"":14}"
2026-07-12T00:00:09+00:00,WEEKLY_PRICE,2871321,"Will the price of Ethereum be between $1,500 and $1,600 on July 17?",2026-07-17T16:00:00,136.00,0.0600,0.1000,0.0400,0.0350,0.0350,SKIP,"weekly_between ETH spot=1788 [1500,1600] in=False",ETH,0.83,"{""spot"":1787.71,""in_range"":0,""pct_dist"":10.5003,""T_h"":135.9974,""moon_phase"":0.9054,""mercury_retrogrado"":1,""horas_hasta_fomc"":426.0,""smart_money_consensus"":-0.3534,""smart_money_n_wallets"":14}"
2026-07-12T00:00:09+00:00,WEEKLY_PRICE,2871324,"Will the price of Ethereum be between $1,600 and $1,700 on July 17?",2026-07-17T16:00:00,136.00,0.1350,0.1000,-0.0350,-0.0300,0.0300,BUY_NO,"weekly_between ETH spot=1788 [1600,1700] in=False",ETH,2.00,"{""spot"":1787.71,""in_range"":0,""pct_dist"":4.9065,""T_h"":135.9974,""moon_phase"":0.9054,""mercury_retrogrado"":1,""horas_hasta_fomc"":426.0,""smart_money_consensus"":-0.3534,""smart_money_n_wallets"":14}"
2026-07-12T00:00:09+00:00,WEEKLY_PRICE,2871328,"Will the price of Ethereum be between $1,700 and $1,800 on July 17?",2026-07-17T16:00:00,136.00,0.1750,0.3250,0.1500,0.1450,0.1450,BUY_YES,"weekly_between ETH spot=1788 [1700,1800] in=True",ETH,0.50,"{""spot"":1787.71,""in_range"":1,""pct_dist"":0.0,""T_h"":135.9974,""moon_phase"":0.9054,""mercury_retrogrado"":1,""horas_hasta_fomc"":426.0,""smart_money_consensus"":-0.3534,""smart_money_n_wallets"":14}"
2026-07-12T00:00:09+00:00,WEEKLY_PRICE,2871333,"Will the price of Ethereum be between $1,800 and $1,900 on July 17?",2026-07-17T16:00:00,136.00,0.2900,0.1900,-0.1000,-0.0950,0.0950,BUY_NO,"weekly_between ETH spot=1788 [1800,1900] in=False",ETH,1.91,"{""spot"":1787.71,""in_range"":0,""pct_dist"":0.6872,""T_h"":135.9974,""moon_phase"":0.9054,""mercury_retrogrado"":1,""horas_hasta_fomc"":426.0,""smart_money_consensus"":-0.3534,""smart_money_n_wallets"":14}"
2026-07-12T00:00:09+00:00,WEEKLY_PRICE,2871337,"Will the price of Ethereum be between $1,900 and $2,000 on July 17?",2026-07-17T16:00:00,136.00,0.1200,0.1000,-0.0200,-0.0150,-0.0150,SKIP,"weekly_between ETH spot=1788 [1900,2000] in=False",ETH,0.83,"{""spot"":1787.71,""in_range"":0,""pct_dist"":6.2809,""T_h"":135.9974,""moon_phase"":0.9054,""mercury_retrogrado"":1,""horas_hasta_fomc"":426.0,""smart_money_consensus"":-0.3534,""smart_money_n_wallets"":14}"
2026-07-12T00:00:09+00:00,WEEKLY_PRICE,2871339,"Will the price of Ethereum be between $2,000 and $2,100 on July 17?",2026-07-17T16:00:00,136.00,0.0650,0.1000,0.0350,0.0300,0.0300,SKIP,"weekly_between ETH spot=1788 [2000,2100] in=False",ETH,0.83,"{""spot"":1787.71,""in_range"":0,""pct_dist"":11.8747,""T_h"":135.9974,""moon_phase"":0.9054,""mercury_retrogrado"":1,""horas_hasta_fomc"":426.0,""smart_money_consensus"":-0.3534,""smart_money_n_wallets"":14}"
2026-07-12T00:00:09+00:00,WEEKLY_PRICE,2871343,"Will the price of Ethereum be between $2,100 and $2,200 on July 17?",2026-07-17T16:00:00,136.00,0.0550,0.1000,0.0450,0.0400,0.0400,SKIP,"weekly_between ETH spot=1788 [2100,2200] in=False",ETH,0.83,"{""spot"":1787.71,""in_range"":0,""pct_dist"":17.4684,""T_h"":135.9974,""moon_phase"":0.9054,""mercury_retrogrado"":1,""horas_hasta_fomc"":426.0,""smart_money_consensus"":-0.3534,""smart_money_n_wallets"":14}"
2026-07-12T00:00:09+00:00,PRICE_TARGET_GBM,2871372,Will the price of Solana be above $40 on July 17?,2026-07-17T16:00:00,136.00,0.9825,0.9500,-0.0325,-0.0275,-0.0275,SKIP,price_target_gbm SOL atexpiry K=40 spot=76.73 (+91.8%vsK) sigma_h=0.0117 T=136.0h p_yes=1.000,SOL#atexpiry,0.50,"{""pct_vs_K"":91.825,""sigma_h"":0.011675,""T_h"":135.9974,""log_ratio"":0.651413,""moon_phase"":0.9054,""mercury_retrogrado"":1,""horas_hasta_fomc"":426.0,""smart_money_consensus"":0.0398,""smart_money_n_wallets"":13}"
2026-07-12T00:00:09+00:00,PRICE_TARGET_GBM,2871373,Will the price of Solana be above $50 on July 17?,2026-07-17T16:00:00,136.00,0.9825,0.9500,-0.0325,-0.0275,-0.0275,SKIP,price_target_gbm SOL atexpiry K=50 spot=76.73 (+53.5%vsK) sigma_h=0.0117 T=136.0h p_yes=0.999,SOL#atexpiry,0.50,"{""pct_vs_K"":53.46,""sigma_h"":0.011675,""T_h"":135.9974,""log_ratio"":0.42827,""moon_phase"":0.9054,""mercury_retrogrado"":1,""horas_hasta_fomc"":426.0,""smart_money_consensus"":0.0398,""smart_money_n_wallets"":13}"
2026-07-12T00:00:09+00:00,PRICE_TARGET_GBM,2871374,Will the price of Solana be above $60 on July 17?,2026-07-17T16:00:00,136.00,0.9810,0.9500,-0.0310,-0.0260,-0.0260,SKIP,price_target_gbm SOL atexpiry K=60 spot=76.73 (+27.9%vsK) sigma_h=0.0117 T=136.0h p_yes=0.965,SOL#atexpiry,0.50,"{""pct_vs_K"":27.8833,""sigma_h"":0.011675,""T_h"":135.9974,""log_ratio"":0.245948,""moon_phase"":0.9054,""mercury_retrogrado"":1,""horas_hasta_fomc"":426.0,""smart_money_consensus"":0.0398,""smart_money_n_wallets"":13}"
2026-07-12T00:00:09+00:00,WEEKLY_PRICE,2871382,Will the price of Solana be between $30 and $40 on July 17?,2026-07-17T16:00:00,136.00,0.5000,0.3000,-0.2000,-0.1950,0.1950,BUY_NO,"weekly_between SOL spot=77 [30,40] in=False",SOL,2.00,"{""spot"":76.73,""in_range"":0,""pct_dist"":47.8692,""T_h"":135.9974,""moon_phase"":0.9054,""mercury_retrogrado"":1,""horas_hasta_fomc"":426.0,""smart_money_consensus"":0.0398,""smart_money_n_wallets"":13}"
2026-07-12T00:00:09+00:00,PRICE_TARGET_GBM,2871383,Will the price of Solana be above $90 on July 17?,2026-07-17T16:00:00,136.00,0.0325,0.1207,0.0882,0.0832,0.0832,SKIP,price_target_gbm SOL atexpiry K=90 spot=76.73 (-14.7%vsK) sigma_h=0.0117 T=136.0h p_yes=0.121,SOL#atexpiry,0.50,"{""pct_vs_K"":-14.7444,""sigma_h"":0.011675,""T_h"":135.9974,""log_ratio"":-0.159517,""moon_phase"":0.9054,""mercury_retrogrado"":1,""horas_hasta_fomc"":426.0,""smart_money_consensus"":0.0398,""smart_money_n_wallets"":13}"
2026-07-12T00:00:09+00:00,WEEKLY_PRICE,2871384,Will the price of Solana be between $40 and $50 on July 17?,2026-07-17T16:00:00,136.00,0.4900,0.2900,-0.2000,-0.1950,0.1950,BUY_NO,"weekly_between SOL spot=77 [40,50] in=False",SOL,2.00,"{""spot"":76.73,""in_range"":0,""pct_dist"":34.8364,""T_h"":135.9974,""moon_phase"":0.9054,""mercury_retrogrado"":1,""horas_hasta_fomc"":426.0,""smart_money_consensus"":0.0398,""smart_money_n_wallets"":13}"
2026-07-12T00:00:09+00:00,PRICE_TARGET_GBM,2871385,Will the price of Solana be above $100 on July 17?,2026-07-17T16:00:00,136.00,0.0195,0.0500,0.0305,0.0255,0.0255,SKIP,price_target_gbm SOL atexpiry K=100 spot=76.73 (-23.3%vsK) sigma_h=0.0117 T=136.0h p_yes=0.026,SOL#atexpiry,0.50,"{""pct_vs_K"":-23.27,""sigma_h"":0.011675,""T_h"":135.9974,""log_ratio"":-0.264877,""moon_phase"":0.9054,""mercury_retrogrado"":1,""horas_hasta_fomc"":426.0,""smart_money_consensus"":0.0398,""smart_money_n_wallets"":13}"
2026-07-12T00:00:09+00:00,WEEKLY_PRICE,2871386,Will the price of Solana be between $50 and $60 on July 17?,2026-07-17T16:00:00,136.00,0.5000,0.3000,-0.2000,-0.1950,0.1950,BUY_NO,"weekly_between SOL spot=77 [50,60] in=False",SOL,2.00,"{""spot"":76.73,""in_range"":0,""pct_dist"":21.8037,""T_h"":135.9974,""moon_phase"":0.9054,""mercury_retrogrado"":1,""horas_hasta_fomc"":426.0,""smart_money_consensus"":0.0398,""smart_money_n_wallets"":13}"
2026-07-12T00:00:09+00:00,WEEKLY_PRICE,2871390,Will the price of Solana be between $60 and $70 on July 17?,2026-07-17T16:00:00,136.00,0.4900,0.3900,-0.1000,-0.0950,0.0950,BUY_NO,"weekly_between SOL spot=77 [60,70] in=False",SOL,2.00,"{""spot"":76.73,""in_range"":0,""pct_dist"":8.771,""T_h"":135.9974,""moon_phase"":0.9054,""mercury_retrogrado"":1,""horas_hasta_fomc"":426.0,""smart_money_consensus"":0.0398,""smart_money_n_wallets"":13}"
2026-07-12T00:00:09+00:00,PRICE_TARGET_GBM,2871391,Will the price of Solana be above $120 on July 17?,2026-07-17T16:00:00,136.00,0.0175,0.0500,0.0325,0.0275,0.0275,SKIP,price_target_gbm SOL atexpiry K=120 spot=76.73 (-36.1%vsK) sigma_h=0.0117 T=136.0h p_yes=0.001,SOL#atexpiry,0.50,"{""pct_vs_K"":-36.0583,""sigma_h"":0.011675,""T_h"":135.9974,""log_ratio"":-0.447199,""moon_phase"":0.9054,""mercury_retrogrado"":1,""horas_hasta_fomc"":426.0,""smart_money_consensus"":0.0398,""smart_money_n_wallets"":13}"
2026-07-12T00:00:09+00:00,WEEKLY_PRICE,2871393,Will the price of Solana be between $70 and $80 on July 17?,2026-07-17T16:00:00,136.00,0.4700,0.6200,0.1500,0.1450,0.1450,BUY_YES,"weekly_between SOL spot=77 [70,80] in=True",SOL,0.50,"{""spot"":76.73,""in_range"":1,""pct_dist"":0.0,""T_h"":135.9974,""moon_phase"":0.9054,""mercury_retrogrado"":1,""horas_hasta_fomc"":426.0,""smart_money_consensus"":0.0398,""smart_money_n_wallets"":13}"
2026-07-12T00:00:09+00:00,PRICE_TARGET_GBM,2871394,Will the price of Solana be above $130 on July 17?,2026-07-17T16:00:00,136.00,0.0175,0.0500,0.0325,0.0275,0.0275,SKIP,price_target_gbm SOL atexpiry K=130 spot=76.73 (-41.0%vsK) sigma_h=0.0117 T=136.0h p_yes=0.000,SOL#atexpiry,0.50,"{""pct_vs_K"":-40.9769,""sigma_h"":0.011675,""T_h"":135.9974,""log_ratio"":-0.527242,""moon_phase"":0.9054,""mercury_retrogrado"":1,""horas_hasta_fomc"":426.0,""smart_money_consensus"":0.0398,""smart_money_n_wallets"":13}"
2026-07-12T00:00:09+00:00,WEEKLY_PRICE,2871395,Will the price of Solana be between $80 and $90 on July 17?,2026-07-17T16:00:00,136.00,0.4900,0.3900,-0.1000,-0.0950,0.0950,BUY_NO,"weekly_between SOL spot=77 [80,90] in=False",SOL,2.00,"{""spot"":76.73,""in_range"":0,""pct_dist"":4.2617,""T_h"":135.9974,""moon_phase"":0.9054,""mercury_retrogrado"":1,""horas_hasta_fomc"":426.0,""smart_money_consensus"":0.0398,""smart_money_n_wallets"":13}"
2026-07-12T00:00:09+00:00,WEEKLY_PRICE,2871398,Will the price of Solana be between $90 and $100 on July 17?,2026-07-17T16:00:00,136.00,0.5000,0.4000,-0.1000,-0.0950,0.0950,BUY_NO,"weekly_between SOL spot=77 [90,100] in=False",SOL,2.00,"{""spot"":76.73,""in_range"":0,""pct_dist"":17.2944,""T_h"":135.9974,""moon_phase"":0.9054,""mercury_retrogrado"":1,""horas_hasta_fomc"":426.0,""smart_money_consensus"":0.0398,""smart_money_n_wallets"":13}"
2026-07-12T00:00:09+00:00,WEEKLY_PRICE,2871402,Will the price of Solana be between $100 and $110 on July 17?,2026-07-17T16:00:00,136.00,0.5000,0.3000,-0.2000,-0.1950,0.1950,BUY_NO,"weekly_between SOL spot=77 [100,110] in=False",SOL,2.00,"{""spot"":76.73,""in_range"":0,""pct_dist"":30.3271,""T_h"":135.9974,""moon_phase"":0.9054,""mercury_retrogrado"":1,""horas_hasta_fomc"":426.0,""smart_money_consensus"":0.0398,""smart_money_n_wallets"":13}"
2026-07-12T00:00:09+00:00,WEEKLY_PRICE,2871406,Will the price of Solana be between $110 and $120 on July 17?,2026-07-17T16:00:00,136.00,0.5000,0.3000,-0.2000,-0.1950,0.1950,BUY_NO,"weekly_between SOL spot=77 [110,120] in=False",SOL,2.00,"{""spot"":76.73,""in_range"":0,""pct_dist"":43.3598,""T_h"":135.9974,""moon_phase"":0.9054,""mercury_retrogrado"":1,""horas_hasta_fomc"":426.0,""smart_money_consensus"":0.0398,""smart_money_n_wallets"":13}"
2026-07-12T00:00:09+00:00,UPDOWN_GBM,2876319,"Solana Up or Down - July 11, 8:00PM-8:15PM ET",2026-07-12T00:15:00,0.25,0.4950,0.4591,-0.0359,-0.0309,-0.0309,SKIP,updown_gbm SOL 15min ref=76.73 spot=76.73 (+0.00%) sigma_h=0.0142 T=0.25h p_up=0.459 mu_h=-0.0029,SOL#15min,0.50,"{""pct_spot_vs_ref"":0.0,""sigma_h"":0.014171,""T_h"":0.2474,""hora_utc"":0,""drift_15min"":-1.7646,""drift_60min"":-1.464,""delta_ratio_macro"":-0.1865,""cross_window_spread"":-0.0111,""ibs_15"":0.0889,""dist_vwap_pct"":-0.013,""funding_rate_8h"":0.00285,""logit_edge"":-0.1441,""moon_phase"":0.9054,""mercury_retrogrado"":1,""horas_hasta_fomc"":426.0,""smart_money_consensus"":0.0398,""smart_money_n_wallets"":13}"
2026-07-12T00:00:33+00:00,UPDOWN_GBM,2876318,"Ethereum Up or Down - July 11, 8:00PM-8:15PM ET",2026-07-12T00:15:00,0.24,0.5150,0.4447,-0.0703,-0.0653,0.0653,BUY_NO,updown_gbm ETH 15min ref=1788 spot=1787 (-0.02%) sigma_h=0.0129 T=0.24h p_up=0.445 mu_h=-0.0026,ETH#15min,0.50,"{""pct_spot_vs_ref"":-0.0243,""sigma_h"":0.012893,""T_h"":0.2406,""hora_utc"":0,""drift_15min"":-0.6244,""drift_60min"":-1.3206,""delta_ratio_macro"":-0.1096,""cross_window_spread"":0.0092,""ibs_15"":0.0683,""dist_vwap_pct"":-0.0095,""funding_rate_8h"":0.00102,""logit_edge"":-0.282,""moon_phase"":0.9054,""mercury_retrogrado"":1,""horas_hasta_fomc"":426.0,""smart_money_consensus"":-0.3534,""smart_money_n_wallets"":14}"
