timestamp_utc,activo,marco,slug,market_id,condition_id,ts_end,offset_s,chainlink_price,chainlink_ref_open,chainlink_direccion_implicita,ask_yes,ask_no,bid_yes,bid_no,outcome_real,acierto_direccion_implicita
2026-07-28T23:59:58.210+00:00,BTC,5min,btc-updown-5m-1785282900,3141969,0x1d3d1ee30dcf2673d139974573e8ff8b7a71f8a82ce2c582acf03a9c8523b01e,1785283200,-2,63851.241568764315,63842.49561507,Up,0.72,0.29,0.71,0.28,,
2026-07-28T23:59:59.190+00:00,BTC,5min,btc-updown-5m-1785282900,3141969,0x1d3d1ee30dcf2673d139974573e8ff8b7a71f8a82ce2c582acf03a9c8523b01e,1785283200,-1,63850.23222183972,63842.49561507,Up,0.92,0.08,0.9,0.07,,
2026-07-29T00:00:00.220+00:00,BTC,5min,btc-updown-5m-1785282900,3141969,0x1d3d1ee30dcf2673d139974573e8ff8b7a71f8a82ce2c582acf03a9c8523b01e,1785283200,0,63850.23222183972,63842.49561507,Up,,0.01,0.99,,,
2026-07-29T00:00:01.216+00:00,BTC,5min,btc-updown-5m-1785282900,3141969,0x1d3d1ee30dcf2673d139974573e8ff8b7a71f8a82ce2c582acf03a9c8523b01e,1785283200,1,63850.69275271056,63842.49561507,Up,,0.01,0.99,,,
2026-07-29T00:00:02.239+00:00,BTC,5min,btc-updown-5m-1785282900,3141969,0x1d3d1ee30dcf2673d139974573e8ff8b7a71f8a82ce2c582acf03a9c8523b01e,1785283200,2,63850.69275271056,63842.49561507,Up,,0.01,0.99,,,
2026-07-29T00:00:03.262+00:00,BTC,5min,btc-updown-5m-1785282900,3141969,0x1d3d1ee30dcf2673d139974573e8ff8b7a71f8a82ce2c582acf03a9c8523b01e,1785283200,3,63850.10247133,63842.49561507,Up,,0.01,0.99,,,
2026-07-29T00:00:04.235+00:00,BTC,5min,btc-updown-5m-1785282900,3141969,0x1d3d1ee30dcf2673d139974573e8ff8b7a71f8a82ce2c582acf03a9c8523b01e,1785283200,4,63851.08557705709,63842.49561507,Up,,0.01,0.99,,,
2026-07-29T00:00:05.322+00:00,BTC,5min,btc-updown-5m-1785282900,3141969,0x1d3d1ee30dcf2673d139974573e8ff8b7a71f8a82ce2c582acf03a9c8523b01e,1785283200,5,63853.14319468846,63842.49561507,Up,,0.01,0.99,,,
2026-07-29T00:00:06.270+00:00,BTC,5min,btc-updown-5m-1785282900,3141969,0x1d3d1ee30dcf2673d139974573e8ff8b7a71f8a82ce2c582acf03a9c8523b01e,1785283200,6,63861.99507076347,63842.49561507,Up,,0.01,0.99,,,
2026-07-29T00:00:08.286+00:00,BTC,5min,btc-updown-5m-1785282900,3141969,0x1d3d1ee30dcf2673d139974573e8ff8b7a71f8a82ce2c582acf03a9c8523b01e,1785283200,8,63882.17044639456,63842.49561507,Up,,0.01,0.99,,,
2026-07-28T23:59:58.206+00:00,ETH,15min,eth-updown-15m-1785282300,3141887,0xb7744ced016856252d01a1b5e18a73332f6092fc12625a9370dccbca401b9517,1785283200,-2,1920.0905173205404,1915.8366269,Up,,0.01,0.99,,,
2026-07-28T23:59:59.214+00:00,ETH,15min,eth-updown-15m-1785282300,3141887,0xb7744ced016856252d01a1b5e18a73332f6092fc12625a9370dccbca401b9517,1785283200,-1,1919.957272618184,1915.8366269,Up,,0.01,0.99,,,
2026-07-29T00:00:00.222+00:00,ETH,15min,eth-updown-15m-1785282300,3141887,0xb7744ced016856252d01a1b5e18a73332f6092fc12625a9370dccbca401b9517,1785283200,0,1919.957272618184,1915.8366269,Up,,0.01,0.99,,,
2026-07-29T00:00:01.220+00:00,ETH,15min,eth-updown-15m-1785282300,3141887,0xb7744ced016856252d01a1b5e18a73332f6092fc12625a9370dccbca401b9517,1785283200,1,1919.912699754613,1915.8366269,Up,,0.01,0.99,,,
2026-07-29T00:00:02.271+00:00,ETH,15min,eth-updown-15m-1785282300,3141887,0xb7744ced016856252d01a1b5e18a73332f6092fc12625a9370dccbca401b9517,1785283200,2,1919.9816797642436,1915.8366269,Up,,0.01,0.99,,,
2026-07-29T00:00:03.156+00:00,ETH,15min,eth-updown-15m-1785282300,3141887,0xb7744ced016856252d01a1b5e18a73332f6092fc12625a9370dccbca401b9517,1785283200,3,1919.9647616451232,1915.8366269,Up,,0.01,0.99,,,
2026-07-29T00:00:04.299+00:00,ETH,15min,eth-updown-15m-1785282300,3141887,0xb7744ced016856252d01a1b5e18a73332f6092fc12625a9370dccbca401b9517,1785283200,4,1919.9104535330382,1915.8366269,Up,,0.01,0.99,,,
2026-07-29T00:00:05.328+00:00,ETH,15min,eth-updown-15m-1785282300,3141887,0xb7744ced016856252d01a1b5e18a73332f6092fc12625a9370dccbca401b9517,1785283200,5,1919.9449956577128,1915.8366269,Up,,0.01,0.99,,,
2026-07-29T00:00:06.272+00:00,ETH,15min,eth-updown-15m-1785282300,3141887,0xb7744ced016856252d01a1b5e18a73332f6092fc12625a9370dccbca401b9517,1785283200,6,1919.9864642975642,1915.8366269,Up,,0.01,0.99,,,
2026-07-29T00:00:08.301+00:00,ETH,15min,eth-updown-15m-1785282300,3141887,0xb7744ced016856252d01a1b5e18a73332f6092fc12625a9370dccbca401b9517,1785283200,8,1920.3399832178225,1915.8366269,Up,,0.01,0.99,,,
2026-07-28T23:59:58.204+00:00,ETH,5min,eth-updown-5m-1785282900,3141967,0x66df47e008644ece827931acd929b5e80c5f5e8c02afa34160035f6ed4c26c4f,1785283200,-2,1920.0905173205404,1919.387578525,Up,0.94,0.06,0.93,0.04,,
2026-07-28T23:59:59.218+00:00,ETH,5min,eth-updown-5m-1785282900,3141967,0x66df47e008644ece827931acd929b5e80c5f5e8c02afa34160035f6ed4c26c4f,1785283200,-1,1919.957272618184,1919.387578525,Up,,0.01,0.99,,,
2026-07-29T00:00:00.217+00:00,ETH,5min,eth-updown-5m-1785282900,3141967,0x66df47e008644ece827931acd929b5e80c5f5e8c02afa34160035f6ed4c26c4f,1785283200,0,1919.957272618184,1919.387578525,Up,,0.01,0.99,,,
2026-07-29T00:00:01.224+00:00,ETH,5min,eth-updown-5m-1785282900,3141967,0x66df47e008644ece827931acd929b5e80c5f5e8c02afa34160035f6ed4c26c4f,1785283200,1,1919.912699754613,1919.387578525,Up,,0.01,0.99,,,
2026-07-29T00:00:02.225+00:00,ETH,5min,eth-updown-5m-1785282900,3141967,0x66df47e008644ece827931acd929b5e80c5f5e8c02afa34160035f6ed4c26c4f,1785283200,2,1919.9816797642436,1919.387578525,Up,,0.01,0.99,,,
2026-07-29T00:00:03.223+00:00,ETH,5min,eth-updown-5m-1785282900,3141967,0x66df47e008644ece827931acd929b5e80c5f5e8c02afa34160035f6ed4c26c4f,1785283200,3,1919.9647616451232,1919.387578525,Up,,0.01,0.99,,,
2026-07-29T00:00:04.327+00:00,ETH,5min,eth-updown-5m-1785282900,3141967,0x66df47e008644ece827931acd929b5e80c5f5e8c02afa34160035f6ed4c26c4f,1785283200,4,1919.9104535330382,1919.387578525,Up,,0.01,0.99,,,
2026-07-29T00:00:05.305+00:00,ETH,5min,eth-updown-5m-1785282900,3141967,0x66df47e008644ece827931acd929b5e80c5f5e8c02afa34160035f6ed4c26c4f,1785283200,5,1919.9449956577128,1919.387578525,Up,,0.01,0.99,,,
2026-07-29T00:00:06.278+00:00,ETH,5min,eth-updown-5m-1785282900,3141967,0x66df47e008644ece827931acd929b5e80c5f5e8c02afa34160035f6ed4c26c4f,1785283200,6,1919.9864642975642,1919.387578525,Up,,0.01,0.99,,,
2026-07-29T00:00:08.297+00:00,ETH,5min,eth-updown-5m-1785282900,3141967,0x66df47e008644ece827931acd929b5e80c5f5e8c02afa34160035f6ed4c26c4f,1785283200,8,1920.3399832178225,1919.387578525,Up,,0.01,0.99,,,
2026-07-28T23:59:58.168+00:00,DOGE,5min,doge-updown-5m-1785282900,3141976,0x59cfd96834b4e14cdf9e4e0b972f765dc2f60669c155c2f212f17ad86a577489,1785283200,-2,0.0708015558722348,0.07070039,Up,,0.01,0.99,,,
2026-07-28T23:59:59.198+00:00,DOGE,5min,doge-updown-5m-1785282900,3141976,0x59cfd96834b4e14cdf9e4e0b972f765dc2f60669c155c2f212f17ad86a577489,1785283200,-1,0.0708003306222311,0.07070039,Up,,0.01,0.99,,,
2026-07-29T00:00:00.212+00:00,DOGE,5min,doge-updown-5m-1785282900,3141976,0x59cfd96834b4e14cdf9e4e0b972f765dc2f60669c155c2f212f17ad86a577489,1785283200,0,0.0708003306222311,0.07070039,Up,,0.01,0.99,,,
2026-07-29T00:00:01.242+00:00,DOGE,5min,doge-updown-5m-1785282900,3141976,0x59cfd96834b4e14cdf9e4e0b972f765dc2f60669c155c2f212f17ad86a577489,1785283200,1,0.0708005904037277,0.07070039,Up,,0.01,0.99,,,
2026-07-29T00:00:02.252+00:00,DOGE,5min,doge-updown-5m-1785282900,3141976,0x59cfd96834b4e14cdf9e4e0b972f765dc2f60669c155c2f212f17ad86a577489,1785283200,2,0.0708005904037277,0.07070039,Up,,0.01,0.99,,,
2026-07-29T00:00:03.209+00:00,DOGE,5min,doge-updown-5m-1785282900,3141976,0x59cfd96834b4e14cdf9e4e0b972f765dc2f60669c155c2f212f17ad86a577489,1785283200,3,0.0707964412447788,0.07070039,Up,,0.01,0.99,,,
2026-07-29T00:00:04.252+00:00,DOGE,5min,doge-updown-5m-1785282900,3141976,0x59cfd96834b4e14cdf9e4e0b972f765dc2f60669c155c2f212f17ad86a577489,1785283200,4,0.0708032242929868,0.07070039,Up,,0.01,0.99,,,
2026-07-29T00:00:05.315+00:00,DOGE,5min,doge-updown-5m-1785282900,3141976,0x59cfd96834b4e14cdf9e4e0b972f765dc2f60669c155c2f212f17ad86a577489,1785283200,5,0.0708083082368478,0.07070039,Up,,0.01,0.99,,,
2026-07-29T00:00:06.254+00:00,DOGE,5min,doge-updown-5m-1785282900,3141976,0x59cfd96834b4e14cdf9e4e0b972f765dc2f60669c155c2f212f17ad86a577489,1785283200,6,0.070808067,0.07070039,Up,,0.01,0.99,,,
2026-07-29T00:00:08.308+00:00,DOGE,5min,doge-updown-5m-1785282900,3141976,0x59cfd96834b4e14cdf9e4e0b972f765dc2f60669c155c2f212f17ad86a577489,1785283200,8,0.0708200353085792,0.07070039,Up,,0.01,0.99,,,
2026-07-28T23:59:58.194+00:00,BNB,15min,bnb-updown-15m-1785282300,3141882,0xbbcee5632273eac28c2f7683c2e609518bd5cc91308a1e0f950f0dcbe5bb1544,1785283200,-2,570.6541115034418,569.6146688965571,Up,,0.01,0.99,,,
2026-07-28T23:59:59.191+00:00,BNB,15min,bnb-updown-15m-1785282300,3141882,0xbbcee5632273eac28c2f7683c2e609518bd5cc91308a1e0f950f0dcbe5bb1544,1785283200,-1,570.6260256125075,569.6146688965571,Up,,0.01,0.99,,,
2026-07-29T00:00:00.228+00:00,BNB,15min,bnb-updown-15m-1785282300,3141882,0xbbcee5632273eac28c2f7683c2e609518bd5cc91308a1e0f950f0dcbe5bb1544,1785283200,0,570.6260256125075,569.6146688965571,Up,,0.01,0.99,,,
2026-07-29T00:00:01.202+00:00,BNB,15min,bnb-updown-15m-1785282300,3141882,0xbbcee5632273eac28c2f7683c2e609518bd5cc91308a1e0f950f0dcbe5bb1544,1785283200,1,570.61194,569.6146688965571,Up,,0.01,0.99,,,
2026-07-29T00:00:02.267+00:00,BNB,15min,bnb-updown-15m-1785282300,3141882,0xbbcee5632273eac28c2f7683c2e609518bd5cc91308a1e0f950f0dcbe5bb1544,1785283200,2,570.61194,569.6146688965571,Up,,0.01,0.99,,,
2026-07-29T00:00:03.207+00:00,BNB,15min,bnb-updown-15m-1785282300,3141882,0xbbcee5632273eac28c2f7683c2e609518bd5cc91308a1e0f950f0dcbe5bb1544,1785283200,3,570.6305581190205,569.6146688965571,Up,,0.01,0.99,,,
2026-07-29T00:00:04.295+00:00,BNB,15min,bnb-updown-15m-1785282300,3141882,0xbbcee5632273eac28c2f7683c2e609518bd5cc91308a1e0f950f0dcbe5bb1544,1785283200,4,570.60657,569.6146688965571,Up,,0.01,0.99,,,
2026-07-29T00:00:05.302+00:00,BNB,15min,bnb-updown-15m-1785282300,3141882,0xbbcee5632273eac28c2f7683c2e609518bd5cc91308a1e0f950f0dcbe5bb1544,1785283200,5,570.6356969981767,569.6146688965571,Up,,0.01,0.99,,,
2026-07-29T00:00:06.229+00:00,BNB,15min,bnb-updown-15m-1785282300,3141882,0xbbcee5632273eac28c2f7683c2e609518bd5cc91308a1e0f950f0dcbe5bb1544,1785283200,6,570.5796852779079,569.6146688965571,Up,,0.01,0.99,,,
2026-07-29T00:00:08.302+00:00,BNB,15min,bnb-updown-15m-1785282300,3141882,0xbbcee5632273eac28c2f7683c2e609518bd5cc91308a1e0f950f0dcbe5bb1544,1785283200,8,570.6350134205211,569.6146688965571,Up,,0.01,0.99,,,
2026-07-28T23:59:58.211+00:00,SOL,15min,sol-updown-15m-1785282300,3141880,0x9f700d81b1a6ef627e3798d0b845ba3187838da187c4d85aa3eefd3b3a3a7652,1785283200,-2,73.73998589368469,73.53832809856009,Up,,0.01,0.99,,,
2026-07-28T23:59:59.206+00:00,SOL,15min,sol-updown-15m-1785282300,3141880,0x9f700d81b1a6ef627e3798d0b845ba3187838da187c4d85aa3eefd3b3a3a7652,1785283200,-1,73.73998589368469,73.53832809856009,Up,,0.01,0.99,,,
2026-07-29T00:00:00.210+00:00,SOL,15min,sol-updown-15m-1785282300,3141880,0x9f700d81b1a6ef627e3798d0b845ba3187838da187c4d85aa3eefd3b3a3a7652,1785283200,0,73.73758374953502,73.53832809856009,Up,,0.01,0.99,,,
2026-07-29T00:00:01.205+00:00,SOL,15min,sol-updown-15m-1785282300,3141880,0x9f700d81b1a6ef627e3798d0b845ba3187838da187c4d85aa3eefd3b3a3a7652,1785283200,1,73.74001938467792,73.53832809856009,Up,,0.01,0.99,,,
2026-07-29T00:00:02.256+00:00,SOL,15min,sol-updown-15m-1785282300,3141880,0x9f700d81b1a6ef627e3798d0b845ba3187838da187c4d85aa3eefd3b3a3a7652,1785283200,2,73.74001938467792,73.53832809856009,Up,,0.01,0.99,,,
2026-07-29T00:00:03.222+00:00,SOL,15min,sol-updown-15m-1785282300,3141880,0x9f700d81b1a6ef627e3798d0b845ba3187838da187c4d85aa3eefd3b3a3a7652,1785283200,3,73.74137216198768,73.53832809856009,Up,,0.01,0.99,,,
2026-07-29T00:00:04.253+00:00,SOL,15min,sol-updown-15m-1785282300,3141880,0x9f700d81b1a6ef627e3798d0b845ba3187838da187c4d85aa3eefd3b3a3a7652,1785283200,4,73.74068178224928,73.53832809856009,Up,,0.01,0.99,,,
2026-07-29T00:00:05.311+00:00,SOL,15min,sol-updown-15m-1785282300,3141880,0x9f700d81b1a6ef627e3798d0b845ba3187838da187c4d85aa3eefd3b3a3a7652,1785283200,5,73.74491822714376,73.53832809856009,Up,,0.01,0.99,,,
2026-07-29T00:00:06.252+00:00,SOL,15min,sol-updown-15m-1785282300,3141880,0x9f700d81b1a6ef627e3798d0b845ba3187838da187c4d85aa3eefd3b3a3a7652,1785283200,6,73.74554204341541,73.53832809856009,Up,,0.01,0.99,,,
2026-07-29T00:00:08.305+00:00,SOL,15min,sol-updown-15m-1785282300,3141880,0x9f700d81b1a6ef627e3798d0b845ba3187838da187c4d85aa3eefd3b3a3a7652,1785283200,8,73.75342871767954,73.53832809856009,Up,,0.01,0.99,,,
2026-07-28T23:59:58.224+00:00,BTC,15min,btc-updown-15m-1785282300,3141883,0x2923589dd9de1ca49a30e57ce51c985ab39280841a1dff9d7a6f7a5d4a6f63d1,1785283200,-2,63851.241568764315,63765.64701766871,Up,,0.01,0.99,,,
2026-07-28T23:59:59.184+00:00,BTC,15min,btc-updown-15m-1785282300,3141883,0x2923589dd9de1ca49a30e57ce51c985ab39280841a1dff9d7a6f7a5d4a6f63d1,1785283200,-1,63850.23222183972,63765.64701766871,Up,,0.01,0.99,,,
2026-07-29T00:00:00.204+00:00,BTC,15min,btc-updown-15m-1785282300,3141883,0x2923589dd9de1ca49a30e57ce51c985ab39280841a1dff9d7a6f7a5d4a6f63d1,1785283200,0,63850.23222183972,63765.64701766871,Up,,0.01,0.99,,,
2026-07-29T00:00:01.222+00:00,BTC,15min,btc-updown-15m-1785282300,3141883,0x2923589dd9de1ca49a30e57ce51c985ab39280841a1dff9d7a6f7a5d4a6f63d1,1785283200,1,63850.69275271056,63765.64701766871,Up,,0.01,0.99,,,
2026-07-29T00:00:02.264+00:00,BTC,15min,btc-updown-15m-1785282300,3141883,0x2923589dd9de1ca49a30e57ce51c985ab39280841a1dff9d7a6f7a5d4a6f63d1,1785283200,2,63850.69275271056,63765.64701766871,Up,,0.01,0.99,,,
2026-07-29T00:00:03.158+00:00,BTC,15min,btc-updown-15m-1785282300,3141883,0x2923589dd9de1ca49a30e57ce51c985ab39280841a1dff9d7a6f7a5d4a6f63d1,1785283200,3,63850.10247133,63765.64701766871,Up,,0.01,0.99,,,
2026-07-29T00:00:04.290+00:00,BTC,15min,btc-updown-15m-1785282300,3141883,0x2923589dd9de1ca49a30e57ce51c985ab39280841a1dff9d7a6f7a5d4a6f63d1,1785283200,4,63851.08557705709,63765.64701766871,Up,,0.01,0.99,,,
2026-07-29T00:00:05.307+00:00,BTC,15min,btc-updown-15m-1785282300,3141883,0x2923589dd9de1ca49a30e57ce51c985ab39280841a1dff9d7a6f7a5d4a6f63d1,1785283200,5,63853.14319468846,63765.64701766871,Up,,0.01,0.99,,,
2026-07-29T00:00:06.269+00:00,BTC,15min,btc-updown-15m-1785282300,3141883,0x2923589dd9de1ca49a30e57ce51c985ab39280841a1dff9d7a6f7a5d4a6f63d1,1785283200,6,63861.99507076347,63765.64701766871,Up,,0.01,0.99,,,
2026-07-29T00:00:08.310+00:00,BTC,15min,btc-updown-15m-1785282300,3141883,0x2923589dd9de1ca49a30e57ce51c985ab39280841a1dff9d7a6f7a5d4a6f63d1,1785283200,8,63882.17044639456,63765.64701766871,Up,,0.01,0.99,,,
2026-07-28T23:59:58.219+00:00,SOL,5min,sol-updown-5m-1785282900,3141971,0xe8cf2d223525984ac0c748299c9751933465ea147690e86eda85c056c767ff3f,1785283200,-2,73.73998589368469,73.68997846503609,Up,,0.01,0.99,,,
2026-07-28T23:59:59.230+00:00,SOL,5min,sol-updown-5m-1785282900,3141971,0xe8cf2d223525984ac0c748299c9751933465ea147690e86eda85c056c767ff3f,1785283200,-1,73.73998589368469,73.68997846503609,Up,,0.01,0.99,,,
2026-07-29T00:00:00.224+00:00,SOL,5min,sol-updown-5m-1785282900,3141971,0xe8cf2d223525984ac0c748299c9751933465ea147690e86eda85c056c767ff3f,1785283200,0,73.73758374953502,73.68997846503609,Up,,0.01,0.99,,,
2026-07-29T00:00:01.234+00:00,SOL,5min,sol-updown-5m-1785282900,3141971,0xe8cf2d223525984ac0c748299c9751933465ea147690e86eda85c056c767ff3f,1785283200,1,73.74001938467792,73.68997846503609,Up,,0.01,0.99,,,
2026-07-29T00:00:02.257+00:00,SOL,5min,sol-updown-5m-1785282900,3141971,0xe8cf2d223525984ac0c748299c9751933465ea147690e86eda85c056c767ff3f,1785283200,2,73.74001938467792,73.68997846503609,Up,,0.01,0.99,,,
2026-07-29T00:00:03.297+00:00,SOL,5min,sol-updown-5m-1785282900,3141971,0xe8cf2d223525984ac0c748299c9751933465ea147690e86eda85c056c767ff3f,1785283200,3,73.74137216198768,73.68997846503609,Up,,0.01,0.99,,,
2026-07-29T00:00:04.318+00:00,SOL,5min,sol-updown-5m-1785282900,3141971,0xe8cf2d223525984ac0c748299c9751933465ea147690e86eda85c056c767ff3f,1785283200,4,73.74068178224928,73.68997846503609,Up,,0.01,0.99,,,
2026-07-29T00:00:05.333+00:00,SOL,5min,sol-updown-5m-1785282900,3141971,0xe8cf2d223525984ac0c748299c9751933465ea147690e86eda85c056c767ff3f,1785283200,5,73.74491822714376,73.68997846503609,Up,,0.01,0.99,,,
2026-07-29T00:00:06.268+00:00,SOL,5min,sol-updown-5m-1785282900,3141971,0xe8cf2d223525984ac0c748299c9751933465ea147690e86eda85c056c767ff3f,1785283200,6,73.74554204341541,73.68997846503609,Up,,0.01,0.99,,,
2026-07-29T00:00:08.312+00:00,SOL,5min,sol-updown-5m-1785282900,3141971,0xe8cf2d223525984ac0c748299c9751933465ea147690e86eda85c056c767ff3f,1785283200,8,73.75342871767954,73.68997846503609,Up,,0.01,0.99,,,
2026-07-28T23:59:58.220+00:00,XRP,15min,xrp-updown-15m-1785282300,3141885,0xef947ff33bd5c859b0719391e421176ac03a987bbf19eceb71fa073794dda50a,1785283200,-2,1.0678258540615961,1.0652657996976882,Up,,0.01,0.99,,,
2026-07-28T23:59:59.213+00:00,XRP,15min,xrp-updown-15m-1785282300,3141885,0xef947ff33bd5c859b0719391e421176ac03a987bbf19eceb71fa073794dda50a,1785283200,-1,1.0677758551518997,1.0652657996976882,Up,,0.01,0.99,,,
2026-07-29T00:00:00.218+00:00,XRP,15min,xrp-updown-15m-1785282300,3141885,0xef947ff33bd5c859b0719391e421176ac03a987bbf19eceb71fa073794dda50a,1785283200,0,1.0677758551518997,1.0652657996976882,Up,,0.01,0.99,,,
2026-07-29T00:00:01.223+00:00,XRP,15min,xrp-updown-15m-1785282300,3141885,0xef947ff33bd5c859b0719391e421176ac03a987bbf19eceb71fa073794dda50a,1785283200,1,1.067786221185617,1.0652657996976882,Up,,0.01,0.99,,,
2026-07-29T00:00:02.314+00:00,XRP,15min,xrp-updown-15m-1785282300,3141885,0xef947ff33bd5c859b0719391e421176ac03a987bbf19eceb71fa073794dda50a,1785283200,2,1.067786221185617,1.0652657996976882,Up,,0.01,0.99,,,
2026-07-29T00:00:03.205+00:00,XRP,15min,xrp-updown-15m-1785282300,3141885,0xef947ff33bd5c859b0719391e421176ac03a987bbf19eceb71fa073794dda50a,1785283200,3,1.067806670444986,1.0652657996976882,Up,,0.01,0.99,,,
2026-07-29T00:00:04.313+00:00,XRP,15min,xrp-updown-15m-1785282300,3141885,0xef947ff33bd5c859b0719391e421176ac03a987bbf19eceb71fa073794dda50a,1785283200,4,1.0678273584021578,1.0652657996976882,Up,,0.01,0.99,,,
2026-07-29T00:00:05.322+00:00,XRP,15min,xrp-updown-15m-1785282300,3141885,0xef947ff33bd5c859b0719391e421176ac03a987bbf19eceb71fa073794dda50a,1785283200,5,1.0678719879426568,1.0652657996976882,Up,,0.01,0.99,,,
2026-07-29T00:00:06.235+00:00,XRP,15min,xrp-updown-15m-1785282300,3141885,0xef947ff33bd5c859b0719391e421176ac03a987bbf19eceb71fa073794dda50a,1785283200,6,1.0678681021448488,1.0652657996976882,Up,,0.01,0.99,,,
2026-07-29T00:00:08.321+00:00,XRP,15min,xrp-updown-15m-1785282300,3141885,0xef947ff33bd5c859b0719391e421176ac03a987bbf19eceb71fa073794dda50a,1785283200,8,1.0680008059191182,1.0652657996976882,Up,,0.01,0.99,,,
2026-07-28T23:59:58.191+00:00,DOGE,15min,doge-updown-15m-1785282300,3141886,0x96ff9502e35b919c39eaf41e62a122a082fc007038ad0bd290c3d36d5b9a544c,1785283200,-2,0.0708015558722348,0.0705453,Up,,0.01,0.99,,,
2026-07-28T23:59:59.187+00:00,DOGE,15min,doge-updown-15m-1785282300,3141886,0x96ff9502e35b919c39eaf41e62a122a082fc007038ad0bd290c3d36d5b9a544c,1785283200,-1,0.0708003306222311,0.0705453,Up,,0.01,0.99,,,
2026-07-29T00:00:00.219+00:00,DOGE,15min,doge-updown-15m-1785282300,3141886,0x96ff9502e35b919c39eaf41e62a122a082fc007038ad0bd290c3d36d5b9a544c,1785283200,0,0.0708003306222311,0.0705453,Up,,0.01,0.99,,,
2026-07-29T00:00:01.218+00:00,DOGE,15min,doge-updown-15m-1785282300,3141886,0x96ff9502e35b919c39eaf41e62a122a082fc007038ad0bd290c3d36d5b9a544c,1785283200,1,0.0708005904037277,0.0705453,Up,,0.01,0.99,,,
2026-07-29T00:00:02.254+00:00,DOGE,15min,doge-updown-15m-1785282300,3141886,0x96ff9502e35b919c39eaf41e62a122a082fc007038ad0bd290c3d36d5b9a544c,1785283200,2,0.0708005904037277,0.0705453,Up,,0.01,0.99,,,
2026-07-29T00:00:03.260+00:00,DOGE,15min,doge-updown-15m-1785282300,3141886,0x96ff9502e35b919c39eaf41e62a122a082fc007038ad0bd290c3d36d5b9a544c,1785283200,3,0.0707964412447788,0.0705453,Up,,0.01,0.99,,,
2026-07-29T00:00:04.301+00:00,DOGE,15min,doge-updown-15m-1785282300,3141886,0x96ff9502e35b919c39eaf41e62a122a082fc007038ad0bd290c3d36d5b9a544c,1785283200,4,0.0708032242929868,0.0705453,Up,,0.01,0.99,,,
2026-07-29T00:00:05.330+00:00,DOGE,15min,doge-updown-15m-1785282300,3141886,0x96ff9502e35b919c39eaf41e62a122a082fc007038ad0bd290c3d36d5b9a544c,1785283200,5,0.0708083082368478,0.0705453,Up,,0.01,0.99,,,
2026-07-29T00:00:06.247+00:00,DOGE,15min,doge-updown-15m-1785282300,3141886,0x96ff9502e35b919c39eaf41e62a122a082fc007038ad0bd290c3d36d5b9a544c,1785283200,6,0.070808067,0.0705453,Up,,0.01,0.99,,,
2026-07-29T00:00:08.323+00:00,DOGE,15min,doge-updown-15m-1785282300,3141886,0x96ff9502e35b919c39eaf41e62a122a082fc007038ad0bd290c3d36d5b9a544c,1785283200,8,0.0708200353085792,0.0705453,Up,,0.01,0.99,,,
2026-07-28T23:59:58.223+00:00,BNB,5min,bnb-updown-5m-1785282900,3141975,0xabc569d5f5ac6095d081597c89334a2bb0062726f121090018fba857fa0b2536,1785283200,-2,570.6541115034418,570.4653822646402,Up,0.99,0.06,0.94,0.01,,
2026-07-28T23:59:59.204+00:00,BNB,5min,bnb-updown-5m-1785282900,3141975,0xabc569d5f5ac6095d081597c89334a2bb0062726f121090018fba857fa0b2536,1785283200,-1,570.6260256125075,570.4653822646402,Up,,0.01,0.99,,,
2026-07-29T00:00:00.225+00:00,BNB,5min,bnb-updown-5m-1785282900,3141975,0xabc569d5f5ac6095d081597c89334a2bb0062726f121090018fba857fa0b2536,1785283200,0,570.6260256125075,570.4653822646402,Up,,0.01,0.99,,,
2026-07-29T00:00:01.174+00:00,BNB,5min,bnb-updown-5m-1785282900,3141975,0xabc569d5f5ac6095d081597c89334a2bb0062726f121090018fba857fa0b2536,1785283200,1,570.61194,570.4653822646402,Up,,0.01,0.99,,,
2026-07-29T00:00:02.260+00:00,BNB,5min,bnb-updown-5m-1785282900,3141975,0xabc569d5f5ac6095d081597c89334a2bb0062726f121090018fba857fa0b2536,1785283200,2,570.61194,570.4653822646402,Up,,0.01,0.99,,,
2026-07-29T00:00:03.224+00:00,BNB,5min,bnb-updown-5m-1785282900,3141975,0xabc569d5f5ac6095d081597c89334a2bb0062726f121090018fba857fa0b2536,1785283200,3,570.6305581190205,570.4653822646402,Up,,0.01,0.99,,,
2026-07-29T00:00:04.240+00:00,BNB,5min,bnb-updown-5m-1785282900,3141975,0xabc569d5f5ac6095d081597c89334a2bb0062726f121090018fba857fa0b2536,1785283200,4,570.60657,570.4653822646402,Up,,0.01,0.99,,,
2026-07-29T00:00:05.329+00:00,BNB,5min,bnb-updown-5m-1785282900,3141975,0xabc569d5f5ac6095d081597c89334a2bb0062726f121090018fba857fa0b2536,1785283200,5,570.6356969981767,570.4653822646402,Up,,0.01,0.99,,,
2026-07-29T00:00:06.256+00:00,BNB,5min,bnb-updown-5m-1785282900,3141975,0xabc569d5f5ac6095d081597c89334a2bb0062726f121090018fba857fa0b2536,1785283200,6,570.5796852779079,570.4653822646402,Up,,0.01,0.99,,,
2026-07-29T00:00:08.325+00:00,BNB,5min,bnb-updown-5m-1785282900,3141975,0xabc569d5f5ac6095d081597c89334a2bb0062726f121090018fba857fa0b2536,1785283200,8,570.6350134205211,570.4653822646402,Up,,0.01,0.99,,,
2026-07-28T23:59:58.217+00:00,XRP,5min,xrp-updown-5m-1785282900,3141968,0x725fca452e1e66907f0b843ada9e3fca96672745e4e91c8e2d45e6b81a87581c,1785283200,-2,1.0678258540615961,1.068195609868574,Down,0.01,,,0.99,,
2026-07-28T23:59:59.205+00:00,XRP,5min,xrp-updown-5m-1785282900,3141968,0x725fca452e1e66907f0b843ada9e3fca96672745e4e91c8e2d45e6b81a87581c,1785283200,-1,1.0677758551518997,1.068195609868574,Down,0.01,,,0.99,,
2026-07-29T00:00:00.226+00:00,XRP,5min,xrp-updown-5m-1785282900,3141968,0x725fca452e1e66907f0b843ada9e3fca96672745e4e91c8e2d45e6b81a87581c,1785283200,0,1.0677758551518997,1.068195609868574,Down,0.01,,,0.99,,
2026-07-29T00:00:01.239+00:00,XRP,5min,xrp-updown-5m-1785282900,3141968,0x725fca452e1e66907f0b843ada9e3fca96672745e4e91c8e2d45e6b81a87581c,1785283200,1,1.067786221185617,1.068195609868574,Down,0.01,,,0.99,,
2026-07-29T00:00:02.248+00:00,XRP,5min,xrp-updown-5m-1785282900,3141968,0x725fca452e1e66907f0b843ada9e3fca96672745e4e91c8e2d45e6b81a87581c,1785283200,2,1.067786221185617,1.068195609868574,Down,0.01,,,0.99,,
2026-07-29T00:00:03.168+00:00,XRP,5min,xrp-updown-5m-1785282900,3141968,0x725fca452e1e66907f0b843ada9e3fca96672745e4e91c8e2d45e6b81a87581c,1785283200,3,1.067806670444986,1.068195609868574,Down,0.01,,,0.99,,
2026-07-29T00:00:04.221+00:00,XRP,5min,xrp-updown-5m-1785282900,3141968,0x725fca452e1e66907f0b843ada9e3fca96672745e4e91c8e2d45e6b81a87581c,1785283200,4,1.0678273584021578,1.068195609868574,Down,0.01,,,0.99,,
2026-07-29T00:00:05.300+00:00,XRP,5min,xrp-updown-5m-1785282900,3141968,0x725fca452e1e66907f0b843ada9e3fca96672745e4e91c8e2d45e6b81a87581c,1785283200,5,1.0678719879426568,1.068195609868574,Down,0.01,,,0.99,,
2026-07-29T00:00:06.258+00:00,XRP,5min,xrp-updown-5m-1785282900,3141968,0x725fca452e1e66907f0b843ada9e3fca96672745e4e91c8e2d45e6b81a87581c,1785283200,6,1.0678681021448488,1.068195609868574,Down,0.01,,,0.99,,
2026-07-29T00:00:08.326+00:00,XRP,5min,xrp-updown-5m-1785282900,3141968,0x725fca452e1e66907f0b843ada9e3fca96672745e4e91c8e2d45e6b81a87581c,1785283200,8,1.0680008059191182,1.068195609868574,Down,0.01,,,0.99,,
