resolution_timestamp,prediction_timestamp,strategy,subtype,market_id,question,end_date,decision,precio_yes_mercado,prob_yes_modelo,edge_neto,edge_direccional,outcome_real,acierto,pnl_bruto,pnl_neto
2026-06-24T05:36:38+00:00,2026-06-24T05:30:20+00:00,UPDOWN_GBM,SOL#5min,2649124,"Solana Up or Down - June 24, 1:30AM-1:35AM ET",2026-06-24T05:35:00,BUY_YES,0.4950,0.8216,0.3066,0.3066,NO,0,-0.9000,-0.9180
2026-06-24T05:36:38+00:00,2026-06-24T05:30:20+00:00,UPDOWN_GBM,ETH#5min,2649134,"Ethereum Up or Down - June 24, 1:30AM-1:35AM ET",2026-06-24T05:35:00,BUY_YES,0.4800,0.5638,0.0638,0.0638,NO,0,-0.9000,-0.9180
2026-06-24T05:39:08+00:00,2026-06-24T05:34:02+00:00,UPDOWN_GBM,BTC#5min,2649178,"Bitcoin Up or Down - June 24, 1:35AM-1:40AM ET",2026-06-24T05:40:00,BUY_NO,0.4950,0.4501,-0.0249,0.0249,YES,0,-0.9000,-0.9180
2026-06-24T05:41:37+00:00,2026-06-24T05:34:02+00:00,UPDOWN_GBM,SOL#5min,2649180,"Solana Up or Down - June 24, 1:35AM-1:40AM ET",2026-06-24T05:40:00,BUY_YES,0.4950,0.8746,0.3596,0.3596,YES,1,0.9182,0.9002
2026-06-24T05:41:37+00:00,2026-06-24T05:34:02+00:00,UPDOWN_GBM,ETH#5min,2649174,"Ethereum Up or Down - June 24, 1:35AM-1:40AM ET",2026-06-24T05:40:00,BUY_YES,0.4850,0.5283,0.0233,0.0233,YES,1,0.9557,0.9377
2026-06-24T05:45:22+00:00,2026-06-24T05:30:20+00:00,UPDOWN_GBM,SOL#15min,2649126,"Solana Up or Down - June 24, 1:30AM-1:45AM ET",2026-06-24T05:45:00,BUY_YES,0.4950,0.5896,0.0746,0.0746,YES,1,0.9182,0.9002
2026-06-24T05:45:22+00:00,2026-06-24T05:30:20+00:00,UPDOWN_GBM,XRP#15min,2649129,"XRP Up or Down - June 24, 1:30AM-1:45AM ET",2026-06-24T05:45:00,BUY_YES,0.4800,0.9103,0.4103,0.4103,YES,1,0.9750,0.9570
2026-06-24T05:46:36+00:00,2026-06-24T05:30:20+00:00,UPDOWN_GBM,BTC#15min,2649131,"Bitcoin Up or Down - June 24, 1:30AM-1:45AM ET",2026-06-24T05:45:00,BUY_YES,0.4750,0.5270,0.0320,0.0320,YES,1,0.9947,0.9767
2026-06-24T05:46:36+00:00,2026-06-24T05:38:59+00:00,UPDOWN_GBM,SOL#5min,2649220,"Solana Up or Down - June 24, 1:40AM-1:45AM ET",2026-06-24T05:45:00,BUY_YES,0.5000,0.9500,0.4300,0.4300,NO,0,-0.9000,-0.9180
2026-06-24T05:46:36+00:00,2026-06-24T05:38:59+00:00,UPDOWN_GBM,ETH#5min,2649225,"Ethereum Up or Down - June 24, 1:40AM-1:45AM ET",2026-06-24T05:45:00,BUY_YES,0.4800,0.6721,0.1721,0.1721,NO,0,-0.9000,-0.9180
2026-06-24T05:50:17+00:00,2026-06-24T05:43:55+00:00,UPDOWN_GBM,BTC#5min,2649230,"Bitcoin Up or Down - June 24, 1:45AM-1:50AM ET",2026-06-24T05:50:00,BUY_NO,0.4950,0.4239,-0.0511,0.0511,NO,1,0.8822,0.8642
2026-06-24T05:51:35+00:00,2026-06-24T05:30:20+00:00,UPDOWN_GBM,ETH#60min,2637214,"Ethereum Up or Down - June 24, 1AM ET",2026-06-24T06:00:00,BUY_NO,0.7950,0.7477,-0.0273,0.0273,YES,0,-0.9000,-0.9180
2026-06-24T05:51:35+00:00,2026-06-24T05:43:55+00:00,UPDOWN_GBM,SOL#5min,2649239,"Solana Up or Down - June 24, 1:45AM-1:50AM ET",2026-06-24T05:50:00,BUY_NO,0.4950,0.3848,-0.0902,0.0902,NO,1,0.8822,0.8642
2026-06-24T05:57:51+00:00,2026-06-24T05:30:20+00:00,UPDOWN_GBM,BTC#60min,2637205,"Bitcoin Up or Down - June 24, 1AM ET",2026-06-24T06:00:00,BUY_YES,0.7750,0.8462,0.0512,0.0512,YES,1,0.2613,0.2433
2026-06-24T06:00:20+00:00,2026-06-24T05:38:59+00:00,UPDOWN_GBM,SOL#15min,2649231,"Solana Up or Down - June 24, 1:45AM-2:00AM ET",2026-06-24T06:00:00,BUY_YES,0.5050,0.8610,0.3360,0.3360,NO,0,-0.9000,-0.9180
2026-06-24T06:01:39+00:00,2026-06-24T05:53:54+00:00,UPDOWN_GBM,SOL#5min,2649260,"Solana Up or Down - June 24, 1:55AM-2:00AM ET",2026-06-24T06:00:00,BUY_NO,0.4950,0.0819,-0.3931,0.3931,YES,0,-0.9000,-0.9180
2026-06-24T06:01:39+00:00,2026-06-24T05:53:54+00:00,UPDOWN_GBM,ETH#5min,2649261,"Ethereum Up or Down - June 24, 1:55AM-2:00AM ET",2026-06-24T06:00:00,BUY_NO,0.4950,0.3573,-0.1177,0.1177,YES,0,-0.9000,-0.9180
2026-06-24T06:01:39+00:00,2026-06-24T05:53:54+00:00,UPDOWN_GBM,BTC#5min,2649256,"Bitcoin Up or Down - June 24, 1:55AM-2:00AM ET",2026-06-24T06:00:00,BUY_NO,0.4950,0.4102,-0.0648,0.0648,YES,0,-0.9000,-0.9180
2026-06-24T06:06:38+00:00,2026-06-24T06:01:28+00:00,UPDOWN_GBM,BTC#5min,2649272,"Bitcoin Up or Down - June 24, 2:00AM-2:05AM ET",2026-06-24T06:05:00,BUY_NO,0.2450,0.0500,-0.1750,0.1750,NO,1,0.2921,0.2741
2026-06-24T06:11:35+00:00,2026-06-24T06:03:57+00:00,UPDOWN_GBM,SOL#5min,2649283,"Solana Up or Down - June 24, 2:05AM-2:10AM ET",2026-06-24T06:10:00,BUY_NO,0.4950,0.0799,-0.3951,0.3951,YES,0,-0.9000,-0.9180
2026-06-24T06:11:35+00:00,2026-06-24T06:03:57+00:00,UPDOWN_GBM,ETH#5min,2649279,"Ethereum Up or Down - June 24, 2:05AM-2:10AM ET",2026-06-24T06:10:00,BUY_NO,0.5150,0.4101,-0.0849,0.0849,YES,0,-0.9000,-0.9180
2026-06-24T06:11:35+00:00,2026-06-24T06:03:57+00:00,UPDOWN_GBM,DOGE#5min,2649280,"Dogecoin Up or Down - June 24, 2:05AM-2:10AM ET",2026-06-24T06:10:00,BUY_NO,0.5000,0.2011,-0.2789,0.2789,YES,0,-0.9000,-0.9180
2026-06-24T06:16:39+00:00,2026-06-24T05:53:54+00:00,UPDOWN_GBM,ETH#15min,2649266,"Ethereum Up or Down - June 24, 2:00AM-2:15AM ET",2026-06-24T06:15:00,BUY_NO,0.4850,0.4004,-0.0646,0.0646,NO,1,0.8476,0.8296
2026-06-24T06:16:39+00:00,2026-06-24T05:53:54+00:00,UPDOWN_GBM,BTC#15min,2649273,"Bitcoin Up or Down - June 24, 2:00AM-2:15AM ET",2026-06-24T06:15:00,BUY_NO,0.4850,0.4367,-0.0283,0.0283,NO,1,0.8476,0.8296
2026-06-24T06:16:39+00:00,2026-06-24T06:08:57+00:00,UPDOWN_GBM,ETH#5min,2649292,"Ethereum Up or Down - June 24, 2:10AM-2:15AM ET",2026-06-24T06:15:00,BUY_YES,0.4950,0.8332,0.3182,0.3182,NO,0,-0.9000,-0.9180
2026-06-24T06:21:40+00:00,2026-06-24T06:13:58+00:00,UPDOWN_GBM,SOL#5min,2649300,"Solana Up or Down - June 24, 2:15AM-2:20AM ET",2026-06-24T06:20:00,BUY_NO,0.4950,0.3027,-0.1723,0.1723,NO,1,0.8822,0.8642
2026-06-24T06:21:40+00:00,2026-06-24T06:13:58+00:00,UPDOWN_GBM,ETH#5min,2649298,"Ethereum Up or Down - June 24, 2:15AM-2:20AM ET",2026-06-24T06:20:00,BUY_NO,0.5050,0.3499,-0.1351,0.1351,NO,1,0.9182,0.9002
2026-06-24T06:21:40+00:00,2026-06-24T06:13:58+00:00,UPDOWN_GBM,BTC#5min,2649304,"Bitcoin Up or Down - June 24, 2:15AM-2:20AM ET",2026-06-24T06:20:00,BUY_NO,0.4950,0.3285,-0.1465,0.1465,NO,1,0.8822,0.8642
2026-06-24T06:28:02+00:00,2026-06-24T06:19:01+00:00,UPDOWN_GBM,BTC#5min,2649312,"Bitcoin Up or Down - June 24, 2:20AM-2:25AM ET",2026-06-24T06:25:00,BUY_NO,0.4950,0.4376,-0.0374,0.0374,YES,0,-0.9000,-0.9180
2026-06-24T06:30:33+00:00,2026-06-24T06:15:13+00:00,UPDOWN_GBM,BNB#15min,2649303,"BNB Up or Down - June 24, 2:15AM-2:30AM ET",2026-06-24T06:30:00,BUY_NO,0.4750,0.4323,-0.0227,0.0227,NO,1,0.8143,0.7963
2026-06-24T06:31:50+00:00,2026-06-24T06:08:57+00:00,UPDOWN_GBM,ETH#15min,2649306,"Ethereum Up or Down - June 24, 2:15AM-2:30AM ET",2026-06-24T06:30:00,BUY_YES,0.4950,0.6883,0.1733,0.1733,YES,1,0.9182,0.9002
2026-06-24T06:31:50+00:00,2026-06-24T06:08:57+00:00,UPDOWN_GBM,BTC#15min,2649297,"Bitcoin Up or Down - June 24, 2:15AM-2:30AM ET",2026-06-24T06:30:00,BUY_YES,0.4950,0.6500,0.1350,0.1350,YES,1,0.9182,0.9002
2026-06-24T06:31:50+00:00,2026-06-24T06:24:03+00:00,UPDOWN_GBM,SOL#5min,2649319,"Solana Up or Down - June 24, 2:25AM-2:30AM ET",2026-06-24T06:30:00,BUY_YES,0.4950,0.9500,0.4350,0.4350,NO,0,-0.9000,-0.9180
2026-06-24T06:31:50+00:00,2026-06-24T06:24:03+00:00,UPDOWN_GBM,ETH#5min,2649316,"Ethereum Up or Down - June 24, 2:25AM-2:30AM ET",2026-06-24T06:30:00,BUY_YES,0.5050,0.7968,0.2718,0.2718,YES,1,0.8822,0.8642
2026-06-24T06:31:50+00:00,2026-06-24T06:24:03+00:00,UPDOWN_GBM,BTC#5min,2649320,"Bitcoin Up or Down - June 24, 2:25AM-2:30AM ET",2026-06-24T06:30:00,BUY_YES,0.4950,0.8456,0.3306,0.3306,YES,1,0.9182,0.9002
2026-06-24T06:31:50+00:00,2026-06-24T06:25:19+00:00,UPDOWN_GBM,DOGE#5min,2649317,"Dogecoin Up or Down - June 24, 2:25AM-2:30AM ET",2026-06-24T06:30:00,BUY_NO,0.5150,0.1293,-0.3657,0.3657,NO,1,0.9557,0.9377
2026-06-24T06:36:53+00:00,2026-06-24T06:29:08+00:00,UPDOWN_GBM,SOL#5min,2649322,"Solana Up or Down - June 24, 2:30AM-2:35AM ET",2026-06-24T06:35:00,BUY_NO,0.4950,0.0500,-0.4250,0.4250,YES,0,-0.9000,-0.9180
2026-06-24T06:36:53+00:00,2026-06-24T06:29:08+00:00,UPDOWN_GBM,ETH#5min,2649323,"Ethereum Up or Down - June 24, 2:30AM-2:35AM ET",2026-06-24T06:35:00,BUY_NO,0.4750,0.0881,-0.3669,0.3669,YES,0,-0.9000,-0.9180
2026-06-24T06:36:53+00:00,2026-06-24T06:29:08+00:00,UPDOWN_GBM,BTC#5min,2649332,"Bitcoin Up or Down - June 24, 2:30AM-2:35AM ET",2026-06-24T06:35:00,BUY_NO,0.5050,0.1208,-0.3642,0.3642,NO,1,0.9182,0.9002
2026-06-24T06:40:42+00:00,2026-06-24T06:34:13+00:00,UPDOWN_GBM,BTC#5min,2649417,"Bitcoin Up or Down - June 24, 2:35AM-2:40AM ET",2026-06-24T06:40:00,BUY_NO,0.4850,0.4216,-0.0434,0.0434,YES,0,-0.9000,-0.9180
2026-06-24T06:41:58+00:00,2026-06-24T06:34:13+00:00,UPDOWN_GBM,SOL#5min,2649421,"Solana Up or Down - June 24, 2:35AM-2:40AM ET",2026-06-24T06:40:00,BUY_NO,0.4950,0.2446,-0.2304,0.2304,NO,1,0.8822,0.8642
2026-06-24T06:41:58+00:00,2026-06-24T06:34:13+00:00,UPDOWN_GBM,ETH#5min,2649415,"Ethereum Up or Down - June 24, 2:35AM-2:40AM ET",2026-06-24T06:40:00,BUY_YES,0.4750,0.5715,0.0765,0.0765,YES,1,0.9947,0.9767
2026-06-24T06:44:34+00:00,2026-06-24T06:24:03+00:00,UPDOWN_GBM,,2649331,"Solana Up or Down - June 24, 2:30AM-2:45AM ET",2026-06-24T06:45:00,BUY_YES,0.5050,0.8139,0.2889,0.2889,NO,0,-0.9000,-0.9180
2026-06-24T06:45:50+00:00,2026-06-24T06:24:03+00:00,UPDOWN_GBM,,2649327,"Ethereum Up or Down - June 24, 2:30AM-2:45AM ET",2026-06-24T06:45:00,BUY_YES,0.4950,0.6263,0.1113,0.1113,NO,0,-0.9000,-0.9180
2026-06-24T07:15:15+00:00,2026-06-24T07:09:48+00:00,UPDOWN_GBM,XRP#15min,2649494,"XRP Up or Down - June 24, 3:00AM-3:15AM ET",2026-06-24T07:15:00,BUY_NO,0.5200,0.4597,-0.0403,0.0403,NO,1,0.9750,0.9570
2026-06-24T07:16:33+00:00,2026-06-24T06:54:29+00:00,UPDOWN_GBM,ETH#15min,2649503,"Ethereum Up or Down - June 24, 3:00AM-3:15AM ET",2026-06-24T07:15:00,BUY_YES,0.5050,0.6477,0.1227,0.1227,YES,1,0.8822,0.8642
2026-06-24T07:16:33+00:00,2026-06-24T06:54:29+00:00,UPDOWN_GBM,BTC#15min,2649496,"Bitcoin Up or Down - June 24, 3:00AM-3:15AM ET",2026-06-24T07:15:00,BUY_YES,0.5050,0.5530,0.0280,0.0280,YES,1,0.8822,0.8642
2026-06-24T07:27:02+00:00,2026-06-24T07:09:48+00:00,UPDOWN_GBM,ETH#15min,2649528,"Ethereum Up or Down - June 24, 3:15AM-3:30AM ET",2026-06-24T07:30:00,BUY_YES,0.4950,0.6695,0.1545,0.1545,NO,0,-0.9000,-0.9180
2026-06-24T07:27:02+00:00,2026-06-24T07:21:34+00:00,SMART_FLOW_1H,,2649537,"Ethereum Up or Down - June 24, 3:20AM-3:25AM ET",2026-06-24T07:25:00,BUY_YES,0.5050,0.6050,0.0800,0.0800,NO,0,-0.9000,-0.9180
2026-06-24T07:27:02+00:00,2026-06-24T07:21:34+00:00,SMART_FLOW_1H,,2649538,"Bitcoin Up or Down - June 24, 3:20AM-3:25AM ET",2026-06-24T07:25:00,BUY_YES,0.5050,0.6050,0.0800,0.0800,NO,0,-0.9000,-0.9180
2026-06-24T07:30:59+00:00,2026-06-24T07:09:48+00:00,UPDOWN_GBM,SOL#15min,2649525,"Solana Up or Down - June 24, 3:15AM-3:30AM ET",2026-06-24T07:30:00,BUY_NO,0.5050,0.3958,-0.0892,0.0892,NO,1,0.9182,0.9002
2026-06-24T07:30:59+00:00,2026-06-24T07:21:34+00:00,SMART_FLOW_1H,,2649525,"Solana Up or Down - June 24, 3:15AM-3:30AM ET",2026-06-24T07:30:00,BUY_YES,0.4150,0.5150,0.0800,0.0800,NO,0,-0.9000,-0.9180
2026-06-24T07:32:18+00:00,2026-06-24T07:09:48+00:00,UPDOWN_GBM,BTC#15min,2649529,"Bitcoin Up or Down - June 24, 3:15AM-3:30AM ET",2026-06-24T07:30:00,BUY_YES,0.5050,0.6783,0.1533,0.1533,NO,0,-0.9000,-0.9180
2026-06-24T07:32:18+00:00,2026-06-24T07:21:34+00:00,SMART_FLOW_1H,,2649529,"Bitcoin Up or Down - June 24, 3:15AM-3:30AM ET",2026-06-24T07:30:00,BUY_YES,0.4350,0.5350,0.0800,0.0800,NO,0,-0.9000,-0.9180
2026-06-24T07:46:31+00:00,2026-06-24T07:33:25+00:00,SMART_FLOW_1H,,2649560,"Ethereum Up or Down - June 24, 3:30AM-3:45AM ET",2026-06-24T07:45:00,BUY_YES,0.5650,0.6650,0.0800,0.0800,NO,0,-0.9000,-0.9180
2026-06-24T07:46:31+00:00,2026-06-24T07:33:25+00:00,SMART_FLOW_1H,,2649558,"Bitcoin Up or Down - June 24, 3:30AM-3:45AM ET",2026-06-24T07:45:00,BUY_YES,0.6350,0.7350,0.0800,0.0800,YES,1,0.5173,0.4993
2026-06-24T07:51:31+00:00,2026-06-24T07:43:49+00:00,UPDOWN_GBM,SOL#5min,2649635,"Solana Up or Down - June 24, 3:45AM-3:50AM ET",2026-06-24T07:50:00,BUY_YES,0.5050,0.5871,0.0621,0.0621,NO,0,-0.9000,-0.9180
2026-06-24T07:51:31+00:00,2026-06-24T07:43:49+00:00,UPDOWN_GBM,BTC#5min,2649626,"Bitcoin Up or Down - June 24, 3:45AM-3:50AM ET",2026-06-24T07:50:00,BUY_YES,0.4950,0.6435,0.1285,0.1285,NO,0,-0.9000,-0.9180
2026-06-24T07:59:05+00:00,2026-06-24T07:13:40+00:00,SMART_FLOW_1H,,2637675,"Bitcoin Up or Down - June 24, 3AM ET",2026-06-24T08:00:00,BUY_YES,0.4850,0.5850,0.0800,0.0800,NO,0,-0.9000,-0.9180
2026-06-24T07:59:05+00:00,2026-06-24T07:22:53+00:00,SMART_FLOW_1H,,2637678,"Solana Up or Down - June 24, 3AM ET",2026-06-24T08:00:00,BUY_YES,0.3400,0.4300,0.0700,0.0700,NO,0,-0.9000,-0.9180
2026-06-24T08:00:21+00:00,2026-06-24T07:55:07+00:00,SMART_FLOW_1H,,2649628,"XRP Up or Down - June 24, 3:45AM-4:00AM ET",2026-06-24T08:00:00,BUY_YES,0.5250,0.6250,0.0800,0.0800,NO,0,-0.9000,-0.9180
2026-06-24T08:01:38+00:00,2026-06-24T07:13:40+00:00,SMART_FLOW_1H,,2647656,"Bitcoin Up or Down - June 24, 12:00AM-4:00AM ET",2026-06-24T08:00:00,BUY_YES,0.6150,0.7050,0.0700,0.0700,NO,0,-0.9000,-0.9180
2026-06-24T08:01:38+00:00,2026-06-24T07:55:07+00:00,SMART_FLOW_1H,,2649625,"Ethereum Up or Down - June 24, 3:45AM-4:00AM ET",2026-06-24T08:00:00,BUY_YES,0.3150,0.4150,0.0800,0.0800,YES,1,1.9571,1.9391
2026-06-24T08:04:08+00:00,2026-06-24T07:13:40+00:00,SMART_FLOW_1H,,2637677,"Ethereum Up or Down - June 24, 3AM ET",2026-06-24T08:00:00,BUY_YES,0.5350,0.6350,0.0800,0.0800,NO,0,-0.9000,-0.9180
2026-06-24T08:21:42+00:00,2026-06-24T08:13:57+00:00,UPDOWN_GBM,SOL#5min,2649701,"Solana Up or Down - June 24, 4:15AM-4:20AM ET",2026-06-24T08:20:00,BUY_NO,0.5050,0.4502,-0.0348,0.0348,NO,1,0.9182,0.9002
2026-06-24T08:21:42+00:00,2026-06-24T08:13:57+00:00,UPDOWN_GBM,BTC#5min,2649696,"Bitcoin Up or Down - June 24, 4:15AM-4:20AM ET",2026-06-24T08:20:00,BUY_YES,0.5050,0.5788,0.0538,0.0538,NO,0,-0.9000,-0.9180
2026-06-24T09:03:18+00:00,2026-06-24T08:00:09+00:00,UPDOWN_GBM,ETH#60min,2637872,"Ethereum Up or Down - June 24, 4AM ET",2026-06-24T09:00:00,BUY_YES,0.4800,0.5417,0.0417,0.0417,YES,1,0.9750,0.9570
2026-06-24T09:07:08+00:00,2026-06-24T08:58:02+00:00,UPDOWN_GBM,SOL#5min,2649850,"Solana Up or Down - June 24, 5:00AM-5:05AM ET",2026-06-24T09:05:00,BUY_NO,0.6750,0.5000,-0.1550,0.1550,YES,0,-0.9000,-0.9180
2026-06-24T09:12:18+00:00,2026-06-24T09:05:37+00:00,UPDOWN_GBM,SOL#5min,2649859,"Solana Up or Down - June 24, 5:05AM-5:10AM ET",2026-06-24T09:10:00,BUY_YES,0.3750,0.7673,0.3723,0.3723,NO,0,-0.9000,-0.9180
2026-06-24T09:16:08+00:00,2026-06-24T09:08:12+00:00,UPDOWN_GBM,BTC#5min,2649872,"Bitcoin Up or Down - June 24, 5:10AM-5:15AM ET",2026-06-24T09:15:00,BUY_NO,0.5050,0.3891,-0.0959,0.0959,YES,0,-0.9000,-0.9180
2026-06-24T09:31:27+00:00,2026-06-24T09:08:12+00:00,UPDOWN_GBM,ETH#15min,2649881,"Ethereum Up or Down - June 24, 5:15AM-5:30AM ET",2026-06-24T09:30:00,BUY_NO,0.4950,0.3984,-0.0766,0.0766,NO,1,0.8822,0.8642
2026-06-24T09:31:27+00:00,2026-06-24T09:08:12+00:00,UPDOWN_GBM,BTC#15min,2649877,"Bitcoin Up or Down - June 24, 5:15AM-5:30AM ET",2026-06-24T09:30:00,BUY_NO,0.5050,0.4357,-0.0493,0.0493,NO,1,0.9182,0.9002
2026-06-24T09:46:51+00:00,2026-06-24T09:38:53+00:00,UPDOWN_GBM,ETH#5min,2650010,"Ethereum Up or Down - June 24, 5:40AM-5:45AM ET",2026-06-24T09:45:00,BUY_YES,0.5150,0.6716,0.1366,0.1366,NO,0,-0.9000,-0.9180
2026-06-24T09:46:51+00:00,2026-06-24T09:38:53+00:00,UPDOWN_GBM,BTC#5min,2650008,"Bitcoin Up or Down - June 24, 5:40AM-5:45AM ET",2026-06-24T09:45:00,BUY_YES,0.5050,0.6926,0.1676,0.1676,NO,0,-0.9000,-0.9180
2026-06-24T10:01:02+00:00,2026-06-24T09:38:53+00:00,UPDOWN_GBM,ETH#15min,2650023,"Ethereum Up or Down - June 24, 5:45AM-6:00AM ET",2026-06-24T10:00:00,BUY_YES,0.5150,0.5989,0.0639,0.0639,YES,1,0.8476,0.8296
2026-06-24T10:01:02+00:00,2026-06-24T09:38:53+00:00,UPDOWN_GBM,BTC#15min,2650021,"Bitcoin Up or Down - June 24, 5:45AM-6:00AM ET",2026-06-24T10:00:00,BUY_YES,0.5250,0.5814,0.0364,0.0364,YES,1,0.8143,0.7963
2026-06-24T10:01:02+00:00,2026-06-24T09:53:02+00:00,UPDOWN_GBM,BTC#5min,2650181,"Bitcoin Up or Down - June 24, 5:55AM-6:00AM ET",2026-06-24T10:00:00,BUY_YES,0.5050,0.6622,0.1372,0.1372,NO,0,-0.9000,-0.9180
2026-06-24T10:02:20+00:00,2026-06-24T09:53:02+00:00,UPDOWN_GBM,SOL#5min,2650184,"Solana Up or Down - June 24, 5:55AM-6:00AM ET",2026-06-24T10:00:00,BUY_YES,0.5050,0.6471,0.1221,0.1221,NO,0,-0.9000,-0.9180
2026-06-24T10:02:20+00:00,2026-06-24T09:53:02+00:00,UPDOWN_GBM,XRP#5min,2650183,"XRP Up or Down - June 24, 5:55AM-6:00AM ET",2026-06-24T10:00:00,BUY_YES,0.4800,0.6278,0.1278,0.1278,NO,0,-0.9000,-0.9180
2026-06-24T10:16:40+00:00,2026-06-24T09:53:02+00:00,UPDOWN_GBM,BTC#15min,2650202,"Bitcoin Up or Down - June 24, 6:00AM-6:15AM ET",2026-06-24T10:15:00,BUY_YES,0.5250,0.5865,0.0415,0.0415,NO,0,-0.9000,-0.9180
2026-06-24T10:21:53+00:00,2026-06-24T10:13:47+00:00,UPDOWN_GBM,BTC#5min,2650226,"Bitcoin Up or Down - June 24, 6:15AM-6:20AM ET",2026-06-24T10:20:00,BUY_YES,0.5050,0.5746,0.0496,0.0496,NO,0,-0.9000,-0.9180
2026-06-24T10:27:06+00:00,2026-06-24T10:21:39+00:00,UPDOWN_GBM,SOL#5min,2650244,"Solana Up or Down - June 24, 6:20AM-6:25AM ET",2026-06-24T10:25:00,BUY_NO,0.7500,0.5963,-0.1337,0.1337,YES,0,-0.9000,-0.9180
2026-06-24T10:38:18+00:00,2026-06-24T10:28:11+00:00,UPDOWN_GBM,SOL#5min,2650267,"Solana Up or Down - June 24, 6:30AM-6:35AM ET",2026-06-24T10:35:00,BUY_YES,0.5050,0.5482,0.0232,0.0232,YES,1,0.8822,0.8642
2026-06-24T10:38:18+00:00,2026-06-24T10:28:11+00:00,UPDOWN_GBM,ETH#5min,2650268,"Ethereum Up or Down - June 24, 6:30AM-6:35AM ET",2026-06-24T10:35:00,BUY_NO,0.4850,0.4192,-0.0458,0.0458,YES,0,-0.9000,-0.9180
2026-06-24T10:38:18+00:00,2026-06-24T10:28:11+00:00,UPDOWN_GBM,BTC#5min,2650271,"Bitcoin Up or Down - June 24, 6:30AM-6:35AM ET",2026-06-24T10:35:00,BUY_NO,0.5050,0.4095,-0.0755,0.0755,YES,0,-0.9000,-0.9180
2026-06-24T10:56:17+00:00,2026-06-24T10:50:27+00:00,ORDER_FLOW_5M,,2650354,"Ethereum Up or Down - June 24, 6:50AM-6:55AM ET",2026-06-24T10:55:00,BUY_NO,0.5050,0.3054,-0.1796,0.1796,NO,1,0.9182,0.9002
2026-06-24T10:56:17+00:00,2026-06-24T10:50:27+00:00,ORDER_FLOW_5M,,2650358,"Bitcoin Up or Down - June 24, 6:50AM-6:55AM ET",2026-06-24T10:55:00,BUY_YES,0.5050,0.6866,0.1616,0.1616,NO,0,-0.9000,-0.9180
2026-06-24T10:56:17+00:00,2026-06-24T10:50:27+00:00,ORDER_FLOW_5M,,2650352,"XRP Up or Down - June 24, 6:50AM-6:55AM ET",2026-06-24T10:55:00,BUY_YES,0.5100,0.6867,0.1567,0.1567,NO,0,-0.9000,-0.9180
2026-06-24T10:57:45+00:00,2026-06-24T10:41:15+00:00,UPDOWN_GBM,SOL#15min,2650340,"Solana Up or Down - June 24, 6:45AM-7:00AM ET",2026-06-24T11:00:00,BUY_YES,0.5050,0.5553,0.0303,0.0303,NO,0,-0.9000,-0.9180
2026-06-24T11:00:33+00:00,2026-06-24T10:50:27+00:00,ORDER_FLOW_5M,,2651234,"Bitcoin Up or Down - June 24, 6:55AM-7:00AM ET",2026-06-24T11:00:00,BUY_YES,0.5050,0.6866,0.1616,0.1616,NO,0,-0.9000,-0.9180
2026-06-24T11:01:57+00:00,2026-06-24T10:50:27+00:00,ORDER_FLOW_5M,,2651228,"Ethereum Up or Down - June 24, 6:55AM-7:00AM ET",2026-06-24T11:00:00,BUY_NO,0.5050,0.3054,-0.1796,0.1796,NO,1,0.9182,0.9002
2026-06-24T11:01:57+00:00,2026-06-24T10:50:27+00:00,ORDER_FLOW_5M,,2651233,"XRP Up or Down - June 24, 6:55AM-7:00AM ET",2026-06-24T11:00:00,BUY_YES,0.5000,0.6867,0.1667,0.1667,NO,0,-0.9000,-0.9180
2026-06-24T11:01:57+00:00,2026-06-24T10:53:13+00:00,ORDER_FLOW_5M,,2651229,"Solana Up or Down - June 24, 6:55AM-7:00AM ET",2026-06-24T11:00:00,BUY_NO,0.5050,0.2526,-0.2324,0.2324,YES,0,-0.9000,-0.9180
2026-06-24T11:06:12+00:00,2026-06-24T10:50:27+00:00,ORDER_FLOW_5M,,2651237,"Ethereum Up or Down - June 24, 7:00AM-7:05AM ET",2026-06-24T11:05:00,BUY_NO,0.5050,0.3054,-0.1796,0.1796,NO,1,0.9182,0.9002
2026-06-24T11:06:12+00:00,2026-06-24T10:50:27+00:00,ORDER_FLOW_5M,,2651246,"Bitcoin Up or Down - June 24, 7:00AM-7:05AM ET",2026-06-24T11:05:00,BUY_YES,0.5050,0.6866,0.1616,0.1616,NO,0,-0.9000,-0.9180
2026-06-24T11:06:12+00:00,2026-06-24T10:50:27+00:00,ORDER_FLOW_5M,,2651235,"XRP Up or Down - June 24, 7:00AM-7:05AM ET",2026-06-24T11:05:00,BUY_YES,0.5050,0.6867,0.1617,0.1617,NO,0,-0.9000,-0.9180
2026-06-24T11:06:12+00:00,2026-06-24T10:53:13+00:00,ORDER_FLOW_5M,,2651243,"Solana Up or Down - June 24, 7:00AM-7:05AM ET",2026-06-24T11:05:00,BUY_NO,0.5050,0.2526,-0.2324,0.2324,YES,0,-0.9000,-0.9180
2026-06-24T11:10:28+00:00,2026-06-24T10:53:13+00:00,ORDER_FLOW_5M,,2651255,"Solana Up or Down - June 24, 7:05AM-7:10AM ET",2026-06-24T11:10:00,BUY_NO,0.5050,0.2526,-0.2324,0.2324,NO,1,0.9182,0.9002,
2026-06-24T11:10:28+00:00,2026-06-24T10:53:13+00:00,ORDER_FLOW_5M,,2651252,"Dogecoin Up or Down - June 24, 7:05AM-7:10AM ET",2026-06-24T11:10:00,BUY_NO,0.5000,0.2348,-0.2452,0.2452,NO,1,0.9000,0.8820,
2026-06-24T11:10:28+00:00,2026-06-24T10:53:13+00:00,ORDER_FLOW_5M,,2651251,"BNB Up or Down - June 24, 7:05AM-7:10AM ET",2026-06-24T11:10:00,BUY_NO,0.5050,0.2753,-0.2097,0.2097,NO,1,0.9182,0.9002,
2026-06-24T11:11:54+00:00,2026-06-24T10:50:27+00:00,ORDER_FLOW_5M,,2651253,"Bitcoin Up or Down - June 24, 7:05AM-7:10AM ET",2026-06-24T11:10:00,BUY_YES,0.5050,0.6866,0.1616,0.1616,NO,0,-0.9000,-0.9180,
2026-06-24T11:13:19+00:00,2026-06-24T10:50:27+00:00,ORDER_FLOW_5M,,2651249,"XRP Up or Down - June 24, 7:05AM-7:10AM ET",2026-06-24T11:10:00,BUY_YES,0.5050,0.6867,0.1617,0.1617,NO,0,-0.9000,-0.9180,
2026-06-24T11:16:09+00:00,2026-06-24T06:01:28+00:00,UPDOWN_GBM,ETH#240min,2649674,"Ethereum Up or Down - June 24, 4:00AM-8:00AM ET",2026-06-24T12:00:00,BUY_NO,0.5000,0.4324,-0.0476,0.0476,NO,1,0.9000,0.8820,
2026-06-24T11:16:09+00:00,2026-06-24T10:53:13+00:00,ORDER_FLOW_5M,,2651261,"Solana Up or Down - June 24, 7:10AM-7:15AM ET",2026-06-24T11:15:00,BUY_NO,0.5050,0.2526,-0.2324,0.2324,NO,1,0.9182,0.9002,
2026-06-24T11:16:09+00:00,2026-06-24T10:53:13+00:00,UPDOWN_GBM,BTC#15min,2651242,"Bitcoin Up or Down - June 24, 7:00AM-7:15AM ET",2026-06-24T11:15:00,BUY_YES,0.5050,0.7002,0.1752,0.1752,NO,0,-0.9000,-0.9180,
2026-06-24T11:16:09+00:00,2026-06-24T11:05:57+00:00,UPDOWN_GBM,SOL#15min,2651236,"Solana Up or Down - June 24, 7:00AM-7:15AM ET",2026-06-24T11:15:00,BUY_NO,0.6050,0.4647,-0.1203,0.1203,NO,1,1.3785,1.3605,
2026-06-24T11:17:35+00:00,2026-06-24T10:50:27+00:00,ORDER_FLOW_5M,,2651262,"Bitcoin Up or Down - June 24, 7:10AM-7:15AM ET",2026-06-24T11:15:00,BUY_YES,0.5050,0.6866,0.1616,0.1616,YES,1,0.8822,0.8642,
2026-06-24T11:20:27+00:00,2026-06-24T10:53:13+00:00,ORDER_FLOW_5M,,2651279,"Solana Up or Down - June 24, 7:15AM-7:20AM ET",2026-06-24T11:20:00,BUY_NO,0.5050,0.2526,-0.2324,0.2324,NO,1,0.9182,0.9002,
2026-06-24T11:26:09+00:00,2026-06-24T10:53:13+00:00,ORDER_FLOW_5M,,2651281,"Solana Up or Down - June 24, 7:20AM-7:25AM ET",2026-06-24T11:25:00,BUY_NO,0.5050,0.2526,-0.2324,0.2324,YES,0,-0.9000,-0.9180,
2026-06-24T11:26:09+00:00,2026-06-24T11:08:49+00:00,ORDER_FLOW_5M,,2651280,"Dogecoin Up or Down - June 24, 7:20AM-7:25AM ET",2026-06-24T11:25:00,BUY_NO,0.5000,0.3773,-0.1027,0.1027,YES,0,-0.9000,-0.9180,
2026-06-24T11:36:10+00:00,2026-06-24T10:50:27+00:00,ORDER_FLOW_5M,,2651303,"Ethereum Up or Down - June 24, 7:30AM-7:35AM ET",2026-06-24T11:35:00,BUY_NO,0.5050,0.3054,-0.1796,0.1796,YES,0,-0.9000,-0.9180,
2026-06-24T11:36:10+00:00,2026-06-24T11:21:36+00:00,ORDER_FLOW_5M,,2651302,"XRP Up or Down - June 24, 7:30AM-7:35AM ET",2026-06-24T11:35:00,BUY_NO,0.5050,0.3652,-0.1198,0.1198,YES,0,-0.9000,-0.9180,
2026-06-24T11:39:05+00:00,2026-06-24T10:53:13+00:00,ORDER_FLOW_5M,,2651344,"Solana Up or Down - June 24, 7:35AM-7:40AM ET",2026-06-24T11:40:00,BUY_NO,0.5050,0.2526,-0.2324,0.2324,YES,0,-0.9000,-0.9180,
2026-06-24T11:39:05+00:00,2026-06-24T11:21:36+00:00,ORDER_FLOW_5M,,2651347,"BNB Up or Down - June 24, 7:35AM-7:40AM ET",2026-06-24T11:40:00,BUY_YES,0.5050,0.6990,0.1740,0.1740,YES,1,0.8822,0.8642,
2026-06-24T11:39:05+00:00,2026-06-24T11:23:02+00:00,ORDER_FLOW_5M,,2651348,"Dogecoin Up or Down - June 24, 7:35AM-7:40AM ET",2026-06-24T11:40:00,BUY_NO,0.5000,0.1315,-0.3485,0.3485,YES,0,-0.9000,-0.9180,
2026-06-24T11:40:32+00:00,2026-06-24T10:50:27+00:00,ORDER_FLOW_5M,,2651345,"Ethereum Up or Down - June 24, 7:35AM-7:40AM ET",2026-06-24T11:40:00,BUY_NO,0.5050,0.3054,-0.1796,0.1796,YES,0,-0.9000,-0.9180,
2026-06-24T11:40:32+00:00,2026-06-24T10:50:27+00:00,ORDER_FLOW_5M,,2651346,"Bitcoin Up or Down - June 24, 7:35AM-7:40AM ET",2026-06-24T11:40:00,BUY_YES,0.5050,0.6866,0.1616,0.1616,YES,1,0.8822,0.8642,
2026-06-24T11:44:53+00:00,2026-06-24T10:53:13+00:00,ORDER_FLOW_5M,,2651361,"Solana Up or Down - June 24, 7:40AM-7:45AM ET",2026-06-24T11:45:00,BUY_NO,0.5050,0.2526,-0.2324,0.2324,YES,0,-0.9000,-0.9180,
2026-06-24T11:46:19+00:00,2026-06-24T10:50:27+00:00,ORDER_FLOW_5M,,2651365,"Ethereum Up or Down - June 24, 7:40AM-7:45AM ET",2026-06-24T11:45:00,BUY_NO,0.5050,0.3054,-0.1796,0.1796,YES,0,-0.9000,-0.9180,
2026-06-24T11:46:19+00:00,2026-06-24T10:50:27+00:00,ORDER_FLOW_5M,,2651360,"Bitcoin Up or Down - June 24, 7:40AM-7:45AM ET",2026-06-24T11:45:00,BUY_YES,0.5050,0.6866,0.1616,0.1616,YES,1,0.8822,0.8642,
2026-06-24T11:49:11+00:00,2026-06-24T10:53:13+00:00,ORDER_FLOW_5M,,2651372,"Solana Up or Down - June 24, 7:45AM-7:50AM ET",2026-06-24T11:50:00,BUY_NO,0.5050,0.2526,-0.2324,0.2324,YES,0,-0.9000,-0.9180,
2026-06-24T11:49:11+00:00,2026-06-24T11:31:35+00:00,ORDER_FLOW_5M,,2651376,"Dogecoin Up or Down - June 24, 7:45AM-7:50AM ET",2026-06-24T11:50:00,BUY_NO,0.5000,0.1672,-0.3128,0.3128,YES,0,-0.9000,-0.9180,
2026-06-24T11:49:11+00:00,2026-06-24T11:31:35+00:00,ORDER_FLOW_5M,,2651371,"BNB Up or Down - June 24, 7:45AM-7:50AM ET",2026-06-24T11:50:00,BUY_YES,0.5050,0.7780,0.2530,0.2530,YES,1,0.8822,0.8642,
2026-06-24T11:50:38+00:00,2026-06-24T10:50:27+00:00,ORDER_FLOW_5M,,2651379,"Bitcoin Up or Down - June 24, 7:45AM-7:50AM ET",2026-06-24T11:50:00,BUY_YES,0.5050,0.6866,0.1616,0.1616,YES,1,0.8822,0.8642,
2026-06-24T11:52:06+00:00,2026-06-24T10:53:13+00:00,UPDOWN_GBM,BTC#60min,2638544,"Bitcoin Up or Down - June 24, 7AM ET",2026-06-24T12:00:00,BUY_YES,0.5050,0.6378,0.1128,0.1128,YES,1,0.8822,0.8642,
2026-06-24T11:55:00+00:00,2026-06-24T10:53:13+00:00,ORDER_FLOW_5M,,2651384,"Solana Up or Down - June 24, 7:50AM-7:55AM ET",2026-06-24T11:55:00,BUY_NO,0.5050,0.2526,-0.2324,0.2324,NO,1,0.9182,0.9002,
2026-06-24T11:55:00+00:00,2026-06-24T11:35:55+00:00,ORDER_FLOW_5M,,2651382,"BNB Up or Down - June 24, 7:50AM-7:55AM ET",2026-06-24T11:55:00,BUY_YES,0.5050,0.6792,0.1542,0.1542,NO,0,-0.9000,-0.9180,
2026-06-24T11:55:00+00:00,2026-06-24T11:37:22+00:00,ORDER_FLOW_5M,,2651388,"Dogecoin Up or Down - June 24, 7:50AM-7:55AM ET",2026-06-24T11:55:00,BUY_YES,0.5000,0.6429,0.1229,0.1229,NO,0,-0.9000,-0.9180,
2026-06-24T11:56:28+00:00,2026-06-24T10:50:27+00:00,ORDER_FLOW_5M,,2651386,"Ethereum Up or Down - June 24, 7:50AM-7:55AM ET",2026-06-24T11:55:00,BUY_NO,0.5050,0.3054,-0.1796,0.1796,NO,1,0.9182,0.9002,
2026-06-24T11:56:28+00:00,2026-06-24T10:56:02+00:00,ORDER_FLOW_5M,,2651385,"Bitcoin Up or Down - June 24, 7:50AM-7:55AM ET",2026-06-24T11:55:00,BUY_YES,0.5050,0.6908,0.1658,0.1658,NO,0,-0.9000,-0.9180,
2026-06-24T11:57:55+00:00,2026-06-24T06:01:28+00:00,UPDOWN_GBM,BTC#240min,2649676,"Bitcoin Up or Down - June 24, 4:00AM-8:00AM ET",2026-06-24T12:00:00,BUY_NO,0.5000,0.4303,-0.0497,0.0497,YES,0,-0.9000,-0.9180,
2026-06-24T12:00:47+00:00,2026-06-24T10:53:13+00:00,ORDER_FLOW_5M,,2651530,"Solana Up or Down - June 24, 7:55AM-8:00AM ET",2026-06-24T12:00:00,BUY_NO,0.5050,0.2526,-0.2324,0.2324,NO,1,0.9182,0.9002,
2026-06-24T12:00:47+00:00,2026-06-24T11:05:57+00:00,ORDER_FLOW_5M,,2651526,"Bitcoin Up or Down - June 24, 7:55AM-8:00AM ET",2026-06-24T12:00:00,BUY_YES,0.5050,0.6335,0.1085,0.1085,NO,0,-0.9000,-0.9180,
2026-06-24T12:00:47+00:00,2026-06-24T11:43:10+00:00,ORDER_FLOW_5M,,2651528,"Dogecoin Up or Down - June 24, 7:55AM-8:00AM ET",2026-06-24T12:00:00,BUY_NO,0.5000,0.3837,-0.0963,0.0963,NO,1,0.9000,0.8820,
2026-06-24T12:06:38+00:00,2026-06-24T10:53:13+00:00,ORDER_FLOW_5M,,2651543,"Solana Up or Down - June 24, 8:00AM-8:05AM ET",2026-06-24T12:05:00,BUY_NO,0.5050,0.2526,-0.2324,0.2324,YES,0,-0.9000,-0.9180,
2026-06-24T12:06:38+00:00,2026-06-24T11:17:20+00:00,ORDER_FLOW_5M,,2651536,"Bitcoin Up or Down - June 24, 8:00AM-8:05AM ET",2026-06-24T12:05:00,BUY_YES,0.5050,0.6167,0.0917,0.0917,YES,1,0.8822,0.8642,
2026-06-24T12:11:00+00:00,2026-06-24T10:50:27+00:00,ORDER_FLOW_5M,,2651558,"Ethereum Up or Down - June 24, 8:05AM-8:10AM ET",2026-06-24T12:10:00,BUY_NO,0.5050,0.3054,-0.1796,0.1796,NO,1,0.9182,0.9002,
2026-06-24T12:11:00+00:00,2026-06-24T11:54:44+00:00,ORDER_FLOW_5M,,2651561,"Dogecoin Up or Down - June 24, 8:05AM-8:10AM ET",2026-06-24T12:10:00,BUY_NO,0.5000,0.2600,-0.2200,0.2200,NO,1,0.9000,0.8820,
2026-06-24T12:15:22+00:00,2026-06-24T10:50:27+00:00,ORDER_FLOW_5M,,2651567,"Ethereum Up or Down - June 24, 8:10AM-8:15AM ET",2026-06-24T12:15:00,BUY_NO,0.5050,0.3054,-0.1796,0.1796,NO,1,0.9182,0.9002,
2026-06-24T12:15:22+00:00,2026-06-24T11:25:54+00:00,ORDER_FLOW_5M,,2651569,"Bitcoin Up or Down - June 24, 8:10AM-8:15AM ET",2026-06-24T12:15:00,BUY_YES,0.5050,0.6029,0.0779,0.0779,NO,0,-0.9000,-0.9180,
2026-06-24T12:16:50+00:00,2026-06-24T11:53:18+00:00,UPDOWN_GBM,ETH#15min,2651545,"Ethereum Up or Down - June 24, 8:00AM-8:15AM ET",2026-06-24T12:15:00,BUY_YES,0.4950,0.5632,0.0482,0.0482,NO,0,-0.9000,-0.9180,
2026-06-24T12:16:50+00:00,2026-06-24T11:53:18+00:00,UPDOWN_GBM,BTC#15min,2651549,"Bitcoin Up or Down - June 24, 8:00AM-8:15AM ET",2026-06-24T12:15:00,BUY_YES,0.5050,0.5634,0.0384,0.0384,NO,0,-0.9000,-0.9180,
2026-06-24T12:21:14+00:00,2026-06-24T10:50:27+00:00,ORDER_FLOW_5M,,2651575,"Ethereum Up or Down - June 24, 8:15AM-8:20AM ET",2026-06-24T12:20:00,BUY_NO,0.5050,0.3054,-0.1796,0.1796,YES,0,-0.9000,-0.9180,
2026-06-24T12:21:14+00:00,2026-06-24T11:25:54+00:00,ORDER_FLOW_5M,,2651570,"Bitcoin Up or Down - June 24, 8:15AM-8:20AM ET",2026-06-24T12:20:00,BUY_YES,0.5050,0.6029,0.0779,0.0779,NO,0,-0.9000,-0.9180,
2026-06-24T12:25:39+00:00,2026-06-24T10:50:27+00:00,ORDER_FLOW_5M,,2651585,"Ethereum Up or Down - June 24, 8:20AM-8:25AM ET",2026-06-24T12:25:00,BUY_NO,0.5050,0.3054,-0.1796,0.1796,NO,1,0.9182,0.9002,
2026-06-24T12:27:07+00:00,2026-06-24T12:09:15+00:00,ORDER_FLOW_5M,,2651590,"BNB Up or Down - June 24, 8:20AM-8:25AM ET",2026-06-24T12:25:00,BUY_NO,0.5050,0.2489,-0.2361,0.2361,NO,1,0.9182,0.9002,
2026-06-24T12:27:07+00:00,2026-06-24T12:20:58+00:00,ORDER_FLOW_5M,,2651588,"XRP Up or Down - June 24, 8:20AM-8:25AM ET",2026-06-24T12:25:00,BUY_NO,0.5000,0.2910,-0.1890,0.1890,NO,1,0.9000,0.8820,
2026-06-24T12:30:04+00:00,2026-06-24T10:53:13+00:00,ORDER_FLOW_5M,,2651598,"Solana Up or Down - June 24, 8:25AM-8:30AM ET",2026-06-24T12:30:00,BUY_NO,0.5050,0.2526,-0.2324,0.2324,NO,1,0.9182,0.9002,
2026-06-24T12:30:04+00:00,2026-06-24T11:34:28+00:00,ORDER_FLOW_5M,,2651592,"Bitcoin Up or Down - June 24, 8:25AM-8:30AM ET",2026-06-24T12:30:00,BUY_YES,0.5050,0.6646,0.1396,0.1396,YES,1,0.8822,0.8642,
2026-06-24T12:31:34+00:00,2026-06-24T12:20:58+00:00,ORDER_FLOW_5M,,2651593,"XRP Up or Down - June 24, 8:25AM-8:30AM ET",2026-06-24T12:30:00,BUY_NO,0.5000,0.2910,-0.1890,0.1890,NO,1,0.9000,0.8820,
2026-06-24T12:35:59+00:00,2026-06-24T10:53:13+00:00,ORDER_FLOW_5M,,2651604,"Solana Up or Down - June 24, 8:30AM-8:35AM ET",2026-06-24T12:35:00,BUY_NO,0.5050,0.2526,-0.2324,0.2324,NO,1,0.9182,0.9002,
2026-06-24T12:41:58+00:00,2026-06-24T10:53:13+00:00,ORDER_FLOW_5M,,2651650,"Solana Up or Down - June 24, 8:35AM-8:40AM ET",2026-06-24T12:40:00,BUY_NO,0.5050,0.2526,-0.2324,0.2324,YES,0,-0.9000,-0.9180,
2026-06-24T12:41:58+00:00,2026-06-24T11:50:22+00:00,ORDER_FLOW_5M,,2651655,"Bitcoin Up or Down - June 24, 8:35AM-8:40AM ET",2026-06-24T12:40:00,BUY_YES,0.5050,0.7217,0.1967,0.1967,YES,1,0.8822,0.8642,
2026-06-24T12:50:55+00:00,2026-06-24T12:12:11+00:00,ORDER_FLOW_5M,,2651707,"Bitcoin Up or Down - June 24, 8:45AM-8:50AM ET",2026-06-24T12:50:00,BUY_YES,0.5050,0.7075,0.1825,0.1825,NO,0,-0.9000,-0.9180,
2026-06-24T12:52:24+00:00,2026-06-24T12:37:13+00:00,ORDER_FLOW_5M,,2651702,"BNB Up or Down - June 24, 8:45AM-8:50AM ET",2026-06-24T12:50:00,BUY_YES,0.5050,0.7129,0.1879,0.1879,NO,0,-0.9000,-0.9180,
2026-06-24T12:52:24+00:00,2026-06-24T12:44:41+00:00,ORDER_FLOW_5M,,2651708,"XRP Up or Down - June 24, 8:45AM-8:50AM ET",2026-06-24T12:50:00,BUY_NO,0.5000,0.1841,-0.2959,0.2959,NO,1,0.9000,0.8820,
2026-06-24T12:56:54+00:00,2026-06-24T10:53:13+00:00,ORDER_FLOW_5M,,2651721,"Solana Up or Down - June 24, 8:50AM-8:55AM ET",2026-06-24T12:55:00,BUY_NO,0.5050,0.2526,-0.2324,0.2324,NO,1,0.9182,0.9002,
2026-06-24T12:56:54+00:00,2026-06-24T11:53:18+00:00,UPDOWN_GBM,BTC#60min,2638746,"Bitcoin Up or Down - June 24, 8AM ET",2026-06-24T13:00:00,BUY_YES,0.5050,0.5499,0.0249,0.0249,NO,0,-0.9000,-0.9180,
2026-06-24T12:56:54+00:00,2026-06-24T12:35:42+00:00,ORDER_FLOW_5M,,2651717,"Dogecoin Up or Down - June 24, 8:50AM-8:55AM ET",2026-06-24T12:55:00,BUY_NO,0.5000,0.2703,-0.2097,0.2097,NO,1,0.9000,0.8820,
2026-06-24T12:56:54+00:00,2026-06-24T12:44:41+00:00,ORDER_FLOW_5M,,2651718,"XRP Up or Down - June 24, 8:50AM-8:55AM ET",2026-06-24T12:55:00,BUY_NO,0.5050,0.1841,-0.3009,0.3009,NO,1,0.9182,0.9002,
2026-06-24T12:58:25+00:00,2026-06-24T12:38:42+00:00,UPDOWN_GBM,BTC#15min,2651703,"Bitcoin Up or Down - June 24, 8:45AM-9:00AM ET",2026-06-24T13:00:00,BUY_YES,0.5050,0.5753,0.0503,0.0503,NO,0,-0.9000,-0.9180,
2026-06-24T12:59:56+00:00,2026-06-24T12:43:12+00:00,ORDER_FLOW_5M,,2651763,"BNB Up or Down - June 24, 8:55AM-9:00AM ET",2026-06-24T13:00:00,BUY_NO,0.5050,0.2983,-0.1867,0.1867,NO,1,0.9182,0.9002,
2026-06-24T13:01:28+00:00,2026-06-24T10:53:13+00:00,ORDER_FLOW_5M,,2651762,"Solana Up or Down - June 24, 8:55AM-9:00AM ET",2026-06-24T13:00:00,BUY_NO,0.5050,0.2526,-0.2324,0.2324,NO,1,0.9182,0.9002,
2026-06-24T13:01:28+00:00,2026-06-24T11:11:38+00:00,ORDER_FLOW_5M,,2651760,"Ethereum Up or Down - June 24, 8:55AM-9:00AM ET",2026-06-24T13:00:00,BUY_NO,0.5050,0.2463,-0.2387,0.2387,NO,1,0.9182,0.9002,
2026-06-24T13:01:28+00:00,2026-06-24T12:12:11+00:00,ORDER_FLOW_5M,,2651758,"Bitcoin Up or Down - June 24, 8:55AM-9:00AM ET",2026-06-24T13:00:00,BUY_YES,0.5050,0.7075,0.1825,0.1825,NO,0,-0.9000,-0.9180,
2026-06-24T13:01:28+00:00,2026-06-24T12:38:42+00:00,UPDOWN_GBM,ETH#15min,2651711,"Ethereum Up or Down - June 24, 8:45AM-9:00AM ET",2026-06-24T13:00:00,BUY_YES,0.5050,0.5612,0.0362,0.0362,NO,0,-0.9000,-0.9180,
2026-06-24T13:01:28+00:00,2026-06-24T12:44:41+00:00,ORDER_FLOW_5M,,2651761,"XRP Up or Down - June 24, 8:55AM-9:00AM ET",2026-06-24T13:00:00,BUY_NO,0.5050,0.1841,-0.3009,0.3009,NO,1,0.9182,0.9002,
2026-06-24T13:04:26+00:00,2026-06-24T12:46:11+00:00,ORDER_FLOW_5M,,2651775,"BNB Up or Down - June 24, 9:00AM-9:05AM ET",2026-06-24T13:05:00,BUY_NO,0.5050,0.2689,-0.2161,0.2161,NO,1,0.9182,0.9002,
2026-06-24T13:05:55+00:00,2026-06-24T10:53:13+00:00,ORDER_FLOW_5M,,2651764,"Solana Up or Down - June 24, 9:00AM-9:05AM ET",2026-06-24T13:05:00,BUY_NO,0.5050,0.2526,-0.2324,0.2324,NO,1,0.9182,0.9002,
2026-06-24T13:05:55+00:00,2026-06-24T12:49:08+00:00,ORDER_FLOW_5M,,2651765,"Dogecoin Up or Down - June 24, 9:00AM-9:05AM ET",2026-06-24T13:05:00,BUY_NO,0.5000,0.1355,-0.3445,0.3445,NO,1,0.9000,0.8820,
2026-06-24T13:10:29+00:00,2026-06-24T11:25:54+00:00,ORDER_FLOW_5M,,2651784,"Ethereum Up or Down - June 24, 9:05AM-9:10AM ET",2026-06-24T13:10:00,BUY_YES,0.5050,0.6083,0.0833,0.0833,NO,0,-0.9000,-0.9180,
2026-06-24T13:10:29+00:00,2026-06-24T12:52:08+00:00,ORDER_FLOW_5M,,2651781,"BNB Up or Down - June 24, 9:05AM-9:10AM ET",2026-06-24T13:10:00,BUY_NO,0.5050,0.2619,-0.2231,0.2231,NO,1,0.9182,0.9002,
2026-06-24T13:11:59+00:00,2026-06-24T11:00:18+00:00,ORDER_FLOW_5M,,2651778,"Solana Up or Down - June 24, 9:05AM-9:10AM ET",2026-06-24T13:10:00,BUY_YES,0.5050,0.7524,0.2274,0.2274,NO,0,-0.9000,-0.9180,
2026-06-24T13:11:59+00:00,2026-06-24T12:55:08+00:00,ORDER_FLOW_5M,,2651782,"XRP Up or Down - June 24, 9:05AM-9:10AM ET",2026-06-24T13:10:00,BUY_YES,0.5050,0.6930,0.1680,0.1680,NO,0,-0.9000,-0.9180,
2026-06-24T13:16:30+00:00,2026-06-24T11:25:54+00:00,ORDER_FLOW_5M,,2651793,"Ethereum Up or Down - June 24, 9:10AM-9:15AM ET",2026-06-24T13:15:00,BUY_YES,0.5050,0.6083,0.0833,0.0833,NO,0,-0.9000,-0.9180,
2026-06-24T13:21:01+00:00,2026-06-24T11:07:22+00:00,ORDER_FLOW_5M,,2651803,"Solana Up or Down - June 24, 9:15AM-9:20AM ET",2026-06-24T13:20:00,BUY_YES,0.5050,0.6365,0.1115,0.1115,YES,1,0.8822,0.8642,
2026-06-24T13:21:01+00:00,2026-06-24T11:25:54+00:00,ORDER_FLOW_5M,,2651811,"Ethereum Up or Down - June 24, 9:15AM-9:20AM ET",2026-06-24T13:20:00,BUY_YES,0.5050,0.6083,0.0833,0.0833,YES,1,0.8822,0.8642,
2026-06-24T13:24:01+00:00,2026-06-24T13:07:09+00:00,ORDER_FLOW_5M,,2651815,"BNB Up or Down - June 24, 9:20AM-9:25AM ET",2026-06-24T13:25:00,BUY_NO,0.5050,0.2765,-0.2085,0.2085,NO,1,0.9182,0.9002,
2026-06-24T13:27:06+00:00,2026-06-24T13:13:15+00:00,ORDER_FLOW_5M,,2651817,"Bitcoin Up or Down - June 24, 9:20AM-9:25AM ET",2026-06-24T13:25:00,BUY_NO,0.5050,0.2695,-0.2155,0.2155,NO,1,0.9182,0.9002,
2026-06-24T13:27:06+00:00,2026-06-24T13:13:15+00:00,ORDER_FLOW_5M,,2651816,"XRP Up or Down - June 24, 9:20AM-9:25AM ET",2026-06-24T13:25:00,BUY_NO,0.5000,0.2958,-0.1842,0.1842,NO,1,0.9000,0.8820,
2026-06-24T13:30:06+00:00,2026-06-24T13:13:15+00:00,ORDER_FLOW_5M,,2651870,"XRP Up or Down - June 24, 9:25AM-9:30AM ET",2026-06-24T13:30:00,BUY_NO,0.5050,0.2958,-0.1892,0.1892,YES,0,-0.9000,-0.9180,
2026-06-24T13:31:41+00:00,2026-06-24T13:13:15+00:00,ORDER_FLOW_5M,,2651871,"Bitcoin Up or Down - June 24, 9:25AM-9:30AM ET",2026-06-24T13:30:00,BUY_NO,0.5050,0.2695,-0.2155,0.2155,YES,0,-0.9000,-0.9180,
2026-06-24T13:34:41+00:00,2026-06-24T13:13:15+00:00,ORDER_FLOW_5M,,2651881,"Bitcoin Up or Down - June 24, 9:30AM-9:35AM ET",2026-06-24T13:35:00,BUY_NO,0.5050,0.2695,-0.2155,0.2155,YES,0,-0.9000,-0.9180,
2026-06-24T13:40:41+00:00,2026-06-24T12:12:11+00:00,ORDER_FLOW_5M,,2651926,"Ethereum Up or Down - June 24, 9:35AM-9:40AM ET",2026-06-24T13:40:00,BUY_YES,0.5050,0.7418,0.2168,0.2168,NO,0,-0.9000,-0.9180,
2026-06-24T13:40:41+00:00,2026-06-24T13:13:15+00:00,ORDER_FLOW_5M,,2651925,"Bitcoin Up or Down - June 24, 9:35AM-9:40AM ET",2026-06-24T13:40:00,BUY_NO,0.5050,0.2695,-0.2155,0.2155,NO,1,0.9182,0.9002,
2026-06-24T13:40:41+00:00,2026-06-24T13:23:44+00:00,ORDER_FLOW_5M,,2651930,"BNB Up or Down - June 24, 9:35AM-9:40AM ET",2026-06-24T13:40:00,BUY_NO,0.5050,0.2366,-0.2484,0.2484,NO,1,0.9182,0.9002,
2026-06-24T13:42:14+00:00,2026-06-24T11:23:02+00:00,ORDER_FLOW_5M,,2651929,"Solana Up or Down - June 24, 9:35AM-9:40AM ET",2026-06-24T13:40:00,BUY_NO,0.5050,0.2648,-0.2202,0.2202,NO,1,0.9182,0.9002,
2026-06-24T13:45:20+00:00,2026-06-24T13:13:15+00:00,ORDER_FLOW_5M,,2651950,"Bitcoin Up or Down - June 24, 9:40AM-9:45AM ET",2026-06-24T13:45:00,BUY_NO,0.5050,0.2695,-0.2155,0.2155,NO,1,0.9182,0.9002,
2026-06-24T13:45:20+00:00,2026-06-24T13:23:44+00:00,UPDOWN_GBM,SOL#15min,2651884,"Solana Up or Down - June 24, 9:30AM-9:45AM ET",2026-06-24T13:45:00,BUY_NO,0.5050,0.3037,-0.1813,0.1813,NO,1,0.9182,0.9002,
2026-06-24T13:45:20+00:00,2026-06-24T13:23:44+00:00,UPDOWN_GBM,BTC#15min,2651885,"Bitcoin Up or Down - June 24, 9:30AM-9:45AM ET",2026-06-24T13:45:00,BUY_NO,0.5150,0.4537,-0.0413,0.0413,NO,1,0.9557,0.9377,
2026-06-24T13:46:51+00:00,2026-06-24T13:23:44+00:00,UPDOWN_GBM,ETH#15min,2651876,"Ethereum Up or Down - June 24, 9:30AM-9:45AM ET",2026-06-24T13:45:00,BUY_NO,0.5050,0.3603,-0.1247,0.1247,NO,1,0.9182,0.9002,
2026-06-24T13:46:51+00:00,2026-06-24T13:40:24+00:00,ORDER_FLOW_5M,,2651945,"Dogecoin Up or Down - June 24, 9:40AM-9:45AM ET",2026-06-24T13:45:00,BUY_NO,0.5000,0.3042,-0.1758,0.1758,NO,1,0.9000,0.8820,
2026-06-24T13:51:25+00:00,2026-06-24T13:13:15+00:00,ORDER_FLOW_5M,,2651952,"Bitcoin Up or Down - June 24, 9:45AM-9:50AM ET",2026-06-24T13:50:00,BUY_NO,0.5050,0.2695,-0.2155,0.2155,NO,1,0.9182,0.9002,
2026-06-24T13:51:25+00:00,2026-06-24T13:40:24+00:00,ORDER_FLOW_5M,,2651960,"Dogecoin Up or Down - June 24, 9:45AM-9:50AM ET",2026-06-24T13:50:00,BUY_NO,0.5000,0.3042,-0.1758,0.1758,NO,1,0.9000,0.8820,
2026-06-24T13:51:25+00:00,2026-06-24T13:41:56+00:00,ORDER_FLOW_5M,,2651964,"XRP Up or Down - June 24, 9:45AM-9:50AM ET",2026-06-24T13:50:00,BUY_NO,0.5000,0.2672,-0.2128,0.2128,YES,0,-0.9000,-0.9180,
2026-06-24T13:56:02+00:00,2026-06-24T13:38:54+00:00,ORDER_FLOW_5M,,2651970,"BNB Up or Down - June 24, 9:50AM-9:55AM ET",2026-06-24T13:55:00,BUY_NO,0.5050,0.3003,-0.1847,0.1847,YES,0,-0.9000,-0.9180,
2026-06-24T13:56:02+00:00,2026-06-24T13:41:56+00:00,ORDER_FLOW_5M,,2651972,"XRP Up or Down - June 24, 9:50AM-9:55AM ET",2026-06-24T13:55:00,BUY_NO,0.5000,0.2672,-0.2128,0.2128,YES,0,-0.9000,-0.9180,
2026-06-24T13:59:07+00:00,2026-06-24T13:41:56+00:00,ORDER_FLOW_5M,,2651986,"XRP Up or Down - June 24, 9:55AM-10:00AM ET",2026-06-24T14:00:00,BUY_NO,0.5050,0.2672,-0.2178,0.2178,NO,1,0.9182,0.9002,
2026-06-24T14:06:47+00:00,2026-06-24T13:57:15+00:00,ORDER_FLOW_5M,,2651997,"XRP Up or Down - June 24, 10:00AM-10:05AM ET",2026-06-24T14:05:00,BUY_NO,0.5000,0.1929,-0.2871,0.2871,NO,1,0.9000,0.8820,
2026-06-24T14:06:47+00:00,2026-06-24T13:57:15+00:00,ORDER_FLOW_5M,,2651994,"Dogecoin Up or Down - June 24, 10:00AM-10:05AM ET",2026-06-24T14:05:00,BUY_NO,0.5000,0.2725,-0.2075,0.2075,NO,1,0.9000,0.8820,
2026-06-24T14:08:20+00:00,2026-06-24T07:02:51+00:00,PRICE_TARGET_GBM,ETH#atexpiry,2583137,"Will the price of Ethereum be above $1,700 on June 24?",2026-06-24T16:00:00,BUY_NO,0.1550,0.0500,-0.0850,0.0850,NO,1,0.1651,0.1471,
2026-06-24T14:09:54+00:00,2026-06-23T19:19:49+00:00,WEEKLY_PRICE,ETH,2583277,"Will the price of Ethereum be between $1,700 and $1,800 on June 24?",2026-06-24T16:00:00,BUY_NO,0.1400,0.1000,-0.0200,0.0200,NO,1,0.1465,0.1285,
2026-06-24T14:11:27+00:00,2026-06-24T13:57:15+00:00,ORDER_FLOW_5M,,2652007,"XRP Up or Down - June 24, 10:05AM-10:10AM ET",2026-06-24T14:10:00,BUY_NO,0.5000,0.1929,-0.2871,0.2871,YES,0,-0.9000,-0.9180,
2026-06-24T14:16:03+00:00,2026-06-24T12:18:03+00:00,ORDER_FLOW_5M,,2652016,"Solana Up or Down - June 24, 10:10AM-10:15AM ET",2026-06-24T14:15:00,BUY_NO,0.5050,0.2895,-0.1955,0.1955,YES,0,-0.9000,-0.9180,
2026-06-24T14:16:03+00:00,2026-06-24T12:29:47+00:00,ORDER_FLOW_5M,,2652012,"Ethereum Up or Down - June 24, 10:10AM-10:15AM ET",2026-06-24T14:15:00,BUY_NO,0.5050,0.2649,-0.2201,0.2201,NO,1,0.9182,0.9002,
2026-06-24T14:16:03+00:00,2026-06-24T13:23:44+00:00,ORDER_FLOW_5M,,2652011,"Bitcoin Up or Down - June 24, 10:10AM-10:15AM ET",2026-06-24T14:15:00,BUY_NO,0.5050,0.2720,-0.2130,0.2130,NO,1,0.9182,0.9002,
2026-06-24T14:22:13+00:00,2026-06-24T13:23:44+00:00,ORDER_FLOW_5M,,2652030,"Bitcoin Up or Down - June 24, 10:15AM-10:20AM ET",2026-06-24T14:20:00,BUY_NO,0.5050,0.2720,-0.2130,0.2130,NO,1,0.9182,0.9002,
2026-06-24T14:25:19+00:00,2026-06-24T12:18:03+00:00,ORDER_FLOW_5M,,2652034,"Solana Up or Down - June 24, 10:20AM-10:25AM ET",2026-06-24T14:25:00,BUY_NO,0.5050,0.2895,-0.1955,0.1955,YES,0,-0.9000,-0.9180,
2026-06-24T14:36:14+00:00,2026-06-24T12:18:03+00:00,ORDER_FLOW_5M,,2652052,"Solana Up or Down - June 24, 10:30AM-10:35AM ET",2026-06-24T14:35:00,BUY_NO,0.5050,0.2895,-0.1955,0.1955,YES,0,-0.9000,-0.9180,
2026-06-24T14:36:14+00:00,2026-06-24T12:34:15+00:00,ORDER_FLOW_5M,,2652049,"Ethereum Up or Down - June 24, 10:30AM-10:35AM ET",2026-06-24T14:35:00,BUY_NO,0.5050,0.2657,-0.2193,0.2193,YES,0,-0.9000,-0.9180,
2026-06-24T14:36:14+00:00,2026-06-24T14:18:49+00:00,ORDER_FLOW_5M,,2652060,"Dogecoin Up or Down - June 24, 10:30AM-10:35AM ET",2026-06-24T14:35:00,BUY_NO,0.5000,0.3039,-0.1761,0.1761,YES,0,-0.9000,-0.9180,
2026-06-24T14:36:14+00:00,2026-06-24T14:18:49+00:00,ORDER_FLOW_5M,,2652061,"BNB Up or Down - June 24, 10:30AM-10:35AM ET",2026-06-24T14:35:00,BUY_NO,0.5050,0.3084,-0.1766,0.1766,YES,0,-0.9000,-0.9180,
2026-06-24T14:40:53+00:00,2026-06-24T12:18:03+00:00,ORDER_FLOW_5M,,2652100,"Solana Up or Down - June 24, 10:35AM-10:40AM ET",2026-06-24T14:40:00,BUY_NO,0.5050,0.2895,-0.1955,0.1955,NO,1,0.9182,0.9002,
2026-06-24T14:45:34+00:00,2026-06-24T14:29:42+00:00,UPDOWN_GBM,SOL#15min,2652051,"Solana Up or Down - June 24, 10:30AM-10:45AM ET",2026-06-24T14:45:00,BUY_YES,0.5050,0.5724,0.0474,0.0474,YES,1,0.8822,0.8642,
2026-06-24T14:50:14+00:00,2026-06-24T12:50:38+00:00,ORDER_FLOW_5M,,2652138,"Solana Up or Down - June 24, 10:45AM-10:50AM ET",2026-06-24T14:50:00,BUY_NO,0.5050,0.2962,-0.1888,0.1888,NO,1,0.9182,0.9002,
