par,n,var1,var2,delta_var,mean1,mean2,delta_mean
GBM_LATE_15M_ESPACIO_ATR#SOL#15min#BUY_NO,275,1.1791,6.1022,4.9231,0.1923,0.6145,0.4221
GBM_LATE_15M_TARDIO#BTC#15min#BUY_YES,210,0.6506,4.2839,3.6333,0.1128,0.3988,0.286
GBM_LATE_15M_ESPACIO_ATR#BTC#15min#BUY_NO,266,3.3834,6.8814,3.498,0.5597,0.4008,-0.1589
GBM_LATE_15M_TARDIO#BTC#15min#BUY_NO,283,0.996,4.1033,3.1073,0.1473,0.111,-0.0363
GBM_LATE_15M_ESPACIO_ATR#ETH#15min#BUY_YES,273,2.727,5.3478,2.6207,0.4048,0.52,0.1153
UPDOWN_GBM#BNB#15min#BUY_NO,61,0.7063,3.0501,2.3437,0.0345,0.4927,0.4583
UPDOWN_GBM#XRP#15min#BUY_NO,65,1.5173,3.7196,2.2023,0.2207,0.257,0.0363
LEADLAG_BTC_XRP_15M#XRP#15min#BUY_NO,65,2.0117,3.9685,1.9568,0.5701,0.1445,-0.4256
GBM_LATE_15M#XRP#15min#BUY_NO,621,1.7948,3.5494,1.7546,0.4909,0.5187,0.0278
STREAK_FADE_15M#SOL#15min#BUY_NO,38,0.2402,1.9174,1.6772,0.0493,0.7118,0.6625
GBM_LATE_15M_TARDIO#SOL#15min#BUY_NO,273,0.4119,1.958,1.5461,0.1206,0.1873,0.0667
UPDOWN_GBM#BTC#15min#BUY_YES,265,0.7809,2.3124,1.5315,-0.1472,0.4462,0.5934
UPDOWN_GBM#ETH#15min#BUY_NO,334,2.3196,0.8835,-1.4361,0.0873,0.0854,-0.0018
GBM_LATE_15M_TARDIO#ETH#15min#BUY_YES,244,0.3727,1.7312,1.3585,0.0451,0.1184,0.0733
FAVORITO_CONFIRMADO#ETH#5min#BUY_NO,86,0.7879,2.118,1.3301,0.002,-0.2337,-0.2357
GBM_LATE_15M#BTC#15min#BUY_YES,538,0.9402,2.2065,1.2663,0.1207,0.2297,0.1089
GBM_LATE_15M#SOL#15min#BUY_NO,635,3.1571,4.4019,1.2449,0.6844,0.2938,-0.3906
GBM_LATE_15M#ETH#15min#BUY_NO,637,0.3971,1.5694,1.1723,0.0976,0.174,0.0764
GBM_LATE_15M#BTC#15min#BUY_NO,611,0.3643,1.5357,1.1714,0.0562,0.1718,0.1156
GBM_LATE_15M_TARDIO#SOL#15min#BUY_YES,204,0.3594,1.482,1.1227,0.0492,0.4796,0.4304
GBM_LATE_15M_ESPACIO_ATR#ETH#15min#BUY_NO,266,3.6316,4.697,1.0654,0.4278,0.5691,0.1413
FAVORITO_CONFIRMADO#ETH#5min#BUY_YES,90,1.0793,2.1107,1.0313,-0.127,-0.11,0.017
STREAK_FADE_15M#XRP#15min#BUY_NO,41,0.2493,1.276,1.0267,-0.0235,-0.0364,-0.0129
FAVORITO_CONFIRMADO#BTC#60min#BUY_YES,66,1.8987,2.9143,1.0156,0.0557,-0.0966,-0.1524
STREAK_FADE_15M#XRP#15min#BUY_YES,47,0.3296,1.3427,1.0131,0.0782,-0.0946,-0.1728
FAVORITO_CONFIRMADO#ETH#60min#BUY_YES,69,1.6839,2.6216,0.9377,0.1879,0.0166,-0.1713
FAVORITO_CONFIRMADO#SOL#5min#BUY_YES,84,1.241,2.1749,0.9338,-0.0028,-0.2888,-0.286
GBM_LATE_15M_TARDIO#XRP#15min#BUY_YES,261,2.4351,3.3472,0.9121,0.6027,0.808,0.2053
GBM_LATE_60M#SOL#60min#BUY_NO,62,1.5819,0.6813,-0.9006,0.1212,-0.0183,-0.1395
STREAK_FADE_15M#SOL#15min#BUY_YES,32,0.2465,1.0771,0.8306,-0.092,0.9928,1.0847
FAVORITO_CONFIRMADO_SOL_ALTACONVICCION#SOL#15min#BUY_YES,31,0.6088,1.4052,0.7964,0.1325,-0.0873,-0.2198
UPDOWN_GBM#BTC#15min#BUY_NO,65,1.8991,2.609,0.7099,-0.0876,0.2246,0.3122
FAVORITO_CONFIRMADO#SOL#5min#BUY_NO,84,0.7398,1.4156,0.6757,-0.082,-0.3853,-0.3033
FAVORITO_CONFIRMADO#SOL#15min#BUY_NO,265,1.1992,1.85,0.6508,0.0014,-0.0429,-0.0443
GBM_LATE_15M#ETH#15min#BUY_YES,515,1.2363,1.8724,0.6361,0.2767,0.1802,-0.0966
GBM_LATE_15M#XRP#15min#BUY_YES,590,2.9135,3.5227,0.6092,0.5092,0.494,-0.0152
GBM_LATE_15M_TARDIO#ETH#15min#BUY_NO,216,0.3888,0.9941,0.6052,-0.0223,0.0121,0.0345
FAVORITO_CONFIRMADO#ETH#15min#BUY_NO,267,1.2012,1.7815,0.5803,-0.0551,0.0394,0.0945
UPDOWN_GBM#SOL#15min#BUY_YES,49,0.928,0.3663,-0.5617,-0.0218,-0.3302,-0.3084
STREAK_MOM_5M#XRP#5min#BUY_YES,47,0.8419,0.2814,-0.5605,0.0061,-0.1455,-0.1515
GBM_LATE_15M_TARDIO#XRP#15min#BUY_NO,308,3.071,3.593,0.522,0.7627,0.641,-0.1218
PRICE_TARGET_GBM#BTC#atexpiry#BUY_NO,35,0.5209,0.0044,-0.5165,0.0119,-0.5633,-0.5752
STREAK_FADE_5M#SOL#5min#BUY_YES,71,0.2495,0.746,0.4965,-0.0582,-0.0773,-0.0191
STREAK_FADE_5M#XRP#5min#BUY_YES,79,0.5788,1.0601,0.4813,0.1366,-0.3196,-0.4562
UPDOWN_GBM#ETH#15min#BUY_YES,333,0.6303,1.0378,0.4075,-0.0518,0.1597,0.2115
FAVORITO_CONFIRMADO#SOL#60min#BUY_NO,74,1.4624,1.8631,0.4007,-0.1825,-0.3016,-0.1191
GBM_LATE_60M#SOL#60min#BUY_YES,48,0.6788,1.0562,0.3773,0.1173,0.2194,0.102
FAVORITO_CONFIRMADO#BTC#15min#BUY_YES,252,1.5889,1.9347,0.3458,-0.0327,-0.0077,0.0249
UPDOWN_GBM#BTC#60min#BUY_YES,35,0.6613,1.0043,0.343,0.3105,-0.5131,-0.8236
UPDOWN_GBM#SOL#15min#BUY_NO,53,1.021,1.3458,0.3248,0.2001,-0.1411,-0.3413
FAVORITO_CONFIRMADO#BTC#15min#BUY_NO,274,1.6152,1.9278,0.3126,0.0154,-0.1002,-0.1156
GBM_LATE_15M_ESPACIO_ATR#XRP#15min#BUY_YES,207,2.7463,3.0574,0.311,0.9301,0.9711,0.0409
GBM_LATE_60M#ETH#60min#BUY_NO,48,0.6399,0.3396,-0.3004,-0.1752,-0.2476,-0.0724
PRICE_TARGET_GBM#ETH#atexpiry#BUY_NO,36,0.2869,0.0026,-0.2843,-0.0759,-0.5276,-0.4516
UPDOWN_GBM#ETH#60min#BUY_YES,39,0.7971,0.5131,-0.284,0.1843,-0.2415,-0.4258
ORDER_FLOW_5M#BTC#5min#BUY_NO,188,0.2578,0.5204,0.2626,0.0399,-0.0213,-0.0613
ORDER_FLOW_5M#SOL#5min#BUY_NO,230,0.2539,0.48,0.2261,0.0516,0.0949,0.0433
UPDOWN_GBM#DOGE#15min#BUY_NO,50,0.952,1.1534,0.2015,-0.1322,0.0006,0.1328
GBM_LATE_15M#SOL#15min#BUY_YES,647,2.1769,2.354,0.1772,0.4423,0.2102,-0.2321
GBM_LATE_15M_ESPACIO_ATR#XRP#15min#BUY_NO,217,2.8239,2.6898,-0.1341,1.0774,1.1137,0.0363
GBM_LATE_60M#BTC#60min#BUY_NO,46,0.7849,0.9055,0.1206,-0.1419,0.1661,0.308
STREAK_MOM_5M#SOL#5min#BUY_NO,60,0.4259,0.5439,0.118,0.0726,-0.0276,-0.1002
ORDER_FLOW_5M#BNB#5min#BUY_NO,102,0.2322,0.3448,0.1126,0.1787,-0.0791,-0.2578
LEADLAG_BTC_XRP_15M#XRP#15min#BUY_YES,70,0.3778,0.4855,0.1076,0.0053,0.14,0.1347
ORDER_FLOW_5M#XRP#5min#BUY_NO,128,0.2566,0.3512,0.0946,0.0085,-0.0393,-0.0478
GBM_LATE_60M#ETH#60min#BUY_YES,54,0.4385,0.4802,0.0417,0.0395,-0.1441,-0.1836
GBM_LATE_60M#BTC#60min#BUY_YES,68,0.9773,1.0131,0.0357,0.113,0.0327,-0.0803
ORDER_FLOW_5M#DOGE#5min#BUY_NO,123,0.2537,0.2888,0.0351,-0.0344,0.0552,0.0896
ORDER_FLOW_5M#ETH#5min#BUY_NO,106,0.2593,0.2845,0.0252,-0.015,0.0092,0.0243
STREAK_MOM_5M#SOL#5min#BUY_YES,49,0.2613,0.2411,-0.0202,-0.0096,-0.1492,-0.1396
ORDER_FLOW_5M#BTC#5min#BUY_YES,103,0.2499,0.2366,-0.0133,-0.0052,-0.1292,-0.1239
ORDER_FLOW_5M#DOGE#5min#BUY_YES,93,0.2553,0.2493,-0.006,0.012,-0.0849,-0.0968
STREAK_MOM_5M#XRP#5min#BUY_NO,51,0.2272,0.2216,-0.0057,-0.1896,-0.2023,-0.0127
STREAK_MOM_5M#ETH#5min#BUY_YES,48,0.2491,0.2443,-0.0049,-0.097,-0.1353,-0.0383
STREAK_MOM_5M#ETH#5min#BUY_NO,55,0.2623,0.2663,0.004,0.0115,-0.0383,-0.0499
ORDER_FLOW_5M#BNB#5min#BUY_YES,96,0.2603,0.2639,0.0036,-0.0224,0.0515,0.0739
ORDER_FLOW_5M#ETH#5min#BUY_YES,153,0.2481,0.2452,-0.0029,-0.0406,-0.0726,-0.0319
ORDER_FLOW_5M#SOL#5min#BUY_YES,94,0.2496,0.2478,-0.0017,0.0169,-0.0674,-0.0842
ORDER_FLOW_5M#XRP#5min#BUY_YES,65,0.2552,0.2567,0.0015,-0.0128,-0.0547,-0.0419
