timestamp_utc,market_id,question,end_date,strategy,subtype,direction,stake_eur,entry_price,ic_modelo,edge_neto,conviction_score,kelly_recomendado,status,close_timestamp,exit_price,outcome_real,fee_eur,pnl_bruto_eur,pnl_neto_eur,notas
2026-06-30T14:39:26+00:00,2730730,"Ethereum Up or Down - June 30, 10:45AM-11:00AM ET",2026-06-30T15:00:00,UPDOWN_GBM,ETH#15min,BUY_NO,0.0,0.485,0.2999,-0.1651,0.1562,1.99,ERROR,,,,0.0,,,"PolyApiException[status_code=400, error_message={'error': 'invalid order version, please use the latest clob-client'}]"
2026-07-01T06:30:37+00:00,2739778,"Ethereum Up or Down - July 1, 2:30AM-2:45AM ET",2026-07-01T06:45:00,UPDOWN_GBM,ETH#15min,BUY_NO,1.89,0.485,0.1079,-0.3871,0.1486,1.89,CLOSED,2026-07-01T06:42:36+00:00,1.0,NO,0.0728,2.0069,1.9341,fee_confirmado=1 backfill_08jul
2026-07-01T06:39:41+00:00,2740253,"Ethereum Up or Down - July 1, 2:45AM-3:00AM ET",2026-07-01T07:00:00,UPDOWN_GBM,ETH#15min,BUY_NO,1.51,0.485,0.4294,-0.0656,0.1486,1.51,CLOSED,2026-07-01T07:02:05+00:00,1.0,NO,0.0560,1.6034,1.5474,fee_confirmado=1 backfill_08jul
2026-07-01T07:11:01+00:00,2740291,"Ethereum Up or Down - July 1, 3:00AM-3:15AM ET",2026-07-01T07:15:00,UPDOWN_GBM,ETH#15min,BUY_NO,0.0,0.565,0.4797,-0.0653,0.1667,2.0,ERROR,,,,0.0,,,"PolyApiException[status_code=None, error_message=Request exception!]"
2026-07-01T08:39:06+00:00,2740589,"Ethereum Up or Down - July 1, 4:30AM-4:45AM ET",2026-07-01T08:45:00,UPDOWN_GBM,ETH#15min,BUY_NO,2.0,0.405,0.49,-0.085,0.175,2.0,CLOSED,2026-07-01T08:47:20+00:00,0.0,YES,0.0896,-2.0000,-2.0896,fee_confirmado=1 backfill_08jul
2026-07-01T13:00:17+00:00,2743533,"Ethereum Up or Down - July 1, 9:00AM-9:15AM ET",2026-07-01T13:15:00,UPDOWN_GBM,ETH#15min,BUY_NO,2.0,0.485,0.4557,-0.0393,0.1522,2.0,CLOSED,2026-07-01T13:16:49+00:00,0.0,YES,0.0,-2.0000,-2.0000,fee_confirmado=0 backfill_08jul
2026-07-01T15:07:55+00:00,2744011,"Ethereum Up or Down - July 1, 11:00AM-11:15AM ET",2026-07-01T15:15:00,UPDOWN_GBM,ETH#15min,BUY_YES,0.0,0.495,0.5717,0.0567,0.125,1.57,ERROR,,,,0.0,,,"PolyApiException[status_code=400, error_message={'error': 'invalid amounts, the market buy orders maker amount supports a max accuracy of 2 decimals, taker amount a max of 4 decimals'}]"
2026-07-01T15:15:39+00:00,2744047,"Ethereum Up or Down - July 1, 11:15AM-11:30AM ET",2026-07-01T15:30:00,UPDOWN_GBM,ETH#15min,BUY_YES,1.57,0.485,0.6062,0.1012,0.125,1.57,CLOSED,2026-07-01T15:31:04+00:00,1.0,YES,0.0582,1.6671,1.6089,fee_confirmado=1 backfill_08jul
2026-07-01T23:28:05+00:00,2749370,"Ethereum Up or Down - July 1, 7:30PM-7:45PM ET",2026-07-01T23:45:00,UPDOWN_GBM,ETH#15min,BUY_NO,1.73,0.485,0.4058,-0.0882,0.1296,1.73,CLOSED,2026-07-01T23:47:46+00:00,1.0,NO,0.0654,1.8370,1.7716,fee_confirmado=1 backfill_08jul
2026-07-02T06:30:39+00:00,2753589,"Ethereum Up or Down - July 2, 2:30AM-2:45AM ET",2026-07-02T06:45:00,UPDOWN_GBM,ETH#15min,BUY_NO,2.0,0.495,0.5044,-0.0634,0.1441,2.0,CLOSED,2026-07-02T06:48:57+00:00,0.0,YES,0.0770,-2.0000,-2.0770,fee_confirmado=1 backfill_08jul
2026-07-02T07:10:11+00:00,2754044,"Ethereum Up or Down - July 2, 3:00AM-3:15AM ET",2026-07-02T07:15:00,UPDOWN_GBM,ETH#15min,BUY_NO,1.63,0.455,0.5415,-0.0961,0.123,1.63,CLOSED,2026-07-02T07:22:21+00:00,1.0,NO,0.0685,1.9524,1.8839,fee_confirmado=1 backfill_08jul
2026-07-02T14:27:38+00:00,2756570,"Ethereum Up or Down - July 2, 10:30AM-10:45AM ET",2026-07-02T14:45:00,UPDOWN_GBM,ETH#15min,BUY_NO,1.92,0.515,0.4298,-0.0352,0.1349,1.92,CLOSED,2026-07-02T14:47:15+00:00,1.0,NO,0.0658,1.8082,1.7424,fee_confirmado=1 backfill_08jul
2026-07-02T15:12:27+00:00,2757714,"Ethereum Up or Down - July 2, 11:15AM-11:30AM ET",2026-07-02T15:30:00,UPDOWN_GBM,ETH#15min,BUY_NO,2.0,0.495,0.4161,-0.0689,0.1406,2.0,CLOSED,2026-07-02T15:31:30+00:00,0.0,YES,0.0714,-2.0000,-2.0714,fee_confirmado=1 backfill_08jul
2026-07-02T15:53:33+00:00,2758293,"Ethereum Up or Down - July 2, 12:00PM-12:15PM ET",2026-07-02T16:15:00,UPDOWN_GBM,ETH#15min,BUY_NO,1.85,0.515,0.3754,-0.0896,0.1308,1.85,CLOSED,2026-07-02T16:16:56+00:00,0.0,YES,0.0647,-1.8500,-1.9147,fee_confirmado=1 backfill_08jul
2026-07-02T16:27:47+00:00,2758530,"Ethereum Up or Down - July 2, 12:30PM-12:45PM ET",2026-07-02T16:45:00,UPDOWN_GBM,ETH#15min,BUY_NO,1.6,0.48,0.427,-0.073,0.1212,1.6,CLOSED,2026-07-02T16:45:07+00:00,0.0,YES,0.0582,-1.6000,-1.6582,fee_confirmado=1 backfill_08jul
2026-07-02T19:22:13+00:00,2760380,"Ethereum Up or Down - July 2, 3:15PM-3:30PM ET",2026-07-02T19:30:00,UPDOWN_GBM,ETH#15min,BUY_NO,0.0,0.515,0.6529,-0.0313,0.1119,1.39,ERROR,,,,0.0,,,"PolyApiException[status_code=400, error_message={'error': 'invalid amounts, the market buy orders maker amount supports a max accuracy of 2 decimals, taker amount a max of 4 decimals'}]"
2026-07-02T19:26:58+00:00,2760421,"Solana Up or Down - July 2, 3:30PM-3:45PM ET",2026-07-02T19:45:00,UPDOWN_GBM,SOL#15min,BUY_NO,2.0,0.5,0.4962,-0.0402,0.1923,2.0,CLOSED,2026-07-02T19:48:09+00:00,0.0,YES,0.0700,-2.0000,-2.0700,fee_confirmado=1 backfill_08jul
2026-07-03T06:34:15+00:00,2766154,"XRP Up or Down - July 3, 2:30AM-2:45AM ET",2026-07-03T06:45:00,GBM_LATE_15M,XRP#15min,BUY_YES,2.0,0.52,0.5819,0.0819,0.2234,2.0,CLOSED,2026-07-03T06:48:57+00:00,0.0,NO,0.0672,-2.0000,-2.0672,slip_real=+0.0400 fee_confirmado=1 backfill_08jul
2026-07-03T06:34:55+00:00,2766166,"Solana Up or Down - July 3, 2:30AM-2:45AM ET",2026-07-03T06:45:00,GBM_LATE_15M,SOL#15min,BUY_YES,1.19,0.59,0.6339,0.1089,0.1304,1.19,CLOSED,2026-07-03T06:48:57+00:00,0.0,NO,0.0342,-1.1900,-1.2242,slip_real=+0.0850 fee_confirmado=1 backfill_08jul
2026-07-03T06:38:51+00:00,2766225,"Bitcoin Up or Down - July 3, 2:45AM-3:00AM ET",2026-07-03T07:00:00,UPDOWN_GBM,BTC#15min,BUY_NO,2.0,0.51,0.4155,-0.0472,0.2179,2.0,CLOSED,2026-07-03T07:01:11+00:00,0.0,YES,0.0686,-2.0000,-2.0686,slip_real=+0.0050 fee_confirmado=1 backfill_08jul
2026-07-03T06:38:51+00:00,2766229,"Ethereum Up or Down - July 3, 2:45AM-3:00AM ET",2026-07-03T07:00:00,UPDOWN_GBM,ETH#15min,BUY_NO,1.35,0.51,0.3845,-0.0519,0.1184,1.35,CLOSED,2026-07-03T07:04:11+00:00,0.0,YES,0.0463,-1.3500,-1.3963,slip_real=+0.0050 fee_confirmado=1 backfill_08jul
2026-07-03T08:48:20+00:00,2766574,"Solana Up or Down - July 3, 4:45AM-5:00AM ET",2026-07-03T09:00:00,GBM_LATE_15M,SOL#15min,BUY_YES,0.0,0.505,0.5711,0.0461,0.12,0.98,ERROR,,,,0.0,,,"PolyApiException[status_code=400, error_message={'error': 'invalid amount for a marketable BUY order ($0.98), min size: 1'}]"
2026-07-03T08:49:38+00:00,2766575,"XRP Up or Down - July 3, 4:45AM-5:00AM ET",2026-07-03T09:00:00,GBM_LATE_15M,XRP#15min,BUY_YES,1.63,0.04,0.6167,0.1217,0.2,1.63,CLOSED,2026-07-03T09:01:02+00:00,0.0,NO,0.1095,-1.6300,-1.7395,slip_real=-0.4350 fee_confirmado=1 backfill_08jul
2026-07-03T08:53:37+00:00,2766611,"Ethereum Up or Down - July 3, 5:00AM-5:15AM ET",2026-07-03T09:15:00,UPDOWN_GBM,ETH#15min,BUY_NO,0.0,0.49,0.4203,-0.0497,0.1154,0.94,ERROR,,,,0.0,,,"PolyApiException[status_code=400, error_message={'error': 'invalid amount for a marketable BUY order ($0.94), min size: 1'}]"
2026-07-03T09:18:14+00:00,2766640,"Solana Up or Down - July 3, 5:15AM-5:30AM ET",2026-07-03T09:30:00,GBM_LATE_15M,SOL#15min,BUY_YES,1.05,0.3,0.4191,0.0741,0.1154,1.05,CLOSED,2026-07-03T09:33:17+00:00,0.0,NO,0.0514,-1.0500,-1.1014,slip_real=-0.0250 fee_confirmado=1 backfill_08jul
2026-07-03T13:19:21+00:00,2768664,"Solana Up or Down - July 3, 9:15AM-9:30AM ET",2026-07-03T13:30:00,GBM_LATE_15M,SOL#15min,BUY_YES,1.05,0.48,0.5886,0.0636,0.1316,1.05,CLOSED,2026-07-03T13:33:49+00:00,1.0,YES,0.0382,1.1375,1.0993,slip_real=-0.0250 fee_confirmado=1 backfill_08jul
2026-07-03T13:33:03+00:00,2768693,"Solana Up or Down - July 3, 9:30AM-9:45AM ET",2026-07-03T13:45:00,GBM_LATE_15M,SOL#15min,BUY_YES,1.05,0.43,0.596,0.076,0.1316,1.05,CLOSED,2026-07-03T13:51:39+00:00,0.0,NO,0.0419,-1.0500,-1.0919,slip_real=-0.0700 fee_confirmado=1 backfill_08jul
2026-07-03T13:42:06+00:00,2768692,"XRP Up or Down - July 3, 9:30AM-9:45AM ET",2026-07-03T13:45:00,GBM_LATE_15M,XRP#15min,BUY_YES,1.05,0.407,0.6148,0.1148,0.161,1.05,CLOSED,2026-07-03T13:50:16+00:00,0.0,NO,0.0442,-1.0500,-1.0942,slip_real=-0.0730 fee_confirmado=1 backfill_08jul
2026-07-03T13:54:24+00:00,2768881,"Ethereum Up or Down - July 3, 10:00AM-10:15AM ET",2026-07-03T14:15:00,UPDOWN_GBM,ETH#15min,BUY_NO,1.05,0.53,0.3726,-0.0538,0.1049,1.05,CLOSED,2026-07-03T14:17:48+00:00,1.0,NO,0.0345,0.9311,0.8966,slip_real=+0.0250 fee_confirmado=1 backfill_08jul
2026-07-03T14:03:15+00:00,2768880,"Solana Up or Down - July 3, 10:00AM-10:15AM ET",2026-07-03T14:15:00,GBM_LATE_15M,SOL#15min,BUY_YES,1.05,0.14,0.3482,0.1732,0.1271,1.05,CLOSED,2026-07-03T14:19:12+00:00,0.0,NO,0.0632,-1.0500,-1.1132,slip_real=-0.0150 fee_confirmado=1 backfill_08jul
2026-07-03T14:03:38+00:00,2768878,"XRP Up or Down - July 3, 10:00AM-10:15AM ET",2026-07-03T14:15:00,GBM_LATE_15M,XRP#15min,BUY_YES,1.05,0.49,0.5342,0.0292,0.15,1.05,CLOSED,2026-07-03T14:19:12+00:00,0.0,NO,0.0382,-1.0500,-1.0882,slip_real=+0.0050 fee_confirmado=1 backfill_08jul
2026-07-03T14:19:53+00:00,2768978,"XRP Up or Down - July 3, 10:15AM-10:30AM ET",2026-07-03T14:30:00,GBM_LATE_15M,XRP#15min,BUY_YES,1.05,0.48,0.6407,0.1257,0.1393,1.05,CLOSED,2026-07-03T14:34:27+00:00,0.0,NO,0.0382,-1.0500,-1.0882,slip_real=-0.0150 fee_confirmado=1 backfill_08jul
2026-07-03T14:20:39+00:00,2768981,"Ethereum Up or Down - July 3, 10:15AM-10:30AM ET",2026-07-03T14:30:00,UPDOWN_GBM,ETH#15min,BUY_NO,1.05,0.47,0.5809,-0.0325,0.1098,1.05,CLOSED,2026-07-03T14:35:50+00:00,1.0,NO,0.0390,1.1840,1.1450,slip_real=-0.0250 fee_confirmado=1 backfill_08jul
2026-07-03T14:39:17+00:00,2769104,"Ethereum Up or Down - July 3, 10:45AM-11:00AM ET",2026-07-03T15:00:00,UPDOWN_GBM,ETH#15min,BUY_NO,1.05,0.49,0.4985,-0.0498,0.1145,1.05,CLOSED,2026-07-03T15:06:37+00:00,0.0,YES,0.0375,-1.0500,-1.0875,slip_real=+0.0000 fee_confirmado=1 backfill_08jul
2026-07-03T14:54:10+00:00,2769143,"Ethereum Up or Down - July 3, 11:00AM-11:15AM ET",2026-07-03T15:15:00,UPDOWN_GBM,ETH#15min,BUY_NO,1.05,0.51,0.4903,-0.0361,0.1071,1.05,CLOSED,2026-07-03T15:15:26+00:00,0.0,YES,0.0360,-1.0500,-1.0860,slip_real=+0.0050 fee_confirmado=1 backfill_08jul
2026-07-03T15:18:13+00:00,2769186,"Solana Up or Down - July 3, 11:15AM-11:30AM ET",2026-07-03T15:30:00,GBM_LATE_15M,SOL#15min,BUY_YES,1.05,0.28,0.4222,0.0972,0.129,1.05,CLOSED,2026-07-03T15:33:19+00:00,0.0,NO,0.0529,-1.0500,-1.1029,slip_real=-0.0250 fee_confirmado=1 backfill_08jul
2026-07-05T19:28:49+00:00,2798762,"Ethereum Up or Down - July 5, 3:30PM-3:45PM ET",2026-07-05T19:45:00,UPDOWN_GBM,ETH#15min,BUY_NO,1.05,0.51,0.4408,-0.0242,0.1598,1.05,CLOSED,2026-07-05T19:49:36+00:00,0.0,YES,0.0360,-1.0500,-1.0860,slip_real=-0.0050 fee_confirmado=1 backfill_08jul
2026-07-05T19:35:20+00:00,2798754,"Solana Up or Down - July 5, 3:30PM-3:45PM ET",2026-07-05T19:45:00,GBM_LATE_15M,SOL#15min,BUY_YES,1.05,0.53,0.6929,0.1679,0.1135,1.05,CLOSED,2026-07-05T19:46:45+00:00,1.0,YES,0.0345,0.9311,0.8966,slip_real=+0.0250 fee_confirmado=1 backfill_08jul
2026-07-05T19:50:14+00:00,2799020,"XRP Up or Down - July 5, 3:45PM-4:00PM ET",2026-07-05T20:00:00,GBM_LATE_15M,XRP#15min,BUY_YES,1.05,0.49,0.6062,0.0862,0.1641,1.05,CLOSED,2026-07-05T20:05:20+00:00,1.0,YES,0.0375,1.0929,1.0554,slip_real=-0.0100 fee_confirmado=1 backfill_08jul
2026-07-05T19:50:38+00:00,2799021,"Solana Up or Down - July 5, 3:45PM-4:00PM ET",2026-07-05T20:00:00,GBM_LATE_15M,SOL#15min,BUY_YES,1.05,0.48,0.6684,0.1334,0.1159,1.05,CLOSED,2026-07-05T20:05:20+00:00,1.0,YES,0.0382,1.1375,1.0993,slip_real=-0.0350 fee_confirmado=1 backfill_08jul
2026-07-05T23:53:03+00:00,2800811,"Ethereum Up or Down - July 5, 8:00PM-8:15PM ET",2026-07-06T00:15:00,UPDOWN_GBM,ETH#15min,BUY_NO,1.05,0.49,0.4568,-0.0382,0.1623,1.05,CLOSED,2026-07-06T00:16:55+00:00,0.0,YES,0.0375,-1.0500,-1.0875,slip_real=+0.0050 fee_confirmado=1 backfill_08jul
2026-07-06T06:37:53+00:00,2803824,"Solana Up or Down - July 6, 2:30AM-2:45AM ET",2026-07-06T06:45:00,GBM_LATE_15M,SOL#15min,BUY_YES,1.05,0.38,0.533,0.038,0.1389,1.05,CLOSED,2026-07-06T06:49:22+00:00,1.0,YES,0.0463,1.7132,1.6669,slip_real=-0.0950 fee_confirmado=1 backfill_08jul
2026-07-06T06:56:36+00:00,2804284,"Ethereum Up or Down - July 6, 3:00AM-3:15AM ET",2026-07-06T07:15:00,UPDOWN_GBM,ETH#15min,BUY_NO,1.05,0.49,0.4295,-0.0555,0.1667,1.05,CLOSED,2026-07-06T07:22:01+00:00,0.0,YES,0.0375,-1.0500,-1.0875,slip_real=-0.0050 fee_confirmado=1 backfill_08jul
2026-07-06T07:11:32+00:00,2804279,"XRP Up or Down - July 6, 3:00AM-3:15AM ET",2026-07-06T07:15:00,GBM_LATE_15M,XRP#15min,BUY_NO,1.05,0.48,0.4658,-0.0292,0.1479,1.05,CLOSED,2026-07-06T07:16:25+00:00,0.0,YES,0.0382,-1.0500,-1.0882,slip_real=-0.0050 fee_confirmado=1 backfill_08jul
2026-07-06T07:19:11+00:00,2804313,"Ethereum Up or Down - July 6, 3:15AM-3:30AM ET",2026-07-06T07:30:00,GBM_LATE_15M,ETH#15min,BUY_YES,1.05,0.42,0.6149,0.0899,0.0897,1.05,CLOSED,2026-07-06T07:31:55+00:00,1.0,YES,0.0426,1.4500,1.4074,slip_real=-0.0850 fee_confirmado=1 backfill_08jul
2026-07-06T08:55:19+00:00,2804617,"XRP Up or Down - July 6, 4:45AM-5:00AM ET",2026-07-06T09:00:00,GBM_LATE_15M,XRP#15min,BUY_NO,1.05,0.46,0.4475,-0.0475,0.1483,1.05,CLOSED,2026-07-06T09:05:35+00:00,0.0,YES,0.0397,-1.0500,-1.0897,slip_real=-0.0250 fee_confirmado=1 backfill_08jul
2026-07-06T09:22:11+00:00,2804680,"Solana Up or Down - July 6, 5:15AM-5:30AM ET",2026-07-06T09:30:00,GBM_LATE_15M,SOL#15min,BUY_YES,1.05,0.5,0.575,0.05,0.1413,1.05,CLOSED,2026-07-06T09:32:25+00:00,1.0,YES,0.0368,1.0500,1.0132,slip_real=-0.0050 fee_confirmado=1 backfill_08jul
2026-07-06T13:21:36+00:00,2806762,"XRP Up or Down - July 6, 9:15AM-9:30AM ET",2026-07-06T13:30:00,GBM_LATE_15M,XRP#15min,BUY_NO,1.05,0.46,0.476,-0.029,0.1558,1.05,CLOSED,2026-07-06T13:33:22+00:00,1.0,NO,0.0404,1.2326,1.1922,slip_real=-0.0150 fee_confirmado=1 backfill_08jul
2026-07-06T13:23:31+00:00,2806760,"Solana Up or Down - July 6, 9:15AM-9:30AM ET",2026-07-06T13:30:00,GBM_LATE_15M,SOL#15min,BUY_NO,1.05,0.42,0.4191,-0.0859,0.1667,1.05,CLOSED,2026-07-06T13:33:22+00:00,1.0,NO,0.0426,1.4500,1.4074,slip_real=-0.0550 fee_confirmado=1 backfill_08jul
2026-07-06T13:39:12+00:00,2806822,"XRP Up or Down - July 6, 9:30AM-9:45AM ET",2026-07-06T13:45:00,GBM_LATE_15M,XRP#15min,BUY_YES,1.05,0.54,0.6144,0.0844,0.1667,1.05,CLOSED,2026-07-06T13:46:18+00:00,1.0,YES,0.0345,0.8944,0.8599,slip_real=+0.0150 fee_confirmado=1 backfill_08jul
2026-07-06T13:56:29+00:00,2806882,"Solana Up or Down - July 6, 9:45AM-10:00AM ET",2026-07-06T14:00:00,GBM_LATE_15M,SOL#15min,BUY_YES,1.05,0.46,0.7139,0.2339,0.1425,1.05,CLOSED,2026-07-06T14:03:37+00:00,0.0,NO,0.0397,-1.0500,-1.0897,slip_real=-0.0150 fee_confirmado=1 backfill_08jul
2026-07-06T14:07:32+00:00,2806911,"Solana Up or Down - July 6, 10:00AM-10:15AM ET",2026-07-06T14:15:00,GBM_LATE_15M,SOL#15min,BUY_YES,1.05,0.46,0.5085,0.0285,0.1392,1.05,CLOSED,2026-07-06T14:18:19+00:00,0.0,NO,0.0397,-1.0500,-1.0897,slip_real=-0.0150 fee_confirmado=1 backfill_08jul
2026-07-06T14:09:22+00:00,2806913,"XRP Up or Down - July 6, 10:00AM-10:15AM ET",2026-07-06T14:15:00,GBM_LATE_15M,XRP#15min,BUY_NO,1.05,0.51,0.4274,-0.0626,0.1581,1.05,CLOSED,2026-07-06T14:21:12+00:00,0.0,YES,0.0360,-1.0500,-1.0860,slip_real=+0.0050 fee_confirmado=1 backfill_08jul
2026-07-06T14:18:18+00:00,2807011,"Ethereum Up or Down - July 6, 10:15AM-10:30AM ET",2026-07-06T14:30:00,GBM_LATE_15M,ETH#15min,BUY_YES,1.05,0.47,0.5588,0.0338,0.1024,1.05,CLOSED,2026-07-06T14:33:11+00:00,1.0,YES,0.0390,1.1840,1.1450,slip_real=-0.0500 fee_confirmado=1 backfill_08jul
2026-07-06T14:24:47+00:00,2807013,"Solana Up or Down - July 6, 10:15AM-10:30AM ET",2026-07-06T14:30:00,GBM_LATE_15M,SOL#15min,BUY_NO,1.05,0.46,0.436,-0.094,0.1686,1.05,CLOSED,2026-07-06T14:33:11+00:00,0.0,YES,0.0397,-1.0500,-1.0897,slip_real=-0.0050 fee_confirmado=1 backfill_08jul
2026-07-06T14:33:52+00:00,2807052,"Solana Up or Down - July 6, 10:30AM-10:45AM ET",2026-07-06T14:45:00,GBM_LATE_15M,SOL#15min,BUY_YES,1.05,0.49,0.5423,0.0423,0.1359,1.05,CLOSED,2026-07-06T14:47:51+00:00,0.0,NO,0.0382,-1.0500,-1.0882,slip_real=-0.0050 fee_confirmado=1 backfill_08jul
2026-07-06T14:34:39+00:00,2807054,"XRP Up or Down - July 6, 10:30AM-10:45AM ET",2026-07-06T14:45:00,GBM_LATE_15M,XRP#15min,BUY_YES,1.05,0.47,0.5894,0.0894,0.1644,1.05,CLOSED,2026-07-06T14:47:51+00:00,1.0,YES,0.0390,1.1840,1.1450,slip_real=-0.0250 fee_confirmado=1 backfill_08jul
2026-07-06T14:49:20+00:00,2807200,"XRP Up or Down - July 6, 10:45AM-11:00AM ET",2026-07-06T15:00:00,GBM_LATE_15M,XRP#15min,BUY_YES,1.05,0.47,0.5274,0.0274,0.1667,1.05,CLOSED,2026-07-06T15:01:03+00:00,1.0,YES,0.0404,1.1840,1.1436,slip_real=-0.0250 fee_confirmado=1 backfill_08jul
2026-07-06T15:19:40+00:00,2807295,"Solana Up or Down - July 6, 11:15AM-11:30AM ET",2026-07-06T15:30:00,GBM_LATE_15M,SOL#15min,BUY_YES,1.05,0.34,0.4761,0.1311,0.1345,1.05,CLOSED,2026-07-06T15:35:14+00:00,1.0,YES,0.0485,2.0382,1.9897,slip_real=+0.0000 fee_confirmado=1 backfill_08jul
2026-07-06T15:28:32+00:00,2807305,"XRP Up or Down - July 6, 11:15AM-11:30AM ET",2026-07-06T15:30:00,GBM_LATE_15M,XRP#15min,BUY_NO,1.05,0.49,0.4315,-0.0585,0.1497,1.05,CLOSED,2026-07-06T15:33:45+00:00,0.0,YES,0.0411,-1.0500,-1.0911,slip_real=-0.0150 fee_confirmado=1 backfill_08jul
2026-07-06T15:40:28+00:00,2807386,"Ethereum Up or Down - July 6, 11:30AM-11:45AM ET",2026-07-06T15:45:00,GBM_LATE_15M,ETH#15min,BUY_YES,1.05,0.27,0.432,0.102,0.1095,1.05,CLOSED,2026-07-06T15:45:56+00:00,1.0,YES,0.0536,2.8389,2.7853,slip_real=-0.0550 fee_confirmado=1 backfill_08jul
2026-07-06T15:50:56+00:00,2807466,"Solana Up or Down - July 6, 11:45AM-12:00PM ET",2026-07-06T16:00:00,GBM_LATE_15M,SOL#15min,BUY_NO,1.05,0.51,0.4401,-0.0299,0.1667,1.05,CLOSED,2026-07-06T16:02:05+00:00,0.0,YES,0.0360,-1.0500,-1.0860,slip_real=-0.0150 fee_confirmado=1 backfill_08jul
2026-07-06T16:03:34+00:00,2808307,"Solana Up or Down - July 6, 12:00PM-12:15PM ET",2026-07-06T16:15:00,GBM_LATE_15M,SOL#15min,BUY_YES,1.05,0.51,0.5499,0.0449,0.1382,1.05,CLOSED,2026-07-06T16:15:13+00:00,1.0,YES,0.0360,1.0088,0.9728,slip_real=+0.0100 fee_confirmado=1 backfill_08jul
2026-07-06T16:07:03+00:00,2808312,"Ethereum Up or Down - July 6, 12:00PM-12:15PM ET",2026-07-06T16:15:00,GBM_LATE_15M,ETH#15min,BUY_YES,1.05,0.26,0.4403,0.1003,0.114,1.05,CLOSED,2026-07-06T16:19:41+00:00,1.0,YES,0.0544,2.9885,2.9341,slip_real=-0.0750 fee_confirmado=1 backfill_08jul
2026-07-06T16:07:41+00:00,2808311,"XRP Up or Down - July 6, 12:00PM-12:15PM ET",2026-07-06T16:15:00,GBM_LATE_15M,XRP#15min,BUY_NO,1.05,0.46,0.4415,-0.0335,0.1375,1.05,CLOSED,2026-07-06T16:18:13+00:00,0.0,YES,0.0397,-1.0500,-1.0897,slip_real=-0.0600 fee_confirmado=1 backfill_08jul
2026-07-06T16:18:12+00:00,2808348,"Ethereum Up or Down - July 6, 12:15PM-12:30PM ET",2026-07-06T16:30:00,GBM_LATE_15M,ETH#15min,BUY_YES,1.05,0.41,0.5122,0.0622,0.114,1.05,CLOSED,2026-07-06T16:31:05+00:00,0.0,NO,0.0434,-1.0500,-1.0934,slip_real=-0.0350 fee_confirmado=1 backfill_08jul
2026-07-06T16:48:01+00:00,2808584,"Ethereum Up or Down - July 6, 12:45PM-1:00PM ET",2026-07-06T17:00:00,GBM_LATE_15M,ETH#15min,BUY_YES,1.05,0.45,0.5881,0.1081,0.1127,1.05,CLOSED,2026-07-06T17:03:09+00:00,0.0,NO,0.0404,-1.0500,-1.0904,slip_real=-0.0250 fee_confirmado=1 backfill_08jul
2026-07-06T16:49:28+00:00,2808587,"XRP Up or Down - July 6, 12:45PM-1:00PM ET",2026-07-06T17:00:00,GBM_LATE_15M,XRP#15min,BUY_YES,1.05,0.48,0.5222,0.0322,0.1688,1.05,CLOSED,2026-07-06T17:03:09+00:00,1.0,YES,0.0382,1.1375,1.0993,slip_real=-0.0050 fee_confirmado=1 backfill_08jul
2026-07-06T17:11:32+00:00,2808623,"Ethereum Up or Down - July 6, 1:00PM-1:15PM ET",2026-07-06T17:15:00,GBM_LATE_15M,ETH#15min,BUY_YES,1.05,0.26,0.6878,0.3828,0.1114,1.05,CLOSED,2026-07-06T17:19:13+00:00,1.0,YES,0.0544,2.9885,2.9341,slip_real=-0.0400 fee_confirmado=1 backfill_08jul
2026-07-06T17:18:25+00:00,2808657,"Solana Up or Down - July 6, 1:15PM-1:30PM ET",2026-07-06T17:30:00,GBM_LATE_15M,SOL#15min,BUY_YES,1.05,0.52,0.6079,0.0679,0.1436,1.05,CLOSED,2026-07-06T17:33:55+00:00,1.0,YES,0.0390,0.9692,0.9302,slip_real=-0.0150 fee_confirmado=1 backfill_08jul
2026-07-06T17:27:22+00:00,2808649,"XRP Up or Down - July 6, 1:15PM-1:30PM ET",2026-07-06T17:30:00,GBM_LATE_15M,XRP#15min,BUY_NO,1.05,0.53,0.4201,-0.0649,0.1335,1.05,CLOSED,2026-07-06T17:33:55+00:00,1.0,NO,0.0345,0.9311,0.8966,slip_real=+0.0200 fee_confirmado=1 backfill_08jul
2026-07-06T17:33:30+00:00,2808700,"XRP Up or Down - July 6, 1:30PM-1:45PM ET",2026-07-06T17:45:00,GBM_LATE_15M,XRP#15min,BUY_YES,1.05,0.48,0.6156,0.1356,0.1731,1.05,CLOSED,2026-07-06T17:45:22+00:00,0.0,NO,0.0382,-1.0500,-1.0882,slip_real=+0.0050 fee_confirmado=1 backfill_08jul
2026-07-06T17:50:26+00:00,2808768,"XRP Up or Down - July 6, 1:45PM-2:00PM ET",2026-07-06T18:00:00,GBM_LATE_15M,XRP#15min,BUY_NO,1.05,0.45,0.4797,-0.0303,0.1358,1.05,CLOSED,2026-07-06T18:00:05+00:00,1.0,NO,0.0404,1.2833,1.2429,slip_real=-0.0350 fee_confirmado=1 backfill_08jul
2026-07-06T18:07:32+00:00,2810168,"Solana Up or Down - July 6, 2:00PM-2:15PM ET",2026-07-06T18:15:00,GBM_LATE_15M,SOL#15min,BUY_YES,1.05,0.46,0.5849,0.1049,0.1471,1.05,CLOSED,2026-07-06T18:17:37+00:00,0.0,NO,0.0397,-1.0500,-1.0897,slip_real=-0.0150 fee_confirmado=1 backfill_08jul
2026-07-06T18:20:06+00:00,2810240,"Solana Up or Down - July 6, 2:15PM-2:30PM ET",2026-07-06T18:30:00,GBM_LATE_15M,SOL#15min,BUY_NO,1.05,0.44,0.4289,-0.0711,0.1685,1.05,CLOSED,2026-07-06T18:30:36+00:00,0.0,YES,0.0411,-1.0500,-1.0911,slip_real=-0.0550 fee_confirmado=1 backfill_08jul
2026-07-06T18:20:07+00:00,2810242,"XRP Up or Down - July 6, 2:15PM-2:30PM ET",2026-07-06T18:30:00,GBM_LATE_15M,XRP#15min,BUY_NO,1.05,0.51,0.4608,-0.0392,0.138,1.05,CLOSED,2026-07-06T18:30:36+00:00,0.0,YES,0.0368,-1.0500,-1.0868,slip_real=+0.0150 fee_confirmado=1 backfill_08jul
2026-07-06T18:34:31+00:00,2810272,"Solana Up or Down - July 6, 2:30PM-2:45PM ET",2026-07-06T18:45:00,GBM_LATE_15M,SOL#15min,BUY_NO,1.05,0.39,0.5158,-0.0342,0.1648,1.05,CLOSED,2026-07-06T18:46:33+00:00,0.0,YES,0.0448,-1.0500,-1.0948,slip_real=-0.0550 fee_confirmado=1 backfill_08jul
2026-07-06T23:13:17+00:00,2811193,"Solana Up or Down - July 6, 7:00PM-7:15PM ET",2026-07-06T23:15:00,GBM_LATE_15M,SOL#15min,BUY_YES,1.05,0.51,0.6242,0.1092,0.1419,1.05,CLOSED,2026-07-06T23:17:11+00:00,0.0,NO,0.0360,-1.0500,-1.0860,slip_real=+0.0000 fee_confirmado=1 backfill_08jul
2026-07-06T23:14:20+00:00,2811190,"XRP Up or Down - July 6, 7:00PM-7:15PM ET",2026-07-06T23:15:00,GBM_LATE_15M,XRP#15min,BUY_YES,1.05,0.46,0.5866,0.0566,0.1667,1.05,CLOSED,2026-07-06T23:18:36+00:00,1.0,YES,0.0397,1.2326,1.1929,slip_real=-0.0650 fee_confirmado=1 backfill_08jul
2026-07-06T23:55:47+00:00,2811289,"Ethereum Up or Down - July 6, 7:45PM-8:00PM ET",2026-07-07T00:00:00,GBM_LATE_15M,ETH#15min,BUY_YES,1.05,0.38,0.5595,0.0895,0.1162,1.05,CLOSED,2026-07-07T00:03:31+00:00,0.0,NO,0.0456,-1.0500,-1.0956,slip_real=-0.0850 fee_confirmado=1 backfill_08jul
2026-07-07T06:49:01+00:00,2814722,"XRP Up or Down - July 7, 2:45AM-3:00AM ET",2026-07-07T07:00:00,GBM_LATE_15M,XRP#15min,BUY_YES,1.05,0.42,0.5453,0.0453,0.1648,1.05,CLOSED,2026-07-07T07:03:53+00:00,1.0,YES,0.0426,1.4500,1.4074,slip_real=-0.0750 fee_confirmado=1 backfill_08jul
2026-07-07T07:03:53+00:00,2814763,"XRP Up or Down - July 7, 3:00AM-3:15AM ET",2026-07-07T07:15:00,GBM_LATE_15M,XRP#15min,BUY_YES,1.05,0.47,0.6558,0.1558,0.1648,1.05,CLOSED,2026-07-07T07:16:31+00:00,1.0,YES,0.0390,1.1840,1.1450,slip_real=-0.0250 fee_confirmado=1 backfill_08jul
2026-07-07T07:06:22+00:00,2814760,"Solana Up or Down - July 7, 3:00AM-3:15AM ET",2026-07-07T07:15:00,GBM_LATE_15M,SOL#15min,BUY_YES,1.05,0.47,0.632,0.152,0.1376,1.05,CLOSED,2026-07-07T07:17:56+00:00,1.0,YES,0.0390,1.1840,1.1450,slip_real=-0.0050 fee_confirmado=1 backfill_08jul
2026-07-07T09:18:48+00:00,2815288,"Ethereum Up or Down - July 7, 5:15AM-5:30AM ET",2026-07-07T09:30:00,GBM_LATE_15M,ETH#15min,BUY_YES,1.18,0.38,0.613,0.133,0.1119,1.18,CLOSED,2026-07-07T09:38:25+00:00,0.0,NO,0.0512,-1.1800,-1.2312,slip_real=-0.0950 fee_confirmado=1 backfill_08jul
2026-07-07T13:05:42+00:00,2816978,"Solana Up or Down - July 7, 9:00AM-9:15AM ET",2026-07-07T13:15:00,GBM_LATE_15M,SOL#15min,BUY_YES,1.48,0.22,0.5604,0.2354,0.1485,1.48,CLOSED,2026-07-07T13:16:53+00:00,0.0,NO,0.0808,-1.4800,-1.5608,slip_real=-0.1000 fee_confirmado=1 backfill_08jul
2026-07-07T13:35:29+00:00,2817047,"Ethereum Up or Down - July 7, 9:30AM-9:45AM ET",2026-07-07T13:45:00,GBM_LATE_15M,ETH#15min,BUY_YES,1.07,0.53,0.688,0.138,0.1154,1.07,CLOSED,2026-07-07T13:51:46+00:00,1.0,YES,0.0352,0.9489,0.9137,slip_real=-0.0150 fee_confirmado=1 backfill_08jul
2026-07-07T13:38:02+00:00,2817042,"Solana Up or Down - July 7, 9:30AM-9:45AM ET",2026-07-07T13:45:00,GBM_LATE_15M,SOL#15min,BUY_YES,1.08,0.45,0.6113,0.0813,0.1458,1.08,CLOSED,2026-07-07T13:51:46+00:00,1.0,YES,0.0416,1.3200,1.2784,slip_real=-0.0750 fee_confirmado=1 backfill_08jul
2026-07-07T13:54:14+00:00,2817322,"Solana Up or Down - July 7, 9:45AM-10:00AM ET",2026-07-07T14:00:00,GBM_LATE_15M,SOL#15min,BUY_YES,1.53,0.48,0.6058,0.0858,0.1473,1.53,CLOSED,2026-07-07T14:04:11+00:00,0.0,NO,0.0578,-1.5300,-1.5878,slip_real=-0.0350 fee_confirmado=1 backfill_08jul
2026-07-07T13:54:41+00:00,2817325,"XRP Up or Down - July 7, 9:45AM-10:00AM ET",2026-07-07T14:00:00,GBM_LATE_15M,XRP#15min,BUY_YES,1.4,0.49,0.5844,0.0744,0.1772,1.4,CLOSED,2026-07-07T14:02:39+00:00,0.0,NO,0.0500,-1.4000,-1.4500,slip_real=-0.0150 fee_confirmado=1 backfill_08jul
2026-07-07T14:13:31+00:00,2817363,"XRP Up or Down - July 7, 10:00AM-10:15AM ET",2026-07-07T14:15:00,GBM_LATE_15M,XRP#15min,BUY_YES,1.55,0.53,0.5827,0.0727,0.1737,1.55,CLOSED,2026-07-07T14:22:09+00:00,0.0,NO,0.0532,-1.5500,-1.6032,slip_real=+0.0250 fee_confirmado=1 backfill_08jul
2026-07-07T14:21:15+00:00,2817629,"Solana Up or Down - July 7, 10:15AM-10:30AM ET",2026-07-07T14:30:00,GBM_LATE_15M,SOL#15min,BUY_YES,1.05,0.58,0.6321,0.0321,0.1446,1.05,CLOSED,2026-07-07T14:31:16+00:00,1.0,YES,0.0309,0.7603,0.7294,slip_real=-0.0150 fee_confirmado=1 backfill_08jul
2026-07-07T14:35:27+00:00,2817661,"XRP Up or Down - July 7, 10:30AM-10:45AM ET",2026-07-07T14:45:00,GBM_LATE_15M,XRP#15min,BUY_YES,1.45,0.51,0.5661,0.0511,0.1702,1.45,CLOSED,2026-07-07T14:46:35+00:00,0.0,NO,0.0497,-1.4500,-1.4997,slip_real=+0.0000 fee_confirmado=1 backfill_08jul
2026-07-07T15:12:53+00:00,2817797,"Ethereum Up or Down - July 7, 11:00AM-11:15AM ET",2026-07-07T15:15:00,GBM_LATE_15M,ETH#15min,BUY_YES,1.05,0.15,0.364,0.204,0.1103,1.05,CLOSED,2026-07-07T15:17:27+00:00,0.0,NO,0.0,-1.0500,-1.0500,slip_real=-0.0050 fee_confirmado=0 backfill_08jul
2026-07-07T15:35:09+00:00,2817941,"Solana Up or Down - July 7, 11:30AM-11:45AM ET",2026-07-07T15:45:00,GBM_LATE_15M,SOL#15min,BUY_YES,1.05,0.42,0.5297,0.0297,0.1478,1.05,CLOSED,2026-07-07T15:48:10+00:00,1.0,YES,0.0448,1.4500,1.4052,slip_real=-0.0750 fee_confirmado=1 backfill_08jul
2026-07-07T16:07:44+00:00,2819137,"Ethereum Up or Down - July 7, 12:00PM-12:15PM ET",2026-07-07T16:15:00,GBM_LATE_15M,ETH#15min,BUY_YES,1.05,0.45,0.7281,0.2781,0.1093,1.05,CLOSED,2026-07-07T16:20:08+00:00,0.0,NO,0.0404,-1.0500,-1.0904,slip_real=+0.0050 fee_confirmado=1 backfill_08jul
2026-07-07T16:18:38+00:00,2819181,"Ethereum Up or Down - July 7, 12:15PM-12:30PM ET",2026-07-07T16:30:00,GBM_LATE_15M,ETH#15min,BUY_YES,1.05,0.41,0.6745,0.1745,0.1093,1.05,CLOSED,2026-07-07T16:30:38+00:00,1.0,YES,0.0434,1.5110,1.4676,slip_real=-0.0850 fee_confirmado=1 backfill_08jul
2026-07-07T16:33:52+00:00,2819233,"Solana Up or Down - July 7, 12:30PM-12:45PM ET",2026-07-07T16:45:00,GBM_LATE_15M,SOL#15min,BUY_YES,1.05,0.28,0.4706,0.1656,0.1492,1.05,CLOSED,2026-07-07T16:49:14+00:00,1.0,YES,0.0529,2.7000,2.6471,slip_real=-0.0200 fee_confirmado=1 backfill_08jul
2026-07-07T16:33:53+00:00,2819234,"Ethereum Up or Down - July 7, 12:30PM-12:45PM ET",2026-07-07T16:45:00,GBM_LATE_15M,ETH#15min,BUY_YES,1.05,0.24,0.4123,0.1123,0.1083,1.05,CLOSED,2026-07-07T16:45:55+00:00,1.0,YES,0.0529,3.3250,3.2721,slip_real=-0.0550 fee_confirmado=1 backfill_08jul
2026-07-07T16:48:58+00:00,2819392,"Ethereum Up or Down - July 7, 12:45PM-1:00PM ET",2026-07-07T17:00:00,GBM_LATE_15M,ETH#15min,BUY_YES,1.05,0.39,0.6615,0.1715,0.1101,1.05,CLOSED,2026-07-07T17:01:21+00:00,0.0,NO,0.0448,-1.0500,-1.0948,slip_real=-0.0950 fee_confirmado=1 backfill_08jul
2026-07-07T17:12:11+00:00,2820162,"XRP Up or Down - July 7, 1:00PM-1:15PM ET",2026-07-07T17:15:00,GBM_LATE_15M,XRP#15min,BUY_YES,1.05,0.47,0.5718,0.0768,0.165,1.05,CLOSED,2026-07-07T17:16:41+00:00,1.0,YES,0.0390,1.1840,1.1450,slip_real=-0.0200 fee_confirmado=1 backfill_08jul
2026-07-07T17:33:53+00:00,2820242,"Ethereum Up or Down - July 7, 1:30PM-1:45PM ET",2026-07-07T17:45:00,GBM_LATE_15M,ETH#15min,BUY_YES,1.05,0.41,0.6102,0.1102,0.1091,1.05,CLOSED,2026-07-07T17:52:38+00:00,1.0,YES,0.0434,1.5110,1.4676,slip_real=-0.0850 fee_confirmado=1 backfill_08jul
2026-07-07T17:48:14+00:00,2820489,"Ethereum Up or Down - July 7, 1:45PM-2:00PM ET",2026-07-07T18:00:00,GBM_LATE_15M,ETH#15min,BUY_YES,1.05,0.29,0.4445,0.0645,0.1091,1.05,CLOSED,2026-07-07T18:04:42+00:00,1.0,YES,0.0522,2.5707,2.5185,slip_real=-0.0850 fee_confirmado=1 backfill_08jul
2026-07-07T17:53:22+00:00,2820496,"Solana Up or Down - July 7, 1:45PM-2:00PM ET",2026-07-07T18:00:00,GBM_LATE_15M,SOL#15min,BUY_YES,1.05,0.33,0.4492,0.0392,0.1506,1.05,CLOSED,2026-07-07T18:00:10+00:00,0.0,NO,0.0492,-1.0500,-1.0992,slip_real=-0.0750 fee_confirmado=1 backfill_08jul
2026-07-07T18:33:33+00:00,2820739,"Solana Up or Down - July 7, 2:30PM-2:45PM ET",2026-07-07T18:45:00,GBM_LATE_15M,SOL#15min,BUY_YES,1.05,0.48,0.5708,0.0508,0.148,1.05,CLOSED,2026-07-07T18:46:23+00:00,1.0,YES,0.0382,1.1375,1.0993,slip_real=-0.0350 fee_confirmado=1 backfill_08jul
2026-07-07T18:48:33+00:00,2820864,"Ethereum Up or Down - July 7, 2:45PM-3:00PM ET",2026-07-07T19:00:00,GBM_LATE_15M,ETH#15min,BUY_YES,1.05,0.43,0.6514,0.1614,0.1126,1.05,CLOSED,2026-07-07T19:01:14+00:00,0.0,NO,0.0419,-1.0500,-1.0919,slip_real=-0.0550 fee_confirmado=1 backfill_08jul
2026-07-07T19:07:18+00:00,2821203,"Solana Up or Down - July 7, 3:00PM-3:15PM ET",2026-07-07T19:15:00,GBM_LATE_15M,SOL#15min,BUY_YES,1.05,0.36,0.5193,0.1193,0.1494,1.05,CLOSED,2026-07-07T19:16:14+00:00,0.0,NO,0.0470,-1.0500,-1.0970,slip_real=-0.0350 fee_confirmado=1 backfill_08jul
2026-07-07T23:25:35+00:00,2824229,"Ethereum Up or Down - July 7, 7:15PM-7:30PM ET",2026-07-07T23:30:00,GBM_LATE_15M,ETH#15min,BUY_YES,1.05,0.43,0.5657,0.0557,0.107,1.05,CLOSED,2026-07-07T23:35:28+00:00,1.0,YES,0.0456,1.3919,1.3463,slip_real=-0.0750 fee_confirmado=1 backfill_08jul
2026-07-08T07:19:48+00:00,2828201,"Ethereum Up or Down - July 8, 3:15AM-3:30AM ET",2026-07-08T07:30:00,GBM_LATE_15M,ETH#15min,BUY_YES,1.05,0.26,0.6107,0.2707,0.1082,1.05,CLOSED,2026-07-08T07:35:17+00:00,1.0,YES,0.0544,2.9885,2.9341,slip_real=-0.0750 fee_confirmado=1 backfill_08jul
2026-07-08T07:20:57+00:00,2828191,"XRP Up or Down - July 8, 3:15AM-3:30AM ET",2026-07-08T07:30:00,GBM_LATE_15M,XRP#15min,BUY_YES,1.05,0.51,0.543,0.033,0.1651,1.05,CLOSED,2026-07-08T07:30:10+00:00,1.0,YES,0.0360,1.0088,0.9728,slip_real=+0.0050 fee_confirmado=1 backfill_08jul
2026-07-08T08:57:35+00:00,2828704,"XRP Up or Down - July 8, 4:45AM-5:00AM ET",2026-07-08T09:00:00,GBM_LATE_15M,XRP#15min,BUY_YES,1.05,0.49,0.6648,0.1348,0.1667,1.05,CLOSED,2026-07-08T09:04:42+00:00,0.0,NO,0.0375,-1.0500,-1.0875,slip_real=-0.0350 fee_confirmado=1 backfill_08jul
2026-07-08T13:18:08+00:00,2830923,"Solana Up or Down - July 8, 9:15AM-9:30AM ET",2026-07-08T13:30:00,GBM_LATE_15M,SOL#15min,BUY_YES,1.05,0.44,0.5824,0.0524,0.137,1.05,CLOSED,2026-07-08T13:34:36+00:00,0.0,NO,0.0382,-1.0500,-1.0882,slip_real=-0.0850 fee_confirmado=1
2026-07-08T13:18:09+00:00,2830933,"XRP Up or Down - July 8, 9:15AM-9:30AM ET",2026-07-08T13:30:00,GBM_LATE_15M,XRP#15min,BUY_YES,1.05,0.48,0.6551,0.1451,0.1667,1.05,CLOSED,2026-07-08T13:30:09+00:00,0.0,NO,0.0382,-1.0500,-1.0882,slip_real=-0.0250 fee_confirmado=1
2026-07-08T14:03:15+00:00,2831090,"Ethereum Up or Down - July 8, 10:00AM-10:15AM ET",2026-07-08T14:15:00,GBM_LATE_15M,ETH#15min,BUY_YES,1.05,0.48,0.574,0.029,0.1163,1.05,CLOSED,2026-07-08T14:17:15+00:00,0.0,NO,0.0390,-1.0500,-1.0890,slip_real=-0.0600 fee_confirmado=1
2026-07-08T14:28:38+00:00,2831128,"Solana Up or Down - July 8, 10:15AM-10:30AM ET",2026-07-08T14:30:00,GBM_LATE_15M,SOL#15min,BUY_YES,1.05,0.04,0.3496,0.2396,0.1348,1.05,CLOSED,2026-07-08T14:35:35+00:00,0.0,NO,0.0706,-1.0500,-1.1206,slip_real=-0.0650 fee_confirmado=1
2026-07-08T14:48:09+00:00,2832193,"XRP Up or Down - July 8, 10:45AM-11:00AM ET",2026-07-08T15:00:00,GBM_LATE_15M,XRP#15min,BUY_YES,1.05,0.49,0.5708,0.0608,0.1652,1.05,CLOSED,2026-07-08T15:02:08+00:00,1.0,YES,0.0375,1.0929,1.0554,slip_real=-0.0150 fee_confirmado=1
2026-07-08T14:49:22+00:00,2832194,"Solana Up or Down - July 8, 10:45AM-11:00AM ET",2026-07-08T15:00:00,GBM_LATE_15M,SOL#15min,BUY_YES,1.05,0.25,0.46,0.145,0.1325,1.05,CLOSED,2026-07-08T15:05:19+00:00,1.0,YES,0.0551,3.1500,3.0949,slip_real=-0.0600 fee_confirmado=1
2026-07-08T15:06:24+00:00,2832273,"Solana Up or Down - July 8, 11:00AM-11:15AM ET",2026-07-08T15:15:00,GBM_LATE_15M,SOL#15min,BUY_YES,1.05,0.32,0.4233,0.1033,0.1338,1.05,CLOSED,2026-07-08T15:15:41+00:00,0.0,NO,0.0500,-1.0500,-1.1000,slip_real=+0.0050 fee_confirmado=1
2026-07-08T16:03:15+00:00,2833359,"XRP Up or Down - July 8, 12:00PM-12:15PM ET",2026-07-08T16:15:00,GBM_LATE_15M,XRP#15min,BUY_YES,1.05,0.47,0.5353,0.0303,0.1696,1.05,CLOSED,2026-07-08T16:15:00+00:00,1.0,YES,0.0390,1.1840,1.1450,slip_real=-0.0300 fee_confirmado=1
2026-07-08T16:21:27+00:00,2833410,"XRP Up or Down - July 8, 12:15PM-12:30PM ET",2026-07-08T16:30:00,GBM_LATE_15M,XRP#15min,BUY_YES,1.05,0.48,0.5326,0.0326,0.1711,1.05,CLOSED,2026-07-08T16:34:05+00:00,1.0,YES,0.0382,1.1375,1.0993,slip_real=-0.0150 fee_confirmado=1
2026-07-08T16:26:18+00:00,2833402,"Solana Up or Down - July 8, 12:15PM-12:30PM ET",2026-07-08T16:30:00,GBM_LATE_15M,SOL#15min,BUY_YES,1.05,0.46,0.5394,0.0694,0.1341,1.05,CLOSED,2026-07-08T16:31:02+00:00,1.0,YES,0.0397,1.2326,1.1929,slip_real=-0.0050 fee_confirmado=1
2026-07-08T16:33:12+00:00,2833566,"XRP Up or Down - July 8, 12:30PM-12:45PM ET",2026-07-08T16:45:00,GBM_LATE_15M,XRP#15min,BUY_YES,1.05,0.48,0.5475,0.0475,0.1711,1.05,OPEN,,,,0.0,,,slip_real=-0.0150
2026-07-08T16:35:35+00:00,2833567,"Solana Up or Down - July 8, 12:30PM-12:45PM ET",2026-07-08T16:45:00,GBM_LATE_15M,SOL#15min,BUY_YES,1.05,0.4,0.5739,0.0939,0.1354,1.05,OPEN,,,,0.0,,,slip_real=-0.0750
