timestamp_utc,BTC,ETH,SOL,XRP,DOGE,BNB,ADA,LINK,AVAX,DOT,MATIC,LTC
2026-06-24T00:00:33+00:00,62669,1665.52,69.63,1.11,0.078823,577.43,0.151374,7.63,6.48,0.90909,,42.13
2026-06-24T00:01:36+00:00,62691,1666.6,69.63,1.11,0.078822,577.68,0.15137,7.63,6.48,0.909218,,42.13
2026-06-24T00:02:52+00:00,62714,1667.57,69.65,1.11,0.078853,577.95,0.151382,7.63,6.48,0.909548,,42.15
2026-06-24T00:03:57+00:00,62706,1667.18,69.65,1.11,0.078848,577.7,0.151374,7.63,6.49,0.909869,,42.15
2026-06-24T00:05:00+00:00,62698,1666.77,69.64,1.11,0.078845,577.55,0.151354,7.63,6.49,0.910031,,42.14
2026-06-24T00:06:03+00:00,62684,1666.31,69.61,1.11,0.078824,577.51,0.151268,7.63,6.49,0.91001,,42.14
2026-06-24T00:07:06+00:00,62685,1666.57,69.6,1.11,0.078815,577.66,0.151244,7.63,6.49,0.91007,,42.15
2026-06-24T00:08:09+00:00,62717,1667.72,69.62,1.11,0.078832,577.95,0.151283,7.63,6.49,0.910051,,42.16
2026-06-24T00:09:14+00:00,62746,1668.57,69.66,1.11,0.078864,578.16,0.151336,7.64,6.5,0.910425,,42.17
2026-06-24T00:10:17+00:00,62769,1668.9,69.69,1.11,0.078875,578.33,0.15141,7.64,6.51,0.910518,,42.17
2026-06-24T00:11:20+00:00,62773,1668.83,69.69,1.11,0.078885,578.61,0.151432,7.64,6.51,0.91078,,42.17
2026-06-24T00:12:23+00:00,62763,1668.45,69.76,1.11,0.078889,578.69,0.151431,7.64,6.51,0.91095,,42.18
2026-06-24T00:13:36+00:00,62790,1669.22,69.8,1.11,0.078921,578.99,0.15153,7.64,6.51,0.911301,,42.19
2026-06-24T00:14:42+00:00,62789,1668.88,69.8,1.11,0.078933,578.86,0.151564,7.64,6.51,0.911492,,42.2
2026-06-24T00:15:44+00:00,62806,1669.1,69.8,1.11,0.07893,578.92,0.151579,7.64,6.52,0.911975,,42.21
2026-06-24T00:16:47+00:00,62800,1668.88,69.81,1.11,0.078935,579.07,0.151646,7.64,6.52,0.912276,,42.21
2026-06-24T00:17:51+00:00,62818,1668.96,69.82,1.11,0.078942,579.01,0.151667,7.64,6.52,0.912295,,42.21
2026-06-24T00:18:53+00:00,62838,1669.41,69.84,1.11,0.078952,579.33,0.151699,7.64,6.51,0.912271,,42.22
2026-06-24T00:19:59+00:00,62838,1669.7,69.86,1.11,0.078969,579.47,0.151723,7.64,6.51,0.912308,,42.22
2026-06-24T00:21:01+00:00,62820,1668.99,69.85,1.11,0.078976,579.32,0.151722,7.64,6.51,0.912351,,42.22
2026-06-24T00:22:04+00:00,62793,1668.24,69.85,1.11,0.078973,578.97,0.151735,7.64,6.51,0.912081,,42.21
2026-06-24T00:23:07+00:00,62782,1667.42,69.81,1.11,0.07898,578.94,0.151738,7.64,6.51,0.911905,,42.21
2026-06-24T00:24:22+00:00,62790,1667.24,69.81,1.11,0.078989,578.98,0.151757,7.64,6.51,0.911996,,42.21
2026-06-24T00:25:28+00:00,62781,1667.07,69.8,1.11,0.079004,578.93,0.151784,7.64,6.51,0.912093,,42.21
2026-06-24T00:26:30+00:00,62776,1667.1,69.8,1.11,0.07901,578.84,0.151813,7.64,6.51,0.912041,,42.21
2026-06-24T00:27:33+00:00,62779,1667.22,69.8,1.11,0.079019,578.97,0.151845,7.64,6.51,0.912114,,42.21
2026-06-24T00:28:37+00:00,62793,1667.32,69.81,1.11,0.079038,579.11,0.151855,7.64,6.51,0.912451,,42.22
2026-06-24T00:29:39+00:00,62773,1666.81,69.8,1.11,0.079038,579.0,0.151935,7.64,6.52,0.91245,,42.23
2026-06-24T00:30:45+00:00,62778,1666.86,69.79,1.11,0.079028,578.9,0.151918,7.64,6.51,0.912394,,42.23
2026-06-24T00:31:48+00:00,62769,1666.91,69.79,1.11,0.079034,578.76,0.151922,7.64,6.51,0.91233,,42.23
2026-06-24T00:32:50+00:00,62750,1666.55,69.79,1.11,0.079019,578.66,0.151915,7.64,6.52,0.912744,,42.23
2026-06-24T00:33:54+00:00,62747,1666.37,69.78,1.11,0.079016,578.81,0.151902,7.64,6.52,0.912899,,42.23
2026-06-24T00:35:07+00:00,62738,1666.0,69.77,1.11,0.078997,578.8,0.151917,7.64,6.52,0.912958,,42.23
2026-06-24T00:36:12+00:00,62779,1667.15,69.8,1.11,0.079003,579.17,0.152004,7.64,6.52,0.9133,,42.23
2026-06-24T00:37:15+00:00,62804,1667.46,69.81,1.11,0.079008,579.28,0.152054,7.64,6.52,0.913533,,42.24
2026-06-24T00:38:18+00:00,62824,1668.15,69.82,1.11,0.079011,579.57,0.152141,7.64,6.52,0.91362,,42.24
2026-06-24T00:39:21+00:00,62851,1668.27,69.84,1.11,0.079024,579.56,0.152262,7.64,6.52,0.913825,,42.24
2026-06-24T00:40:24+00:00,62904,1669.75,69.9,1.11,0.07905,579.68,0.152415,7.64,6.52,0.913985,,42.25
2026-06-24T00:41:29+00:00,62923,1669.91,69.93,1.11,0.079094,579.78,0.152563,7.64,6.53,0.913805,,42.25
2026-06-24T00:42:32+00:00,62917,1670.3,69.95,1.11,0.079105,579.87,0.152633,7.64,6.53,0.913644,,42.24
2026-06-24T00:43:35+00:00,62917,1669.95,69.95,1.11,0.079113,580.0,0.152661,7.64,6.52,0.913494,,42.25
2026-06-24T00:44:38+00:00,62915,1669.79,69.95,1.11,0.079112,580.0,0.152672,7.64,6.53,0.913468,,42.25
2026-06-24T00:45:54+00:00,62879,1668.85,69.95,1.11,0.079097,579.76,0.152641,7.64,6.53,0.913492,,42.24
2026-06-24T00:46:59+00:00,62867,1668.17,69.93,1.11,0.079074,579.53,0.152625,7.63,6.52,0.913055,,42.24
2026-06-24T00:48:02+00:00,62905,1669.32,69.94,1.11,0.079061,579.72,0.152621,7.63,6.52,0.912879,,42.25
2026-06-24T00:49:04+00:00,62897,1669.38,69.94,1.11,0.07906,579.54,0.152589,7.62,6.52,0.912987,,42.25
2026-06-24T00:50:08+00:00,62913,1670.01,69.96,1.11,0.079052,579.68,0.152579,7.62,6.52,0.912968,,42.25
2026-06-24T00:51:11+00:00,62916,1669.8,69.96,1.11,0.079052,579.58,0.152622,7.62,6.52,0.913065,,42.25
2026-06-24T00:52:16+00:00,62919,1670.05,69.96,1.11,0.079053,579.53,0.152651,7.62,6.52,0.913085,,42.25
2026-06-24T00:53:19+00:00,62904,1669.46,69.96,1.11,0.079044,579.43,0.152654,7.62,6.52,0.912935,,42.24
2026-06-24T00:54:22+00:00,,,,,,,,,,,,
2026-06-24T00:55:25+00:00,,,,,,,,,,,,
2026-06-24T00:56:40+00:00,,,,,,,,,,,,
2026-06-24T00:57:45+00:00,,,,,,,,,,,,
2026-06-24T00:58:48+00:00,,,,,,,,,,,,
2026-06-24T00:59:51+00:00,,,,,,,,,,,,
2026-06-24T01:00:55+00:00,62929,1669.05,69.89,1.11,0.079011,579.08,0.15269,7.61,6.51,0.912969,,42.21
2026-06-24T01:01:57+00:00,62914,1668.48,69.88,1.11,0.079015,579.07,0.15269,7.61,6.51,0.913028,,42.22
2026-06-24T01:03:02+00:00,62913,1668.24,69.87,1.11,0.079013,579.19,0.152684,7.61,6.5,0.913043,,42.21
2026-06-24T01:04:05+00:00,62930,1668.46,69.88,1.11,0.079014,579.32,0.152699,7.6,6.5,0.912971,,42.2
2026-06-24T01:05:08+00:00,62893,1667.33,69.88,1.11,0.079016,579.12,0.152686,7.6,6.5,0.912799,,42.2
2026-06-24T01:06:11+00:00,62859,1667.16,69.86,1.11,0.079006,578.79,0.152672,7.6,6.5,0.912529,,42.19
2026-06-24T01:07:30+00:00,62824,1666.03,69.72,1.11,0.078973,578.59,0.152569,7.59,6.48,0.911406,,42.15
2026-06-24T01:08:35+00:00,62820,1665.96,69.71,1.11,0.078956,578.71,0.152575,7.59,6.48,0.910784,,42.14
2026-06-24T01:09:38+00:00,62833,1666.27,69.72,1.11,0.078964,578.82,0.152597,7.59,6.48,0.910655,,42.14
2026-06-24T01:10:41+00:00,62835,1666.01,69.7,1.11,0.07896,579.0,0.152591,7.59,6.48,0.910445,,42.15
2026-06-24T01:11:44+00:00,62858,1666.31,69.7,1.11,0.078945,579.15,0.1526,7.6,6.48,0.910679,,42.15
2026-06-24T01:12:47+00:00,62890,1667.65,69.72,1.11,0.078954,579.29,0.152646,7.6,6.48,0.910881,,42.16
2026-06-24T01:13:52+00:00,62891,1668.01,69.73,1.11,0.078966,579.35,0.152685,7.6,6.48,0.911014,,42.16
2026-06-24T01:14:55+00:00,62899,1669.76,69.84,1.11,0.079024,579.56,0.15271,7.61,6.49,0.912019,,42.21
2026-06-24T01:15:58+00:00,62901,1670.03,69.86,1.11,0.079029,579.68,0.152709,7.61,6.49,0.912251,,42.22
2026-06-24T01:17:02+00:00,62860,1669.14,69.85,1.11,0.079022,579.48,0.15268,7.61,6.49,0.912381,,42.23
2026-06-24T01:18:16+00:00,62790,1667.14,69.8,1.11,0.078988,578.95,0.152605,7.61,6.48,0.911677,,42.23
2026-06-24T01:19:21+00:00,62736,1664.98,69.67,1.11,0.078963,578.59,0.152515,7.6,6.48,0.911504,,42.23
2026-06-24T01:20:24+00:00,62727,1664.79,69.66,1.11,0.078949,578.37,0.152467,7.6,6.48,0.911546,,42.22
2026-06-24T01:21:27+00:00,62743,1665.47,69.67,1.11,0.078928,578.46,0.152429,7.6,6.48,0.911623,,42.21
2026-06-24T01:22:30+00:00,62763,1666.02,69.71,1.11,0.078932,578.6,0.152469,7.6,6.48,0.911747,,42.19
2026-06-24T01:23:33+00:00,62775,1667.1,69.72,1.11,0.078945,578.73,0.152475,7.6,6.48,0.91178,,42.18
2026-06-24T01:24:38+00:00,62786,1667.71,69.74,1.11,0.078957,578.9,0.152541,7.6,6.49,0.911907,,42.18
2026-06-24T01:25:41+00:00,62821,1668.26,69.76,1.11,0.078984,579.59,0.152651,7.6,6.49,0.912253,,42.18
2026-06-24T01:26:44+00:00,62834,1669.24,69.78,1.11,0.078993,579.69,0.152673,7.6,6.49,0.912746,,42.18
2026-06-24T01:27:47+00:00,62830,1668.86,69.79,1.11,0.079011,579.56,0.152739,7.6,6.49,0.912713,,42.18
2026-06-24T01:29:02+00:00,62814,1667.96,69.79,1.11,0.079035,579.32,0.15282,7.6,6.49,0.912891,,42.17
2026-06-24T01:30:07+00:00,62825,1668.66,69.8,1.11,0.079056,579.41,0.15287,7.6,6.49,0.913051,,42.18
2026-06-24T01:31:10+00:00,62843,1669.58,69.82,1.11,0.079071,579.51,0.152917,7.61,6.5,0.91333,,42.18
2026-06-24T01:32:13+00:00,62890,1670.01,69.86,1.11,0.079107,579.92,0.152969,7.61,6.5,0.913994,,42.19
2026-06-24T01:33:16+00:00,62975,1675.19,69.92,1.11,0.079142,580.34,0.15311,7.62,6.5,0.915171,,42.2
2026-06-24T01:34:19+00:00,62995,1676.17,69.97,1.11,0.079237,580.35,0.153259,7.62,6.51,0.915696,,42.22
2026-06-24T01:35:24+00:00,63006,1676.0,70.01,1.11,0.079306,580.53,0.153409,7.63,6.51,0.916253,,42.23
2026-06-24T01:36:27+00:00,63005,1676.18,70.1,1.11,0.0794,580.54,0.153523,7.63,6.51,0.916967,,42.24
2026-06-24T01:37:30+00:00,63010,1675.81,70.15,1.11,0.079501,580.45,0.153626,7.64,6.51,0.917257,,42.25
2026-06-24T01:38:33+00:00,62999,1675.79,70.18,1.11,0.079541,580.33,0.153781,7.64,6.51,0.917532,,42.25
2026-06-24T01:39:49+00:00,62994,1675.81,70.19,1.11,0.079575,580.43,0.153847,7.65,6.52,0.91756,,42.26
2026-06-24T01:40:55+00:00,62979,1675.66,70.2,1.11,0.079579,580.2,0.153873,7.65,6.52,0.917475,,42.26
2026-06-24T01:41:57+00:00,62952,1674.72,70.19,1.11,0.079553,580.14,0.153817,7.65,6.51,0.91714,,42.25
2026-06-24T01:43:00+00:00,62906,1674.01,70.16,1.11,0.07955,579.87,0.153781,7.64,6.52,0.916838,,42.24
2026-06-24T01:44:03+00:00,62885,1673.32,70.16,1.11,0.079559,579.67,0.153797,7.65,6.52,0.916658,,42.24
2026-06-24T01:45:06+00:00,62882,1673.08,70.14,1.11,0.079558,579.59,0.153793,7.64,6.52,0.916384,,42.24
2026-06-24T01:46:12+00:00,62888,1672.96,70.12,1.11,0.079546,579.55,0.15375,7.64,6.52,0.916261,,42.23
2026-06-24T01:47:14+00:00,62904,1673.55,70.11,1.11,0.079539,579.5,0.153709,7.64,6.52,0.916088,,42.22
2026-06-24T01:48:17+00:00,62905,1673.51,70.11,1.11,0.079543,579.48,0.153701,7.64,6.52,0.916024,,42.22
2026-06-24T01:49:20+00:00,62913,1673.79,70.12,1.11,0.079554,579.53,0.153689,7.64,6.52,0.915987,,42.22
2026-06-24T01:50:39+00:00,62902,1674.0,70.14,1.11,0.079576,579.51,0.153647,7.64,6.51,0.916134,,42.22
2026-06-24T01:51:44+00:00,62917,1674.51,70.15,1.11,0.079583,579.78,0.153583,7.64,6.51,0.916195,,42.22
2026-06-24T01:52:47+00:00,62920,1673.72,70.16,1.11,0.079599,579.63,0.153517,7.64,6.51,0.916181,,42.24
2026-06-24T01:53:50+00:00,62905,1673.38,70.16,1.11,0.079609,579.35,0.15344,7.64,6.5,0.916064,,42.24
2026-06-24T01:54:53+00:00,,,,,,,,,,,,
2026-06-24T01:55:56+00:00,,,,,,,,,,,,
2026-06-24T01:57:01+00:00,,,,,,,,,,,,
2026-06-24T01:58:04+00:00,,,,,,,,,,,,
2026-06-24T01:59:07+00:00,,,,,,,,,,,,
2026-06-24T02:00:10+00:00,62883,1671.51,70.09,1.11,0.079552,579.06,0.15302,7.63,6.47,0.915256,,42.21
2026-06-24T02:01:27+00:00,62888,1670.95,70.03,1.11,0.07952,579.02,0.152877,7.63,6.46,0.914645,,42.2
2026-06-24T02:02:33+00:00,62880,1669.98,70.03,1.11,0.07951,578.85,0.152838,7.63,6.45,0.914475,,42.19
2026-06-24T02:03:35+00:00,62856,1669.87,70.03,1.11,0.07951,578.66,0.152801,7.63,6.45,0.913919,,42.17
2026-06-24T02:04:38+00:00,62848,1669.08,70.02,1.11,0.079494,578.59,0.152743,7.63,6.45,0.913698,,42.16
2026-06-24T02:05:41+00:00,62805,1668.49,70.0,1.11,0.079464,578.4,0.152658,7.62,6.45,0.913508,,42.13
2026-06-24T02:06:44+00:00,62788,1668.26,69.94,1.11,0.079427,578.25,0.152633,7.62,6.44,0.912942,,42.11
2026-06-24T02:07:50+00:00,62785,1668.23,69.92,1.11,0.079392,578.22,0.152605,7.62,6.44,0.912715,,42.09
2026-06-24T02:08:52+00:00,62755,1667.41,69.9,1.11,0.079388,578.06,0.152532,7.62,6.44,0.912467,,42.07
2026-06-24T02:09:55+00:00,62776,1667.92,69.89,1.11,0.07936,578.11,0.152499,7.62,6.43,0.912245,,42.05
2026-06-24T02:10:59+00:00,62795,1668.39,69.85,1.11,0.079341,578.24,0.152487,7.62,6.43,0.912071,,42.04
2026-06-24T02:12:15+00:00,62800,1669.32,69.84,1.11,0.079316,578.3,0.152523,7.62,6.43,0.912103,,42.03
2026-06-24T02:13:20+00:00,62800,1669.51,69.85,1.11,0.079322,578.35,0.15254,7.62,6.43,0.912213,,42.03
2026-06-24T02:14:23+00:00,62800,1669.56,69.84,1.11,0.079322,578.3,0.152527,7.62,6.42,0.912295,,42.03
2026-06-24T02:15:26+00:00,62798,1669.62,69.84,1.11,0.079322,578.32,0.152507,7.63,6.43,0.912354,,42.03
2026-06-24T02:16:29+00:00,62786,1669.27,69.82,1.11,0.079321,578.35,0.152523,7.63,6.43,0.912382,,42.04
2026-06-24T02:17:32+00:00,62775,1669.01,69.8,1.11,0.079313,578.3,0.152486,7.62,6.42,0.912319,,42.04
2026-06-24T02:18:37+00:00,62747,1668.1,69.76,1.11,0.079296,578.1,0.152476,7.62,6.43,0.91207,,42.04
2026-06-24T02:19:40+00:00,62719,1667.15,69.73,1.11,0.079285,577.96,0.152453,7.62,6.42,0.911824,,42.03
2026-06-24T02:20:43+00:00,62714,1666.83,69.69,1.11,0.079258,577.82,0.152397,7.62,6.42,0.911623,,42.02
2026-06-24T02:21:46+00:00,62700,1666.74,69.67,1.11,0.079246,577.84,0.152366,7.61,6.42,0.911334,,42.0
2026-06-24T02:23:02+00:00,62658,1666.0,69.63,1.11,0.079214,577.67,0.152354,7.61,6.42,0.910857,,41.98
2026-06-24T02:24:08+00:00,62638,1664.98,69.55,1.1,0.079079,577.6,0.152239,7.61,6.41,0.910638,,41.98
2026-06-24T02:25:11+00:00,62631,1663.84,69.52,1.1,0.079064,577.46,0.152199,7.61,6.41,0.910127,,41.97
2026-06-24T02:26:14+00:00,62635,1663.78,69.51,1.1,0.079048,577.45,0.152186,7.6,6.41,0.909834,,41.96
2026-06-24T02:27:17+00:00,62648,1663.96,69.52,1.1,0.079035,577.56,0.152249,7.6,6.41,0.909549,,41.96
2026-06-24T02:28:20+00:00,62646,1663.75,69.53,1.1,0.079038,577.59,0.152292,7.6,6.41,0.909615,,41.96
2026-06-24T02:29:25+00:00,62664,1664.92,69.56,1.11,0.079037,577.67,0.152332,7.6,6.41,0.909576,,41.96
2026-06-24T02:30:28+00:00,62686,1665.49,69.58,1.11,0.079053,577.78,0.152384,7.6,6.41,0.909757,,41.98
2026-06-24T02:31:31+00:00,62693,1665.85,69.61,1.11,0.079078,577.84,0.152433,7.6,6.42,0.909968,,41.99
2026-06-24T02:32:34+00:00,62694,1665.87,69.62,1.11,0.079096,577.88,0.15252,7.61,6.42,0.910079,,42.0
2026-06-24T02:33:49+00:00,62677,1665.59,69.64,1.11,0.079117,577.94,0.152581,7.61,6.43,0.910183,,42.01
2026-06-24T02:34:54+00:00,62668,1665.34,69.64,1.11,0.079129,577.89,0.152602,7.61,6.43,0.910086,,42.01
2026-06-24T02:35:57+00:00,62659,1665.02,69.6,1.11,0.079138,577.68,0.152636,7.61,6.43,0.909969,,42.01
2026-06-24T02:37:00+00:00,62635,1664.67,69.59,1.11,0.07914,577.43,0.152597,7.61,6.43,0.909764,,42.0
2026-06-24T02:38:03+00:00,62621,1664.27,69.58,1.11,0.079141,577.42,0.152563,7.61,6.44,0.909228,,41.98
2026-06-24T02:39:06+00:00,62611,1664.24,69.57,1.11,0.079145,577.37,0.152539,7.61,6.44,0.908997,,41.98
2026-06-24T02:40:11+00:00,62606,1664.16,69.57,1.11,0.079149,577.41,0.152528,7.61,6.44,0.908947,,41.97
2026-06-24T02:41:13+00:00,62595,1663.88,69.56,1.11,0.079136,577.36,0.152525,7.6,6.44,0.908529,,41.96
2026-06-24T02:42:16+00:00,62663,1666.23,69.59,1.11,0.079133,577.71,0.15254,7.6,6.44,0.90857,,41.96
2026-06-24T02:43:19+00:00,62683,1666.33,69.6,1.11,0.079164,577.95,0.152609,7.61,6.44,0.908736,,41.98
2026-06-24T02:44:35+00:00,62665,1666.15,69.6,1.11,0.079179,577.99,0.152657,7.6,6.44,0.909136,,42.0
2026-06-24T02:45:40+00:00,62660,1666.19,69.61,1.11,0.079201,577.91,0.152688,7.6,6.44,0.909306,,42.0
2026-06-24T02:46:43+00:00,62654,1666.18,69.61,1.11,0.079201,577.87,0.152723,7.6,6.44,0.909349,,42.0
2026-06-24T02:47:46+00:00,62645,1665.64,69.6,1.11,0.079221,577.8,0.152763,7.6,6.45,0.909717,,42.01
2026-06-24T02:48:49+00:00,62637,1664.93,69.59,1.11,0.079218,577.73,0.152804,7.6,6.45,0.909809,,42.02
2026-06-24T02:49:52+00:00,62641,1664.88,69.59,1.11,0.079217,577.74,0.152814,7.6,6.45,0.909734,,42.02
2026-06-24T02:50:57+00:00,62669,1665.4,69.55,1.11,0.079201,577.82,0.15283,7.6,6.45,0.909741,,42.01
2026-06-24T02:52:00+00:00,62648,1664.54,69.49,1.11,0.079188,577.74,0.152829,7.6,6.45,0.909514,,42.0
2026-06-24T02:53:03+00:00,62638,1664.64,69.48,1.11,0.079174,577.58,0.152817,7.6,6.44,0.909133,,41.99
2026-06-24T02:54:06+00:00,,,,,,,,,,,,
2026-06-24T02:55:21+00:00,,,,,,,,,,,,
2026-06-24T02:56:26+00:00,,,,,,,,,,,,
2026-06-24T02:57:29+00:00,,,,,,,,,,,,
2026-06-24T02:58:32+00:00,,,,,,,,,,,,
2026-06-24T02:59:35+00:00,,,,,,,,,,,,
2026-06-24T03:00:38+00:00,62578,1662.53,69.42,1.1,0.079062,576.95,0.15248,7.59,6.44,0.907601,,41.95
2026-06-24T03:01:44+00:00,62588,1663.08,69.41,1.1,0.079053,576.84,0.152444,7.58,6.43,0.90745,,41.95
2026-06-24T03:02:47+00:00,62596,1662.94,69.42,1.1,0.079057,576.84,0.152462,7.58,6.43,0.907466,,41.95
2026-06-24T03:03:50+00:00,62585,1662.88,69.41,1.1,0.079059,576.82,0.152406,7.58,6.43,0.90742,,41.96
2026-06-24T03:04:53+00:00,62569,1662.39,69.36,1.1,0.079051,576.73,0.152376,7.58,6.43,0.907197,,41.96
2026-06-24T03:06:08+00:00,62557,1662.12,69.34,1.1,0.079031,576.55,0.15235,7.58,6.43,0.906937,,41.95
2026-06-24T03:07:13+00:00,62526,1661.7,69.31,1.1,0.078996,576.33,0.152304,7.58,6.43,0.906726,,41.94
2026-06-24T03:08:15+00:00,62513,1661.02,69.3,1.1,0.078956,576.1,0.152267,7.58,6.43,0.906522,,41.94
2026-06-24T03:09:18+00:00,62525,1661.19,69.29,1.1,0.078929,576.05,0.152248,7.58,6.42,0.906365,,41.93
2026-06-24T03:10:22+00:00,62547,1661.68,69.29,1.1,0.078928,576.19,0.152257,7.58,6.43,0.906406,,41.93
2026-06-24T03:11:25+00:00,62559,1661.75,69.29,1.1,0.078932,576.17,0.152215,7.58,6.43,0.906354,,41.93
2026-06-24T03:12:30+00:00,62559,1661.7,69.3,1.1,0.07893,576.22,0.152223,7.58,6.43,0.906332,,41.94
2026-06-24T03:13:33+00:00,62552,1661.78,69.3,1.1,0.078923,576.25,0.152263,7.58,6.43,0.906516,,41.94
2026-06-24T03:14:36+00:00,62558,1662.21,69.31,1.1,0.078946,576.36,0.152334,7.58,6.43,0.906716,,41.94
2026-06-24T03:15:39+00:00,62526,1661.66,69.33,1.1,0.078986,576.19,0.152366,7.58,6.43,0.906566,,41.93
2026-06-24T03:16:56+00:00,62490,1660.92,69.31,1.1,0.078966,575.96,0.152317,7.57,6.43,0.906423,,41.9
2026-06-24T03:18:02+00:00,62469,1660.42,69.24,1.1,0.078925,575.7,0.152221,7.57,6.43,0.906001,,41.89
2026-06-24T03:19:04+00:00,62420,1658.35,69.16,1.1,0.078872,575.45,0.152054,7.57,6.42,0.905588,,41.89
2026-06-24T03:20:07+00:00,62407,1657.93,69.16,1.099,0.078838,575.1,0.151884,7.56,6.42,0.904871,,41.86
2026-06-24T03:21:10+00:00,62401,1656.99,69.12,1.099,0.078808,574.96,0.151788,7.56,6.42,0.904265,,41.84
2026-06-24T03:22:13+00:00,62427,1657.87,69.11,1.099,0.078791,574.89,0.151664,7.56,6.41,0.90394,,41.81
2026-06-24T03:23:19+00:00,62448,1658.54,69.12,1.099,0.07879,575.04,0.15163,7.55,6.41,0.903384,,41.8
2026-06-24T03:24:22+00:00,62465,1659.14,69.13,1.099,0.078792,575.26,0.151587,7.55,6.41,0.903356,,41.79
2026-06-24T03:25:25+00:00,62480,1659.28,69.16,1.099,0.078859,575.24,0.151567,7.55,6.41,0.90328,,41.79
2026-06-24T03:26:28+00:00,62487,1659.4,69.17,1.1,0.078859,575.19,0.151563,7.55,6.41,0.903165,,41.79
2026-06-24T03:27:45+00:00,62506,1659.56,69.19,1.1,0.078862,575.22,0.151575,7.56,6.41,0.903215,,41.78
2026-06-24T03:28:50+00:00,62539,1660.21,69.22,1.1,0.078899,575.34,0.151623,7.56,6.41,0.903222,,41.79
2026-06-24T03:29:53+00:00,62575,1661.0,69.23,1.1,0.078907,575.63,0.151666,7.56,6.41,0.903194,,41.78
2026-06-24T03:30:56+00:00,62587,1661.62,69.24,1.1,0.078933,575.86,0.151741,7.56,6.42,0.903411,,41.79
2026-06-24T03:31:59+00:00,62626,1662.49,69.27,1.1,0.078953,576.09,0.15185,7.56,6.42,0.90384,,41.79
2026-06-24T03:33:02+00:00,62659,1663.68,69.31,1.1,0.07898,576.32,0.151949,7.57,6.42,0.904099,,41.8
2026-06-24T03:34:07+00:00,62678,1664.45,69.35,1.1,0.079002,576.57,0.151986,7.57,6.42,0.904383,,41.8
2026-06-24T03:35:10+00:00,62670,1663.95,69.37,1.1,0.079047,576.65,0.152064,7.58,6.42,0.904613,,41.81
2026-06-24T03:36:13+00:00,62692,1664.33,69.41,1.1,0.079083,576.81,0.152143,7.58,6.42,0.904721,,41.81
2026-06-24T03:37:17+00:00,62713,1665.26,69.47,1.1,0.07911,577.1,0.152203,7.59,6.43,0.905052,,41.83
2026-06-24T03:38:33+00:00,62727,1665.65,69.51,1.1,0.079118,577.48,0.152278,7.59,6.43,0.905199,,41.84
2026-06-24T03:39:38+00:00,62729,1666.24,69.54,1.1,0.079143,577.65,0.152325,7.59,6.43,0.905552,,41.86
2026-06-24T03:40:41+00:00,62736,1666.3,69.62,1.1,0.079182,577.72,0.152403,7.59,6.43,0.905701,,41.86
2026-06-24T03:41:44+00:00,62741,1666.1,69.63,1.1,0.079183,577.6,0.152425,7.59,6.44,0.90593,,41.88
2026-06-24T03:42:47+00:00,62737,1666.19,69.63,1.1,0.079174,577.55,0.152458,7.59,6.44,0.905953,,41.89
2026-06-24T03:43:50+00:00,62734,1666.4,69.63,1.1,0.07917,577.67,0.152432,7.59,6.44,0.906035,,41.9
2026-06-24T03:44:55+00:00,62729,1666.46,69.63,1.1,0.079168,577.64,0.152378,7.59,6.44,0.906081,,41.9
2026-06-24T03:45:58+00:00,62727,1666.38,69.63,1.1,0.079168,577.75,0.152318,7.59,6.44,0.906132,,41.9
2026-06-24T03:47:01+00:00,62738,1666.65,69.63,1.1,0.079172,577.72,0.152304,7.59,6.44,0.906107,,41.89
2026-06-24T03:48:04+00:00,62738,1666.39,69.64,1.1,0.079188,577.59,0.152275,7.59,6.44,0.906165,,41.9
2026-06-24T03:49:22+00:00,62729,1666.39,69.64,1.1,0.079192,577.42,0.152235,7.59,6.43,0.906201,,41.89
2026-06-24T03:50:27+00:00,62725,1666.77,69.63,1.1,0.079185,577.56,0.152202,7.59,6.43,0.906215,,41.87
2026-06-24T03:51:30+00:00,62707,1666.43,69.61,1.1,0.079179,577.54,0.152162,7.59,6.43,0.905966,,41.84
2026-06-24T03:52:33+00:00,62703,1666.51,69.6,1.1,0.079164,577.42,0.152169,7.59,6.43,0.90594,,41.82
2026-06-24T03:53:36+00:00,62698,1666.39,69.59,1.1,0.079143,577.41,0.152143,7.58,6.43,0.905966,,41.8
2026-06-24T03:54:39+00:00,,,,,,,,,,,,
2026-06-24T03:55:44+00:00,,,,,,,,,,,,
2026-06-24T03:56:47+00:00,,,,,,,,,,,,
2026-06-24T03:57:50+00:00,,,,,,,,,,,,
2026-06-24T03:58:53+00:00,,,,,,,,,,,,
2026-06-24T04:00:11+00:00,62676,1665.71,69.5,1.1,0.079044,577.3,0.152043,7.58,6.42,0.905612,,41.71
2026-06-24T04:01:16+00:00,62661,1664.88,69.49,1.1,0.079027,577.05,0.152023,7.58,6.41,0.90554,,41.71
2026-06-24T04:02:19+00:00,62653,1664.88,69.47,1.1,0.079012,576.92,0.152011,7.58,6.41,0.905271,,41.71
2026-06-24T04:03:22+00:00,62665,1665.09,69.5,1.1,0.079017,577.09,0.152049,7.58,6.41,0.905032,,41.7
2026-06-24T04:04:25+00:00,62652,1664.64,69.49,1.1,0.079021,577.05,0.152047,7.58,6.41,0.905053,,41.7
2026-06-24T04:05:28+00:00,62606,1664.05,69.46,1.1,0.079005,576.7,0.151973,7.58,6.41,0.904994,,41.7
2026-06-24T04:06:33+00:00,62592,1663.47,69.44,1.1,0.078987,576.57,0.151933,7.58,6.41,0.904416,,41.69
2026-06-24T04:07:36+00:00,62595,1663.33,69.44,1.1,0.078982,576.51,0.151869,7.57,6.41,0.904219,,41.69
2026-06-24T04:08:39+00:00,62592,1663.02,69.43,1.1,0.078983,576.39,0.15185,7.57,6.41,0.903552,,41.68
2026-06-24T04:09:43+00:00,62583,1662.88,69.41,1.1,0.078976,576.26,0.151812,7.57,6.41,0.903142,,41.66
2026-06-24T04:11:19+00:00,62577,1662.84,69.39,1.1,0.07896,576.26,0.151748,7.57,6.41,0.902757,,41.66
2026-06-24T04:12:24+00:00,62575,1662.84,69.39,1.1,0.078953,576.12,0.15174,7.57,6.4,0.902171,,41.65
2026-06-24T04:13:27+00:00,62583,1663.31,69.39,1.1,0.078959,576.18,0.151747,7.57,6.4,0.901809,,41.64
2026-06-24T04:14:30+00:00,62584,1663.01,69.4,1.1,0.078964,576.19,0.15174,7.57,6.4,0.90163,,41.64
2026-06-24T04:15:34+00:00,62587,1663.03,69.4,1.1,0.078969,576.17,0.151746,7.57,6.4,0.901641,,41.64
2026-06-24T04:16:37+00:00,62601,1663.61,69.42,1.1,0.078985,576.24,0.151753,7.57,6.4,0.901598,,41.65
2026-06-24T04:17:41+00:00,62597,1663.59,69.43,1.1,0.078997,576.26,0.151787,7.58,6.4,0.901705,,41.66
2026-06-24T04:18:44+00:00,62571,1662.92,69.43,1.1,0.078998,576.02,0.151787,7.57,6.4,0.901791,,41.66
2026-06-24T04:19:47+00:00,62572,1662.35,69.42,1.1,0.078986,575.88,0.151739,7.57,6.4,0.901531,,41.65
2026-06-24T04:20:51+00:00,62568,1661.98,69.4,1.1,0.078959,575.67,0.151674,7.57,6.39,0.901454,,41.64
2026-06-24T04:22:08+00:00,62550,1661.26,69.39,1.1,0.078932,575.48,0.151575,7.57,6.39,0.900867,,41.63
2026-06-24T04:23:13+00:00,62530,1660.94,69.35,1.1,0.078883,575.17,0.151444,7.56,6.39,0.900312,,41.61
2026-06-24T04:24:15+00:00,62518,1660.3,69.31,1.099,0.07886,574.81,0.151308,7.56,6.39,0.899557,,41.6
2026-06-24T04:25:19+00:00,62486,1659.01,69.22,1.099,0.078767,574.5,0.151218,7.55,6.38,0.898604,,41.58
2026-06-24T04:26:22+00:00,62477,1658.52,69.16,1.098,0.0787,574.33,0.151015,7.54,6.38,0.897592,,41.56
2026-06-24T04:27:25+00:00,62489,1657.88,69.12,1.098,0.078669,574.46,0.150875,7.54,6.37,0.897303,,41.54
2026-06-24T04:28:30+00:00,62504,1658.11,69.11,1.097,0.078642,574.48,0.150857,7.54,6.38,0.897379,,41.52
2026-06-24T04:29:33+00:00,62510,1658.05,69.1,1.097,0.078636,574.49,0.150839,7.54,6.38,0.897237,,41.52
2026-06-24T04:30:36+00:00,62518,1658.03,69.09,1.096,0.078604,574.47,0.150851,7.54,6.38,0.897351,,41.53
2026-06-24T04:31:39+00:00,62521,1657.92,69.08,1.096,0.078592,574.44,0.150819,7.54,6.37,0.897393,,41.53
2026-06-24T05:01:34+00:00,62685,1667.51,69.49,1.1,0.079072,576.89,0.152224,7.59,6.42,0.903753,,41.73
2026-06-24T05:02:39+00:00,62686,1667.85,69.5,1.1,0.079091,576.87,0.152271,7.59,6.42,0.904189,,41.73
2026-06-24T05:03:43+00:00,62693,1668.32,69.52,1.1,0.079108,576.95,0.152328,7.59,6.42,0.904774,,41.74
2026-06-24T05:04:45+00:00,62713,1668.54,69.53,1.1,0.079121,577.04,0.152333,7.59,6.43,0.905017,,41.75
2026-06-24T05:05:48+00:00,62698,1667.66,69.53,1.1,0.079122,576.95,0.152328,7.59,6.43,0.905172,,41.76
2026-06-24T05:06:51+00:00,62672,1667.51,69.52,1.1,0.079099,576.81,0.1523,7.59,6.43,0.905001,,41.76
2026-06-24T05:07:57+00:00,62651,1666.59,69.49,1.1,0.07908,576.76,0.152192,7.59,6.43,0.904738,,41.75
2026-06-24T05:09:00+00:00,62642,1665.97,69.5,1.1,0.079062,576.79,0.152124,7.59,6.42,0.904766,,41.75
2026-06-24T05:10:03+00:00,62675,1666.77,69.5,1.1,0.079053,577.02,0.152124,7.59,6.42,0.904577,,41.76
2026-06-24T05:11:05+00:00,62718,1667.89,69.61,1.1,0.079067,577.16,0.152115,7.59,6.43,0.904773,,41.77
2026-06-24T05:12:21+00:00,62726,1668.38,69.63,1.1,0.079084,577.57,0.152127,7.6,6.43,0.904995,,41.78
2026-06-24T05:13:27+00:00,62733,1668.33,69.65,1.1,0.079093,577.61,0.152139,7.6,6.43,0.904971,,41.79
2026-06-24T05:14:30+00:00,62720,1667.97,69.66,1.1,0.079132,577.55,0.152166,7.6,6.42,0.90511,,41.8
2026-06-24T05:15:33+00:00,62707,1667.6,69.65,1.1,0.079132,577.49,0.152198,7.6,6.42,0.905382,,41.8
2026-06-24T05:16:36+00:00,62725,1668.4,69.65,1.1,0.079123,577.64,0.152226,7.6,6.43,0.905563,,41.8
2026-06-24T05:17:39+00:00,62741,1669.09,69.66,1.1,0.079129,577.8,0.152265,7.61,6.43,0.905849,,41.81
2026-06-24T05:18:45+00:00,62757,1669.33,69.68,1.1,0.079137,577.89,0.152297,7.61,6.43,0.905972,,41.83
2026-06-24T05:19:48+00:00,62779,1669.96,69.68,1.1,0.079148,578.03,0.152358,7.61,6.43,0.906554,,41.85
2026-06-24T05:20:51+00:00,62761,1669.74,69.69,1.1,0.079151,577.98,0.152383,7.62,6.43,0.906789,,41.86
2026-06-24T05:21:54+00:00,62731,1668.91,69.68,1.1,0.079138,577.92,0.152371,7.62,6.44,0.906896,,41.87
2026-06-24T05:23:10+00:00,62733,1669.07,69.68,1.1,0.079113,577.97,0.152332,7.62,6.44,0.907033,,41.88
2026-06-24T05:24:16+00:00,62742,1669.28,69.67,1.1,0.079102,578.18,0.152339,7.62,6.44,0.907233,,41.9
2026-06-24T05:25:19+00:00,62765,1669.64,69.68,1.1,0.07911,578.35,0.152373,7.62,6.44,0.907285,,41.91
2026-06-24T05:26:22+00:00,62783,1669.86,69.72,1.1,0.079114,578.45,0.152383,7.62,6.44,0.907492,,41.92
2026-06-24T05:27:25+00:00,62786,1670.06,69.81,1.1,0.07915,578.52,0.152414,7.62,6.44,0.907685,,41.93
2026-06-24T05:28:27+00:00,62780,1670.33,69.82,1.1,0.079151,578.61,0.152407,7.63,6.44,0.907799,,41.95
2026-06-24T05:29:33+00:00,62790,1670.9,69.83,1.1,0.079162,578.8,0.152448,7.63,6.44,0.907985,,41.95
2026-06-24T05:30:36+00:00,62801,1671.11,69.86,1.1,0.079175,578.83,0.152465,7.63,6.44,0.908143,,41.96
2026-06-24T05:31:39+00:00,62800,1671.07,69.86,1.1,0.079179,578.93,0.152491,7.63,6.44,0.908343,,41.97
2026-06-24T05:32:42+00:00,62791,1670.57,69.86,1.1,0.079177,578.92,0.15249,7.63,6.44,0.908324,,41.97
2026-06-24T05:33:56+00:00,62823,1671.93,69.88,1.1,0.079184,579.34,0.152532,7.63,6.44,0.908416,,41.97
2026-06-24T05:35:02+00:00,62825,1671.96,69.89,1.1,0.079217,579.34,0.152562,7.64,6.44,0.908665,,41.98
2026-06-24T05:36:05+00:00,62821,1671.34,69.9,1.1,0.079222,579.25,0.15256,7.64,6.44,0.908844,,41.99
2026-06-24T05:37:08+00:00,62861,1672.5,69.91,1.1,0.079235,579.52,0.15256,7.64,6.44,0.908886,,41.99
2026-06-24T05:38:11+00:00,62927,1674.98,69.95,1.1,0.079255,579.92,0.152593,7.64,6.44,0.909056,,42.0
2026-06-24T05:39:14+00:00,62978,1675.67,69.98,1.1,0.079275,580.42,0.152649,7.65,6.44,0.909352,,42.02
2026-06-24T05:40:19+00:00,62937,1675.31,69.99,1.1,0.079283,580.26,0.152643,7.65,6.44,0.909485,,42.02
2026-06-24T05:41:22+00:00,62886,1674.36,69.97,1.1,0.079279,579.96,0.152591,7.65,6.44,0.909328,,42.02
2026-06-24T05:42:25+00:00,62875,1674.28,69.98,1.1,0.079277,579.72,0.152579,7.65,6.44,0.909285,,42.01
2026-06-24T05:43:28+00:00,62894,1674.97,69.99,1.1,0.079293,579.67,0.152598,7.65,6.44,0.909259,,42.02
2026-06-24T05:44:43+00:00,62897,1674.92,70.0,1.1,0.079302,579.62,0.152599,7.65,6.43,0.909274,,42.02
2026-06-24T05:45:48+00:00,62871,1674.04,69.98,1.1,0.079281,579.65,0.152547,7.65,6.43,0.909069,,42.02
2026-06-24T05:46:52+00:00,62849,1673.29,69.96,1.1,0.079273,579.69,0.152517,7.65,6.43,0.908935,,42.02
2026-06-24T05:47:55+00:00,62861,1673.95,69.96,1.1,0.079264,579.8,0.152478,7.65,6.43,0.90894,,42.03
2026-06-24T05:48:58+00:00,62861,1673.99,69.96,1.1,0.079261,579.71,0.152473,7.65,6.43,0.909131,,42.03
2026-06-24T05:50:01+00:00,62866,1674.12,69.95,1.1,0.079254,579.69,0.15246,7.64,6.43,0.909442,,42.02
2026-06-24T05:51:06+00:00,62850,1673.21,69.93,1.1,0.079222,579.47,0.152413,7.64,6.43,0.909648,,42.02
2026-06-24T05:52:09+00:00,62827,1671.96,69.91,1.1,0.079174,579.33,0.152342,7.64,6.43,0.909299,,42.01
2026-06-24T05:53:12+00:00,62817,1672.11,69.89,1.1,0.079166,579.14,0.1523,7.64,6.43,0.909291,,42.01
2026-06-24T05:54:16+00:00,62804,1671.02,69.88,1.1,0.079157,578.96,0.152208,7.64,6.43,0.909519,,42.01
2026-06-24T05:55:31+00:00,,,,,,,,,,,,
2026-06-24T05:56:37+00:00,,,,,,,,,,,,
2026-06-24T05:57:40+00:00,,,,,,,,,,,,
2026-06-24T05:58:43+00:00,,,,,,,,,,,,
2026-06-24T05:59:46+00:00,,,,,,,,,,,,
2026-06-24T06:00:49+00:00,62810,1672.26,69.84,1.1,0.079081,579.11,0.152003,7.63,6.42,0.90913,,41.99
2026-06-24T06:01:55+00:00,62769,1671.42,69.83,1.1,0.079076,578.88,0.152002,7.63,6.42,0.908916,,41.99
2026-06-24T06:02:58+00:00,62752,1670.83,69.82,1.1,0.079072,578.83,0.151965,7.63,6.42,0.90865,,41.99
2026-06-24T06:04:02+00:00,62739,1670.45,69.81,1.1,0.07907,578.78,0.151951,7.63,6.43,0.908451,,41.98
2026-06-24T06:05:04+00:00,62726,1669.9,69.8,1.1,0.079049,578.7,0.15192,7.63,6.43,0.908247,,41.97
2026-06-24T06:06:20+00:00,62715,1669.44,69.77,1.1,0.079018,578.42,0.151817,7.63,6.43,0.907849,,41.96
2026-06-24T06:07:26+00:00,62727,1670.01,69.76,1.1,0.07901,578.59,0.151723,7.63,6.43,0.907741,,41.95
2026-06-24T06:08:29+00:00,62737,1670.52,69.76,1.1,0.079014,578.69,0.151659,7.63,6.43,0.907746,,41.95
2026-06-24T06:09:32+00:00,62756,1671.31,69.77,1.1,0.079025,578.81,0.151609,7.63,6.43,0.9077,,41.96
2026-06-24T06:10:35+00:00,62764,1671.32,69.79,1.1,0.079029,578.69,0.151582,7.63,6.43,0.90787,,41.96
2026-06-24T06:11:38+00:00,62763,1671.42,69.81,1.1,0.079034,578.85,0.151563,7.63,6.43,0.907973,,41.96
2026-06-24T06:12:44+00:00,62789,1672.73,69.82,1.1,0.079066,579.27,0.151545,7.64,6.44,0.908099,,41.96
2026-06-24T06:13:47+00:00,62774,1672.05,69.85,1.1,0.079096,579.22,0.151519,7.64,6.44,0.908227,,41.97
2026-06-24T06:14:50+00:00,62762,1671.64,69.85,1.1,0.079094,579.14,0.151484,7.64,6.44,0.908223,,41.98
2026-06-24T06:15:54+00:00,62762,1671.63,69.85,1.1,0.079088,579.16,0.151442,7.64,6.44,0.908296,,41.98
2026-06-24T06:17:08+00:00,62747,1671.3,69.84,1.1,0.079076,579.06,0.151405,7.64,6.44,0.908122,,41.98
2026-06-24T06:18:14+00:00,62724,1671.04,69.82,1.1,0.079047,578.84,0.151346,7.64,6.44,0.908039,,41.98
2026-06-24T06:19:17+00:00,62727,1671.21,69.81,1.1,0.07902,578.93,0.151285,7.63,6.43,0.908013,,41.98
2026-06-24T06:20:20+00:00,62719,1670.85,69.8,1.1,0.078998,578.87,0.15125,7.63,6.43,0.907852,,41.98
2026-06-24T06:21:23+00:00,62718,1671.08,69.8,1.1,0.078986,578.88,0.15123,7.63,6.43,0.907559,,41.98
2026-06-24T06:22:27+00:00,62716,1670.92,69.79,1.1,0.078971,578.85,0.151212,7.63,6.42,0.907203,,41.97
2026-06-24T06:23:32+00:00,62731,1670.99,69.79,1.1,0.07896,578.94,0.151182,7.63,6.42,0.907108,,41.97
2026-06-24T06:24:35+00:00,62751,1672.09,69.81,1.1,0.078959,579.16,0.151189,7.63,6.42,0.907176,,41.98
2026-06-24T06:25:39+00:00,62756,1672.01,69.83,1.1,0.078956,579.2,0.151247,7.63,6.42,0.907261,,41.98
2026-06-24T06:26:42+00:00,62777,1672.85,69.84,1.1,0.078958,579.33,0.151253,7.63,6.42,0.907311,,41.99
2026-06-24T06:27:59+00:00,62810,1673.99,69.86,1.1,0.078982,579.53,0.151308,7.64,6.42,0.907611,,41.99
2026-06-24T06:29:04+00:00,62811,1674.14,69.88,1.1,0.078992,579.57,0.151344,7.64,6.42,0.907655,,42.0
2026-06-24T06:30:08+00:00,62784,1673.31,69.87,1.1,0.078985,579.32,0.151321,7.64,6.42,0.907642,,42.01
2026-06-24T06:31:11+00:00,62778,1673.45,69.86,1.1,0.078971,579.2,0.151266,7.63,6.41,0.907254,,42.01
2026-06-24T06:32:14+00:00,62767,1673.35,69.86,1.1,0.078969,579.26,0.151265,7.64,6.42,0.907294,,42.02
2026-06-24T06:33:17+00:00,62755,1673.37,69.86,1.1,0.078965,579.26,0.151255,7.64,6.41,0.907233,,42.02
2026-06-24T06:34:23+00:00,62745,1673.21,69.86,1.1,0.078956,579.14,0.151194,7.64,6.42,0.907296,,42.03
2026-06-24T06:35:26+00:00,62751,1673.55,69.85,1.1,0.078947,579.25,0.151163,7.63,6.42,0.907291,,42.03
2026-06-24T06:36:29+00:00,62764,1673.85,69.86,1.1,0.07895,579.3,0.151186,7.64,6.42,0.907441,,42.05
2026-06-24T06:37:32+00:00,62779,1674.17,69.87,1.1,0.078955,579.48,0.151254,7.64,6.42,0.907572,,42.06
2026-06-24T06:38:48+00:00,62779,1674.32,69.87,1.1,0.07897,579.45,0.151314,7.64,6.42,0.907872,,42.08
2026-06-24T06:39:54+00:00,62773,1674.17,69.87,1.1,0.078974,579.35,0.151357,7.64,6.42,0.907866,,42.1
2026-06-24T06:40:57+00:00,62766,1673.97,69.87,1.1,0.078977,579.28,0.151387,7.64,6.42,0.907999,,42.1
2026-06-24T06:42:00+00:00,62766,1673.93,69.83,1.1,0.078977,579.27,0.151378,7.64,6.42,0.90785,,42.1
2026-06-24T06:43:03+00:00,62761,1673.93,69.82,1.1,0.07898,579.25,0.151379,7.64,6.42,0.907747,,42.11
2026-06-24T06:44:06+00:00,62747,1673.32,69.8,1.1,0.078974,579.04,0.151333,7.64,6.41,0.907558,,42.11
2026-06-24T06:45:11+00:00,62733,1673.07,69.79,1.1,0.078966,578.88,0.151278,7.64,6.41,0.907445,,42.1
2026-06-24T06:46:14+00:00,62702,1672.54,69.76,1.1,0.07895,578.66,0.151231,7.64,6.41,0.907198,,42.1
2026-06-24T06:47:18+00:00,62697,1672.4,69.72,1.1,0.078934,578.53,0.151177,7.64,6.41,0.906716,,42.1
2026-06-24T06:48:21+00:00,62699,1672.71,69.72,1.1,0.078931,578.56,0.151155,7.64,6.41,0.906619,,42.1
2026-06-24T06:49:36+00:00,62686,1672.32,69.71,1.1,0.078928,578.54,0.151208,7.63,6.41,0.90658,,42.09
2026-06-24T06:50:42+00:00,62678,1672.12,69.7,1.1,0.078926,578.59,0.151242,7.63,6.41,0.906746,,42.07
2026-06-24T06:51:45+00:00,62672,1672.16,69.69,1.1,0.078928,578.57,0.15127,7.63,6.41,0.906819,,42.07
2026-06-24T06:52:48+00:00,62689,1672.75,69.69,1.1,0.078932,578.61,0.151323,7.63,6.41,0.906856,,42.06
2026-06-24T06:53:51+00:00,62696,1673.03,69.7,1.1,0.078947,578.56,0.151357,7.63,6.41,0.906981,,42.04
2026-06-24T06:54:55+00:00,,,,,,,,,,,,
2026-06-24T06:56:00+00:00,,,,,,,,,,,,
2026-06-24T06:57:03+00:00,,,,,,,,,,,,
2026-06-24T06:58:06+00:00,,,,,,,,,,,,
2026-06-24T06:59:09+00:00,,,,,,,,,,,,
2026-06-24T07:00:26+00:00,62699,1672.62,69.68,1.1,0.078956,578.35,0.151361,7.63,6.42,0.907396,,42.06
2026-06-24T07:01:32+00:00,62706,1672.73,69.67,1.1,0.078944,578.37,0.151342,7.63,6.42,0.907308,,42.07
2026-06-24T07:02:35+00:00,62703,1672.41,69.66,1.1,0.078936,578.33,0.151298,7.63,6.41,0.907207,,42.08
2026-06-24T07:03:38+00:00,62675,1671.97,69.64,1.1,0.078898,577.83,0.151193,7.63,6.41,0.90702,,42.07
2026-06-24T07:04:41+00:00,62658,1671.31,69.61,1.1,0.078875,577.58,0.15115,7.63,6.41,0.906619,,42.06
2026-06-24T07:05:45+00:00,62670,1672.46,69.61,1.1,0.07887,577.65,0.151118,7.63,6.41,0.906599,,42.06
2026-06-24T07:06:50+00:00,62670,1671.9,69.54,1.1,0.078858,577.49,0.151067,7.63,6.41,0.906508,,42.07
2026-06-24T07:07:53+00:00,62662,1671.96,69.54,1.1,0.078841,577.23,0.151019,7.63,6.41,0.906528,,42.06
2026-06-24T07:08:56+00:00,62632,1671.45,69.52,1.099,0.078821,576.91,0.150939,7.63,6.4,0.906112,,42.05
2026-06-24T07:10:00+00:00,62661,1672.63,69.52,1.1,0.078821,577.16,0.15094,7.63,6.4,0.906149,,42.04
2026-06-24T07:11:20+00:00,62642,1672.49,69.52,1.1,0.078812,577.08,0.150926,7.63,6.4,0.906374,,42.04
2026-06-24T07:12:25+00:00,62663,1672.98,69.52,1.1,0.078809,577.39,0.150869,7.63,6.41,0.906266,,42.03
2026-06-24T07:13:28+00:00,62689,1673.57,69.53,1.1,0.07882,577.58,0.150873,7.63,6.41,0.906385,,42.02
2026-06-24T07:14:31+00:00,62722,1674.14,69.55,1.1,0.078833,577.87,0.150936,7.63,6.41,0.906564,,42.02
2026-06-24T07:15:34+00:00,62742,1675.21,69.59,1.1,0.078871,578.15,0.150993,7.63,6.41,0.906674,,42.02
2026-06-24T07:16:37+00:00,62718,1674.78,69.58,1.1,0.078865,577.96,0.150975,7.63,6.41,0.906739,,42.02
2026-06-24T07:17:43+00:00,62704,1674.69,69.57,1.1,0.07886,577.83,0.150957,7.63,6.41,0.906563,,42.01
2026-06-24T07:18:46+00:00,62692,1674.58,69.54,1.1,0.078823,577.78,0.150871,7.63,6.41,0.906446,,42.01
2026-06-24T07:19:43+00:00,62671.3,1674.33,69.58,1.09999,0.0788073,578.06
2026-06-24T07:19:50+00:00,62686,1674.55,69.55,1.1,0.078832,577.82,0.150921,7.63,6.41,0.906308,,42.01
2026-06-24T07:20:18+00:00,62665.3,1673.12,69.56,1.09998,0.0788073,578.06
2026-06-24T07:20:47+00:00,62648.5,1673.12,69.56,1.09998,0.0788073,578.06,,,,,,
2026-06-24T07:20:53+00:00,62668,1673.76,69.55,1.1,0.078839,577.65,0.150917,7.63,6.41,0.906261,,42.02
2026-06-24T07:21:34+00:00,62634.1,1672.5,69.54,1.09918,0.0788285,578.06,,,,,,
2026-06-24T07:22:07+00:00,62648,1673.42,69.55,1.1,0.078834,577.54,0.150847,7.63,6.41,0.906222,,42.01
2026-06-24T07:22:40+00:00,62660.5,1672.51,69.55,1.09939,0.0788285,578.06,,,,,,
2026-06-24T07:22:52+00:00,62652.6,1672.51,69.55,1.09939,0.0788285,578.06,,,,,,
2026-06-24T07:23:13+00:00,62653,1673.21,69.55,1.1,0.078832,577.53,0.150817,7.63,6.41,0.906096,,42.01
2026-06-24T07:24:10+00:00,62668.5,1673.0,69.56,1.09997,0.0789106,577.97,,,,,,
2026-06-24T07:24:16+00:00,62666,1673.09,69.55,1.1,0.078849,577.63,0.15079,7.62,6.41,0.906022,,42.01
2026-06-24T07:25:20+00:00,62665,1673.04,69.56,1.1,0.078862,577.74,0.1508,7.62,6.41,0.906113,,42.02
2026-06-24T07:25:34+00:00,62649.7,1672.09,69.49,1.09923,0.0788847,577.97,,,,,,
2026-06-24T07:26:23+00:00,62651,1672.67,69.56,1.1,0.078866,577.53,0.150795,7.62,6.41,0.906113,,42.02
2026-06-24T07:26:51+00:00,62626.5,1672.09,69.48,1.09902,0.0788847,577.97,,,,,,
2026-06-24T07:27:26+00:00,62632,1672.08,69.49,1.099,0.078859,577.52,0.150709,7.62,6.41,0.905517,,42.0
2026-06-24T07:28:09+00:00,62648.6,1672.12,69.5,1.0992,0.0788847,577.97,,,,,,
2026-06-24T07:28:31+00:00,62634,1672.0,69.5,1.099,0.078867,577.59,0.150699,7.62,6.41,0.905458,,42.0
2026-06-24T07:29:25+00:00,62618.4,1671.75,69.5,1.09903,0.0788847,577.97,,,,,,
2026-06-24T07:29:35+00:00,62639,1671.78,69.49,1.099,0.078877,577.64,0.150705,7.62,6.41,0.905292,,42.01
2026-06-24T07:30:38+00:00,62626,1671.64,69.5,1.099,0.078887,577.58,0.150703,7.62,6.41,0.905217,,42.01
2026-06-24T07:30:48+00:00,62615.2,1670.98,69.5,1.09888,0.0789139,577.57,,,,,,
2026-06-24T07:31:41+00:00,62610,1671.48,69.49,1.099,0.078892,577.45,0.150673,7.61,6.41,0.905043,,42.0
2026-06-24T07:32:06+00:00,62605.9,1671.76,69.51,1.09888,0.0789222,577.62,,,,,,
2026-06-24T07:32:57+00:00,62607,1671.62,69.5,1.099,0.0789,577.39,0.150679,7.61,6.41,0.904977,,42.0
2026-06-24T07:33:24+00:00,62615.4,1671.56,69.52,1.09852,0.0788716,577.11,,,,,,
2026-06-24T07:34:03+00:00,62620,1671.62,69.5,1.099,0.078898,577.18,0.150678,7.61,6.41,0.904968,,41.99
2026-06-24T07:34:43+00:00,62615.5,1672.14,69.49,1.09801,0.0788992,576.73,,,,,,
2026-06-24T07:35:06+00:00,62633,1672.84,69.5,1.099,0.07889,577.26,0.150699,7.62,6.41,0.905079,,41.99
2026-06-24T07:36:05+00:00,62581.4,1671.35,69.42,1.09707,0.0787352,576.73,,,,,,
2026-06-24T07:36:09+00:00,62613,1671.91,69.5,1.099,0.078879,577.05,0.150698,7.62,6.41,0.905081,,41.99
2026-06-24T07:37:12+00:00,62590,1671.06,69.48,1.098,0.07884,576.72,0.150615,7.61,6.41,0.904849,,41.99
2026-06-24T07:37:21+00:00,62568.2,1670.47,69.38,1.0967,0.0787319,576.73,,,,,,
2026-06-24T07:38:16+00:00,62576,1670.44,69.45,1.098,0.078812,576.56,0.150577,7.61,6.41,0.904779,,41.98
2026-06-24T07:38:38+00:00,62563.6,1668.78,69.37,1.0968,0.0787319,576.73,,,,,,
2026-06-24T07:39:22+00:00,62569,1669.76,69.43,1.098,0.078769,576.54,0.150544,7.61,6.4,0.904622,,41.98
2026-06-24T07:39:56+00:00,62569.6,1668.96,69.42,1.09671,0.0787621,576.73,,,,,,
2026-06-24T07:40:25+00:00,62570,1669.46,69.43,1.098,0.07876,576.57,0.150547,7.61,6.39,0.904548,,41.98
2026-06-24T07:41:19+00:00,62580.8,1669.53,69.4,1.09747,0.0787621,576.73,,,,,,
2026-06-24T07:41:28+00:00,62578,1669.61,69.42,1.097,0.078757,576.54,0.150518,7.61,6.39,0.904396,,41.98
2026-06-24T07:42:31+00:00,62588,1669.83,69.42,1.097,0.07875,576.57,0.150475,7.61,6.39,0.904332,,41.98
2026-06-24T07:42:33+00:00,62601.9,1669.83,69.42,1.09768,0.0787621,576.56,,,,,,
2026-06-24T07:43:48+00:00,62623.4,1670.65,69.45,1.09783,0.0787621,576.56,,,,,,
2026-06-24T07:43:49+00:00,62604,1670.14,69.42,1.097,0.078753,576.61,0.150429,7.6,6.39,0.904171,,41.98
2026-06-24T07:44:46+00:00,62595.2,1669.64,69.45,1.09795,0.0787525,576.56,,,,,,
2026-06-24T07:44:55+00:00,62600,1669.93,69.42,1.097,0.078761,576.57,0.150427,7.6,6.39,0.904131,,41.98
2026-06-24T07:45:03+00:00,62612.9,1669.64,69.45,1.09794,0.0787525,576.56,,,,,,
2026-06-24T07:45:58+00:00,62612,1670.29,69.43,1.097,0.07877,576.6,0.150417,7.61,6.39,0.904155,,41.98
2026-06-24T07:46:19+00:00,62614.9,1670.22,69.4,1.09772,0.0787525,576.45,,,,,,
2026-06-24T07:47:01+00:00,62609,1670.35,69.43,1.097,0.078773,576.56,0.15042,7.61,6.39,0.904172,,41.98
2026-06-24T07:47:35+00:00,62648.5,1671.01,69.45,1.09843,0.0788567,576.45,,,,,,
2026-06-24T07:48:05+00:00,62640,1670.83,69.44,1.098,0.078791,576.73,0.150453,7.61,6.39,0.904245,,41.99
2026-06-24T07:48:48+00:00,62569.5,1670.03,69.31,1.0976,0.0788311,576.44,,,,,,
2026-06-24T07:49:08+00:00,62643,1670.78,69.44,1.098,0.078805,576.71,0.150463,7.61,6.39,0.904303,,41.99
2026-06-24T07:50:04+00:00,62583.6,1670.1,69.32,1.09706,0.0787824,576.44,,,,,,
2026-06-24T07:50:14+00:00,62603,1670.37,69.4,1.098,0.078799,576.51,0.150447,7.61,6.39,0.904264,,41.99
2026-06-24T07:51:17+00:00,62601,1670.42,69.38,1.098,0.078789,576.49,0.15041,7.6,6.39,0.904311,,41.98
2026-06-24T07:51:18+00:00,62589.7,1669.04,69.27,1.09708,0.0787863,576.17,,,,,,
2026-06-24T07:52:20+00:00,62596,1670.18,69.36,1.098,0.078782,576.19,0.150361,7.6,6.39,0.904252,,41.99
2026-06-24T07:52:35+00:00,62568.3,1669.66,69.27,1.09686,0.0787385,576.28,,,,,,
2026-06-24T07:53:24+00:00,62573,1670.03,69.33,1.097,0.078776,576.09,0.150328,7.6,6.39,0.904242,,41.98
2026-06-24T07:53:51+00:00,62547.0,1669.61,69.21,1.09646,0.0787385,575.97,,,,,,
2026-06-24T07:54:41+00:00,,,,,,,,,,,,
2026-06-24T07:55:07+00:00,62570.0,1670.72,69.22,1.0965,0.0787385,575.97,,,,,,
2026-06-24T07:55:47+00:00,,,,,,,,,,,,
2026-06-24T07:56:23+00:00,62589.1,1670.73,69.25,1.09731,0.0787403,575.97,,,,,,
2026-06-24T07:56:50+00:00,,,,,,,,,,,,
2026-06-24T07:57:38+00:00,62567.4,1670.72,69.24,1.0971,0.0787223,575.97,,,,,,
2026-06-24T07:57:53+00:00,,,,,,,,,,,,
2026-06-24T07:58:52+00:00,62558.5,1670.32,69.26,1.09728,0.0787237,575.76,,,,,,
2026-06-24T07:58:56+00:00,,,,,,,,,,,,
2026-06-24T07:59:59+00:00,62568,1670.77,69.25,1.097,0.078724,576.1,0.150251,7.6,6.38,0.903654,,41.99
2026-06-24T08:00:08+00:00,62591.3,1671.27,69.32,1.09747,0.0787237,576.29,,,,,,
2026-06-24T08:01:06+00:00,62584,1670.98,69.27,1.097,0.07874,576.19,0.150297,7.6,6.38,0.903883,,42.0
2026-06-24T08:01:25+00:00,62563.2,1670.38,69.26,1.09728,0.0787767,576.29,,,,,,
2026-06-24T08:02:09+00:00,62576,1670.45,69.27,1.097,0.07875,576.05,0.150313,7.6,6.38,0.903834,,42.0
2026-06-24T08:02:42+00:00,62580.7,1671.38,69.35,1.098,0.0787767,576.29,,,,,,
2026-06-24T08:03:12+00:00,62589,1671.33,69.28,1.097,0.078759,576.39,0.150324,7.6,6.38,0.903828,,42.0
2026-06-24T08:03:56+00:00,62594.9,1671.89,69.33,1.09768,0.0787767,576.36,,,,,,
2026-06-24T08:04:16+00:00,62599,1671.58,69.29,1.097,0.078767,576.43,0.150339,7.6,6.38,0.903863,,41.99
2026-06-24T08:05:12+00:00,62580.8,1671.88,69.36,1.098,0.0788293,576.36,,,,,,
2026-06-24T08:05:34+00:00,62597,1671.6,69.31,1.098,0.078794,576.34,0.150343,7.6,6.38,0.904151,,41.99
2026-06-24T08:06:28+00:00,62568.4,1670.67,69.32,1.09799,0.0788817,576.36,,,,,,
2026-06-24T08:06:40+00:00,62593,1671.53,69.32,1.098,0.07882,576.41,0.150364,7.6,6.38,0.904397,,41.99
2026-06-24T08:07:42+00:00,62542.2,1669.84,69.25,1.09714,0.0787637,575.78,,,,,,
2026-06-24T08:07:43+00:00,62560,1670.75,69.32,1.098,0.078833,576.21,0.150417,7.6,6.38,0.904678,,41.99
2026-06-24T08:08:46+00:00,62553,1669.91,69.3,1.098,0.078827,576.06,0.150385,7.6,6.38,0.904976,,41.98
2026-06-24T08:08:56+00:00,62547.3,1669.26,69.25,1.09724,0.0787637,575.78,,,,,,
2026-06-24T08:09:49+00:00,62547,1669.31,69.3,1.098,0.078827,576.14,0.150395,7.6,6.38,0.905181,,41.98
2026-06-24T08:10:12+00:00,62553.1,1669.17,69.26,1.09725,0.0788293,576.0,,,,,,
2026-06-24T08:10:53+00:00,62556,1669.22,69.29,1.097,0.078847,576.2,0.1504,7.6,6.39,0.905447,,41.98
2026-06-24T08:11:27+00:00,62543.4,1668.56,69.24,1.09737,0.0788293,576.05,,,,,,
2026-06-24T08:11:59+00:00,62550,1668.97,69.27,1.097,0.07884,576.09,0.15038,7.6,6.38,0.905502,,41.97
2026-06-24T08:12:41+00:00,62530.6,1667.16,69.15,1.09653,0.0788556,575.88,,,,,,
2026-06-24T08:13:02+00:00,62561,1669.08,69.26,1.097,0.078838,576.28,0.150374,7.6,6.38,0.905475,,41.96
2026-06-24T08:13:56+00:00,62552.6,1668.17,69.22,1.09715,0.0788556,576.13,,,,,,
2026-06-24T08:14:05+00:00,62542,1667.92,69.24,1.097,0.078831,576.08,0.150401,7.6,6.38,0.905326,,41.95
2026-06-24T08:15:09+00:00,62556,1668.32,69.23,1.097,0.078828,576.13,0.150411,7.59,6.38,0.905156,,41.96
2026-06-24T08:15:13+00:00,62564.1,1668.8,69.26,1.09745,0.0788652,576.13,,,,,,
2026-06-24T08:16:25+00:00,62567,1668.59,69.24,1.097,0.078841,576.28,0.15047,7.6,6.38,0.905085,,41.96
2026-06-24T08:16:28+00:00,62570.1,1668.64,69.29,1.09758,0.0788768,576.25,,,,,,
2026-06-24T08:17:31+00:00,62570,1668.77,69.24,1.097,0.078846,576.32,0.150477,7.6,6.38,0.905057,,41.96
2026-06-24T08:17:42+00:00,62594.8,1669.69,69.28,1.09806,0.0788818,576.25,,,,,,
2026-06-24T08:18:34+00:00,62583,1669.18,69.24,1.097,0.078861,576.36,0.150522,7.59,6.38,0.905161,,41.98
2026-06-24T08:18:57+00:00,62622.1,1670.0,69.29,1.09883,0.0788818,576.25,,,,,,
2026-06-24T08:19:37+00:00,62611,1669.76,69.25,1.098,0.078868,576.54,0.150568,7.6,6.38,0.905342,,41.99
2026-06-24T08:20:13+00:00,62567.0,1667.33,69.16,1.09717,0.0788424,576.45,,,,,,
2026-06-24T08:20:41+00:00,62588,1669.08,69.25,1.098,0.078892,576.34,0.150586,7.6,6.38,0.905426,,42.0
2026-06-24T08:21:28+00:00,62570.2,1667.44,69.21,1.09717,0.0788424,576.45,,,,,,
2026-06-24T08:21:44+00:00,62580,1668.25,69.24,1.098,0.078892,576.24,0.150591,7.6,6.38,0.905518,,42.0
2026-06-24T08:22:45+00:00,62570.3,1668.0,69.22,1.0972,0.0788654,576.21,,,,,,
2026-06-24T08:22:50+00:00,62582,1668.07,69.24,1.098,0.078896,576.19,0.150605,7.6,6.38,0.905572,,42.0
2026-06-24T08:23:53+00:00,62595,1668.31,69.23,1.097,0.078888,576.25,0.150598,7.6,6.38,0.905671,,42.01
2026-06-24T08:24:00+00:00,62626.4,1668.5,69.3,1.09824,0.0788654,576.21,,,,,,
2026-06-24T08:24:56+00:00,62622,1669.11,69.25,1.098,0.078904,576.42,0.150646,7.6,6.38,0.905804,,42.02
2026-06-24T08:25:16+00:00,62606.4,1668.54,69.29,1.09823,0.0789344,576.21,,,,,,
2026-06-24T08:26:00+00:00,62608,1668.53,69.26,1.098,0.078915,576.3,0.150661,7.6,6.38,0.905913,,42.02
2026-06-24T08:26:33+00:00,62606.5,1668.34,69.3,1.09816,0.0789344,576.21,,,,,,
2026-06-24T08:27:16+00:00,62605,1668.45,69.27,1.098,0.078914,576.32,0.150649,7.6,6.38,0.90592,,42.02
2026-06-24T08:27:47+00:00,62619.4,1668.5,69.34,1.09834,0.0789344,576.21,,,,,,
2026-06-24T08:28:22+00:00,62608,1668.47,69.28,1.098,0.078927,576.32,0.150547,7.6,6.38,0.905976,,42.01
2026-06-24T08:29:02+00:00,62617.6,1667.9,69.31,1.09806,0.0789344,576.23,,,,,,
2026-06-24T08:29:25+00:00,62619,1668.4,69.29,1.098,0.078928,576.42,0.150531,7.6,6.38,0.905981,,42.02
2026-06-24T08:30:18+00:00,62615.0,1668.5,69.35,1.09844,0.0789249,576.23,,,,,,
2026-06-24T08:30:29+00:00,62613,1668.14,69.3,1.098,0.07893,576.25,0.150541,7.6,6.38,0.905925,,42.01
2026-06-24T08:31:32+00:00,62622,1668.3,69.31,1.098,0.078935,576.26,0.150532,7.6,6.38,0.905798,,42.01
2026-06-24T08:31:33+00:00,62605.9,1668.19,69.34,1.09869,0.0789456,576.23,,,,,,
2026-06-24T08:32:35+00:00,62619,1668.36,69.33,1.098,0.078929,576.26,0.150494,7.6,6.37,0.905589,,42.02
2026-06-24T08:32:48+00:00,62668.8,1669.14,69.41,1.10025,0.0789871,576.23,,,,,,
2026-06-24T08:33:41+00:00,62666,1670.68,69.35,1.099,0.078946,576.7,0.150509,7.6,6.37,0.90558,,42.03
2026-06-24T08:34:03+00:00,62704.6,1673.12,69.51,1.1016,0.0790431,577.15,,,,,,
2026-06-24T08:34:44+00:00,62686,1671.84,69.39,1.099,0.078968,576.79,0.150549,7.6,6.38,0.905604,,42.03
2026-06-24T08:35:19+00:00,62682.8,1670.89,69.44,1.10147,0.0790431,577.15,,,,,,
2026-06-24T08:35:48+00:00,62682,1671.36,69.41,1.1,0.078992,576.81,0.150572,7.61,6.38,0.9059,,42.07
2026-06-24T08:36:35+00:00,62647.9,1670.32,69.44,1.10116,0.0790431,577.15,,,,,,
2026-06-24T08:36:51+00:00,62660,1670.67,69.42,1.1,0.078992,576.62,0.15057,7.61,6.38,0.905892,,42.08
2026-06-24T08:37:49+00:00,62639.7,1669.63,69.42,1.10105,0.0790003,576.25,,,,,,
2026-06-24T08:38:06+00:00,62641,1670.34,69.41,1.1,0.078984,576.42,0.15052,7.61,6.38,0.905889,,42.09
2026-06-24T08:39:04+00:00,62639.7,1669.8,69.4,1.10092,0.0789588,576.25,,,,,,
2026-06-24T08:39:12+00:00,62646,1670.04,69.42,1.1,0.078984,576.3,0.150509,7.61,6.38,0.905761,,42.09
2026-06-24T08:40:15+00:00,62643,1669.86,69.42,1.1,0.078983,576.24,0.150503,7.61,6.38,0.905756,,42.09
2026-06-24T08:40:20+00:00,62639.7,1669.64,69.37,1.10085,0.0789588,576.25,,,,,,
2026-06-24T08:41:19+00:00,62639,1669.67,69.4,1.1,0.078964,576.26,0.15048,7.61,6.38,0.905596,,42.09
2026-06-24T08:41:37+00:00,62645.6,1669.64,69.39,1.1011,0.0789512,576.25,,,,,,
2026-06-24T08:42:22+00:00,62641,1669.8,69.39,1.1,0.07896,576.27,0.150372,7.61,6.38,0.905514,,42.08
2026-06-24T08:42:52+00:00,62645.6,1670.1,69.36,1.10104,0.0789512,576.25,,,,,,
2026-06-24T08:43:25+00:00,62649,1670.17,69.38,1.1,0.078956,576.39,0.150382,7.61,6.39,0.90548,,42.08
2026-06-24T08:44:07+00:00,62689.5,1671.49,69.38,1.10195,0.079029,576.25,,,,,,
2026-06-24T08:44:31+00:00,62677,1670.95,69.38,1.1,0.078961,576.78,0.150452,7.61,6.39,0.905462,,42.09
2026-06-24T08:45:23+00:00,62700.5,1671.21,69.42,1.10191,0.079029,576.25,,,,,,
2026-06-24T08:45:35+00:00,62696,1671.32,69.39,1.1,0.078977,576.95,0.150526,7.61,6.39,0.905607,,42.1
2026-06-24T08:46:38+00:00,62697,1671.41,69.39,1.1,0.078983,577.0,0.150554,7.61,6.39,0.905777,,42.1
2026-06-24T08:46:38+00:00,62712.7,1671.15,69.4,1.10095,0.0789727,576.25,,,,,,
2026-06-24T08:47:41+00:00,62699,1671.35,69.38,1.1,0.078987,576.95,0.15057,7.61,6.39,0.905831,,42.1
2026-06-24T08:47:53+00:00,62702.9,1670.8,69.36,1.10017,0.0789476,576.62,,,,,,
2026-06-24T08:48:58+00:00,62692,1671.12,69.37,1.1,0.078982,576.77,0.150566,7.61,6.39,0.905558,,42.1
2026-06-24T08:49:08+00:00,62696.8,1671.11,69.33,1.10013,0.0789603,576.62,,,,,,
2026-06-24T08:50:04+00:00,62690,1671.3,69.37,1.1,0.078976,576.67,0.150574,7.61,6.4,0.905536,,42.1
2026-06-24T08:50:25+00:00,62671.4,1670.32,69.32,1.10004,0.0789603,576.62,,,,,,
2026-06-24T08:51:07+00:00,62679,1670.7,69.36,1.1,0.078978,576.61,0.150569,7.61,6.4,0.90548,,42.1
2026-06-24T08:51:41+00:00,62671.4,1670.71,69.3,1.10002,0.0789482,576.62,,,,,,
2026-06-24T08:52:11+00:00,62680,1670.97,69.35,1.1,0.078975,576.59,0.150563,7.61,6.4,0.905446,,42.1
2026-06-24T08:52:55+00:00,62712.5,1671.21,69.37,1.10093,0.0789871,576.62,,,,,,
2026-06-24T08:53:14+00:00,62700,1671.59,69.34,1.1,0.07898,576.78,0.150567,7.61,6.4,0.905549,,42.12
2026-06-24T08:54:12+00:00,62696.7,1671.66,69.3,1.10071,0.0789871,576.62,,,,,,
2026-06-24T08:54:17+00:00,,,,,,,,,,,,
2026-06-24T08:55:24+00:00,,,,,,,,,,,,
2026-06-24T08:55:29+00:00,62705.0,1671.66,69.37,1.10113,0.0790397,576.62,,,,,,
2026-06-24T08:56:27+00:00,,,,,,,,,,,,
2026-06-24T08:56:46+00:00,62714.2,1671.49,69.37,1.10087,0.0790398,576.62,,,,,,
2026-06-24T08:57:30+00:00,,,,,,,,,,,,
2026-06-24T08:58:01+00:00,62719.0,1671.49,69.39,1.10102,0.0790825,576.62,,,,,,
2026-06-24T08:58:33+00:00,,,,,,,,,,,,
2026-06-24T08:59:19+00:00,62719.1,1671.5,69.37,1.10117,0.0790827,576.62,,,,,,
2026-06-24T08:59:50+00:00,,,,,,,,,,,,
2026-06-24T09:00:33+00:00,62719.1,1671.15,69.41,1.10078,0.0790759,576.92,,,,,,
2026-06-24T09:00:57+00:00,62715,1671.18,69.38,1.1,0.079058,577.1,0.15093,7.61,6.4,0.906374,,42.13
2026-06-24T09:01:49+00:00,62664.1,1669.45,69.36,1.09948,0.0790249,576.95,,,,,,
2026-06-24T09:02:00+00:00,62685,1669.76,69.37,1.1,0.079054,576.84,0.150935,7.61,6.4,0.906376,,42.12
2026-06-24T09:03:03+00:00,62665,1669.29,69.36,1.1,0.079035,576.75,0.150922,7.61,6.4,0.905995,,42.11
2026-06-24T09:03:04+00:00,62613.0,1667.34,69.22,1.09877,0.0788686,576.95,,,,,,
2026-06-24T09:04:07+00:00,62631,1667.67,69.34,1.1,0.079029,576.35,0.150883,7.61,6.4,0.905929,,42.11
2026-06-24T09:04:22+00:00,62627.5,1667.23,69.25,1.09897,0.0788686,576.06,,,,,,
2026-06-24T09:05:10+00:00,62637,1667.23,69.32,1.1,0.07898,576.36,0.150799,7.61,6.39,0.905571,,42.1
2026-06-24T09:05:36+00:00,62663.3,1667.45,69.42,1.09885,0.0788686,576.72,,,,,,
2026-06-24T09:06:16+00:00,62662,1667.86,69.34,1.099,0.078948,576.54,0.150799,7.61,6.39,0.905574,,42.08
2026-06-24T09:06:54+00:00,62682.7,1667.45,69.44,1.09917,0.0789397,576.79,,,,,,
2026-06-24T09:07:20+00:00,62679,1668.67,69.37,1.099,0.078932,576.61,0.150797,7.61,6.39,0.905475,,42.08
2026-06-24T09:08:11+00:00,62665.3,1667.36,69.36,1.09837,0.0789397,576.8,,,,,,
2026-06-24T09:08:23+00:00,62682,1668.53,69.38,1.099,0.078933,576.61,0.150773,7.61,6.39,0.905429,,42.09
2026-06-24T09:09:27+00:00,62664,1667.78,69.37,1.099,0.078917,576.52,0.150718,7.61,6.39,0.905271,,42.09
2026-06-24T09:09:29+00:00,62646.0,1667.35,69.32,1.09808,0.0788817,576.8,,,,,,
2026-06-24T09:10:44+00:00,62646.0,1667.45,69.33,1.09798,0.0788817,576.41,,,,,,
2026-06-24T09:10:46+00:00,62656,1667.69,69.35,1.098,0.078894,576.44,0.150679,7.61,6.39,0.905031,,42.08
2026-06-24T09:11:52+00:00,62664,1667.85,69.35,1.098,0.078891,576.43,0.150624,7.61,6.39,0.905025,,42.08
2026-06-24T09:12:00+00:00,62637.5,1667.65,69.33,1.09717,0.0788867,576.41,,,,,,
2026-06-24T09:12:55+00:00,62637,1667.26,69.34,1.098,0.078886,576.23,0.150574,7.61,6.39,0.904942,,42.07
2026-06-24T09:13:21+00:00,62636.5,1668.16,69.26,1.09723,0.0789011,576.41,,,,,,
2026-06-24T09:13:59+00:00,62653,1667.91,69.33,1.098,0.078885,576.21,0.15051,7.61,6.39,0.904882,,42.07
2026-06-24T09:14:39+00:00,62686.7,1668.02,69.36,1.09814,0.0789011,576.41,,,,,,
2026-06-24T09:15:02+00:00,62670,1668.09,69.3,1.098,0.078879,576.24,0.150484,7.61,6.39,0.904853,,42.07
2026-06-24T09:15:54+00:00,62683.1,1668.02,69.31,1.09796,0.0789011,576.41,,,,,,
2026-06-24T09:16:05+00:00,62683,1668.2,69.31,1.098,0.078886,576.29,0.150492,7.61,6.39,0.904925,,42.08
2026-06-24T09:17:11+00:00,62666,1668.26,69.31,1.098,0.078887,576.25,0.150494,7.61,6.39,0.905005,,42.07
2026-06-24T09:17:11+00:00,62636.5,1667.57,69.34,1.09713,0.078886,575.76,,,,,,
2026-06-24T09:18:15+00:00,62636,1667.71,69.31,1.097,0.078882,576.02,0.150466,7.61,6.39,0.904837,,42.07
2026-06-24T09:18:27+00:00,62649.9,1667.81,69.41,1.0973,0.078896,576.38,,,,,,
2026-06-24T09:19:18+00:00,62640,1667.39,69.33,1.097,0.078869,576.07,0.150376,7.61,6.39,0.904485,,42.06
2026-06-24T09:19:44+00:00,62630.8,1666.83,69.35,1.09666,0.0788075,576.38,,,,,,
2026-06-24T09:20:22+00:00,62630,1667.03,69.33,1.097,0.078859,576.02,0.150334,7.61,6.39,0.904291,,42.05
2026-06-24T09:20:59+00:00,62636.5,1667.12,69.36,1.0968,0.0788,576.38,,,,,,
2026-06-24T09:21:38+00:00,62638,1667.14,69.35,1.097,0.078838,576.19,0.150306,7.61,6.39,0.904077,,42.05
2026-06-24T09:22:16+00:00,62636.4,1666.35,69.36,1.09644,0.0786399,576.38,,,,,,
2026-06-24T09:22:44+00:00,62637,1666.89,69.36,1.097,0.078815,576.24,0.150264,7.6,6.39,0.903832,,42.04
2026-06-24T09:23:34+00:00,62636.4,1666.66,69.36,1.09717,0.0786826,576.38,,,,,,
2026-06-24T09:23:48+00:00,62634,1666.72,69.35,1.097,0.078777,576.29,0.150236,7.6,6.39,0.903841,,42.04
2026-06-24T09:24:51+00:00,62630,1666.7,69.36,1.097,0.078748,576.29,0.15024,7.6,6.39,0.903462,,42.04
2026-06-24T09:24:51+00:00,62636.4,1666.58,69.37,1.09724,0.0787275,576.38,,,,,,
2026-06-24T09:25:54+00:00,62633,1666.73,69.36,1.097,0.078753,576.35,0.150247,7.6,6.39,0.903419,,42.04
2026-06-24T09:26:08+00:00,62640.3,1666.88,69.39,1.09709,0.0787988,576.4,,,,,,
2026-06-24T09:26:58+00:00,62640,1666.97,69.36,1.097,0.078745,576.36,0.150252,7.6,6.39,0.903259,,42.06
2026-06-24T09:27:24+00:00,62615.3,1665.8,69.35,1.09706,0.0787988,576.4,,,,,,
2026-06-24T09:28:04+00:00,62625,1666.5,69.36,1.097,0.078742,576.24,0.150232,7.6,6.39,0.903298,,42.07
2026-06-24T09:28:39+00:00,62617.3,1666.08,69.35,1.09745,0.0787573,576.4,,,,,,
2026-06-24T09:29:07+00:00,62616,1666.3,69.36,1.097,0.078736,576.23,0.15029,7.6,6.39,0.903295,,42.07
2026-06-24T09:29:57+00:00,62612.6,1665.44,69.3,1.09659,0.0787845,576.4,,,,,,
2026-06-24T09:30:10+00:00,62617,1666.17,69.35,1.097,0.07875,576.17,0.150277,7.6,6.39,0.903265,,42.08
2026-06-24T09:31:12+00:00,62599.0,1665.51,69.22,1.09648,0.0787845,575.85,,,,,,
2026-06-24T09:31:13+00:00,62602,1665.59,69.32,1.097,0.078748,575.95,0.15025,7.6,6.39,0.903175,,42.07
2026-06-24T09:32:29+00:00,62593,1665.02,69.3,1.097,0.078737,575.78,0.150212,7.6,6.39,0.903097,,42.06
2026-06-24T09:32:31+00:00,62570.0,1663.57,69.19,1.09718,0.0786746,575.23,,,,,,
2026-06-24T09:33:36+00:00,62580,1664.67,69.27,1.097,0.078725,575.55,0.15017,7.6,6.39,0.902976,,42.06
2026-06-24T09:33:46+00:00,62597.8,1664.89,69.22,1.09733,0.0786746,575.23,,,,,,
2026-06-24T09:34:39+00:00,62590,1665.12,69.24,1.097,0.078719,575.64,0.150117,7.6,6.39,0.902911,,42.05
2026-06-24T09:35:04+00:00,62605.4,1665.1,69.23,1.09723,0.0786746,575.84,,,,,,
2026-06-24T09:35:42+00:00,62600,1665.09,69.23,1.097,0.078718,575.71,0.150104,7.6,6.39,0.902746,,42.06
2026-06-24T09:36:20+00:00,62605.4,1664.95,69.22,1.09688,0.0786746,575.84,,,,,,
2026-06-24T09:36:46+00:00,62608,1665.14,69.23,1.097,0.078721,575.81,0.150114,7.6,6.39,0.902559,,42.06
2026-06-24T09:37:37+00:00,62582.4,1664.23,69.18,1.09639,0.0787247,575.61,,,,,,
2026-06-24T09:37:49+00:00,62586,1664.43,69.21,1.097,0.078708,575.67,0.150093,7.6,6.39,0.902263,,42.05
2026-06-24T09:38:52+00:00,62608.2,1665.2,69.21,1.09654,0.0787247,575.61,,,,,,
2026-06-24T09:38:55+00:00,62590,1664.38,69.21,1.097,0.078706,575.68,0.150075,7.6,6.39,0.901895,,42.04
2026-06-24T09:39:58+00:00,62612,1664.93,69.22,1.097,0.078711,575.95,0.150059,7.6,6.39,0.90184,,42.05
2026-06-24T09:40:11+00:00,62608.2,1665.15,69.25,1.09658,0.0787162,575.61,,,,,,
2026-06-24T09:41:02+00:00,62607,1664.99,69.22,1.097,0.078712,576.0,0.150055,7.6,6.39,0.901725,,42.04
2026-06-24T09:41:27+00:00,62570.0,1663.51,69.18,1.09634,0.0787162,575.61,,,,,,
2026-06-24T09:42:05+00:00,62577,1664.02,69.21,1.097,0.07869,575.73,0.150056,7.6,6.39,0.901542,,42.04
2026-06-24T09:42:45+00:00,62570.3,1663.92,69.19,1.09662,0.0787162,575.57,,,,,,
2026-06-24T09:43:23+00:00,62579,1664.12,69.2,1.097,0.078677,575.99,0.150038,7.6,6.39,0.901389,,42.03
2026-06-24T09:44:01+00:00,62579.6,1664.53,69.21,1.09669,0.0786495,575.94,,,,,,
2026-06-24T09:44:29+00:00,62583,1664.15,69.2,1.096,0.078666,576.06,0.150033,7.6,6.39,0.901367,,42.03
2026-06-24T09:45:20+00:00,62570.3,1664.45,69.15,1.0963,0.0786822,575.94,,,,,,
2026-06-24T09:45:33+00:00,62580,1664.4,69.19,1.097,0.078667,576.06,0.150049,7.6,6.39,0.901557,,42.03
2026-06-24T09:46:36+00:00,62569,1664.36,69.19,1.097,0.078665,576.04,0.150044,7.6,6.39,0.901513,,42.04
2026-06-24T09:46:36+00:00,62570.0,1664.61,69.15,1.09672,0.0786986,575.92,,,,,,
2026-06-24T09:47:39+00:00,62570,1664.57,69.18,1.097,0.078672,576.07,0.15003,7.6,6.39,0.901241,,42.04
2026-06-24T09:47:55+00:00,62588.6,1665.94,69.23,1.09722,0.0786986,575.85,,,,,,
2026-06-24T09:48:43+00:00,62601,1665.99,69.19,1.097,0.078688,576.45,0.150052,7.6,6.39,0.901239,,42.04
2026-06-24T09:49:11+00:00,62602.0,1665.56,69.23,1.09672,0.0786986,576.59,,,,,,
2026-06-24T09:49:49+00:00,62597,1665.6,69.19,1.097,0.078714,576.51,0.150071,7.6,6.39,0.90172,,42.05
2026-06-24T09:50:29+00:00,62599.9,1665.7,69.22,1.09688,0.0786986,576.45,,,,,,
2026-06-24T09:50:52+00:00,62599,1665.65,69.2,1.097,0.078743,576.49,0.150105,7.6,6.39,0.901754,,42.05
2026-06-24T09:51:45+00:00,62599.9,1665.5,69.22,1.09673,0.0786986,576.45,,,,,,
2026-06-24T09:51:56+00:00,62594,1665.62,69.2,1.097,0.078766,576.24,0.150107,7.6,6.39,0.902079,,42.06
2026-06-24T09:53:01+00:00,62618.5,1665.54,69.25,1.09744,0.0786986,576.3,,,,,,
2026-06-24T09:53:02+00:00,62599,1665.61,69.21,1.097,0.078773,576.22,0.150122,7.6,6.39,0.902162,,42.06
2026-06-24T09:54:20+00:00,62619.9,1665.5,69.24,1.0975,0.0788204,576.66,,,,,,
2026-06-24T09:54:23+00:00,62619,1665.46,69.22,1.097,0.078791,576.52,0.150158,7.61,6.4,0.902328,,42.06
2026-06-24T09:55:29+00:00,,,,,,,,,,,,
2026-06-24T09:55:36+00:00,62633.8,1665.49,69.23,1.09779,0.0788204,576.54,,,,,,
2026-06-24T09:56:33+00:00,,,,,,,,,,,,
2026-06-24T09:56:53+00:00,62633.9,1665.49,69.28,1.09798,0.0788204,576.54,,,,,,
2026-06-24T09:57:36+00:00,,,,,,,,,,,,
2026-06-24T09:58:11+00:00,62613.0,1665.37,69.23,1.09769,0.0788204,576.47,,,,,,
2026-06-24T09:58:39+00:00,,,,,,,,,,,,
2026-06-24T09:59:29+00:00,62619.2,1665.17,69.25,1.09767,0.0788604,576.44,,,,,,
2026-06-24T09:59:43+00:00,,,,,,,,,,,,
2026-06-24T10:00:46+00:00,62580.1,1664.07,69.19,1.0968,0.0788466,576.14,,,,,,
2026-06-24T10:00:49+00:00,62617,1665.01,69.24,1.098,0.078843,576.42,0.150161,7.61,6.4,0.902596,,42.05
2026-06-24T10:01:53+00:00,62587,1664.39,69.23,1.097,0.078836,576.21,0.150161,7.61,6.4,0.902687,,42.06
2026-06-24T10:02:05+00:00,62547.6,1663.13,69.15,1.09671,0.0787652,576.12,,,,,,
2026-06-24T10:02:56+00:00,62554,1663.77,69.21,1.097,0.07883,576.05,0.150102,7.61,6.4,0.902478,,42.05
2026-06-24T10:03:25+00:00,62534.1,1663.43,69.13,1.09646,0.0787544,576.12,,,,,,
2026-06-24T10:03:59+00:00,62539,1663.46,69.19,1.097,0.07882,575.93,0.150039,7.61,6.4,0.902333,,42.04
2026-06-24T10:04:43+00:00,62545.6,1664.12,69.18,1.09672,0.0787544,576.12,,,,,,
2026-06-24T10:05:18+00:00,62544,1663.89,69.18,1.097,0.078806,576.07,0.150017,7.61,6.4,0.902551,,42.04
2026-06-24T10:06:02+00:00,62545.6,1664.12,69.17,1.09655,0.0787544,576.12,,,,,,
2026-06-24T10:06:25+00:00,62549,1663.8,69.18,1.097,0.078806,576.09,0.149965,7.61,6.41,0.902521,,42.04
2026-06-24T10:07:19+00:00,62545.8,1664.34,69.18,1.09667,0.0788311,576.12,,,,,,
2026-06-24T10:07:28+00:00,62545,1663.93,69.17,1.097,0.078816,576.08,0.149961,7.61,6.41,0.902681,,42.04
2026-06-24T10:08:31+00:00,62549,1664.15,69.17,1.097,0.078814,576.06,0.149941,7.61,6.41,0.902808,,42.04
2026-06-24T10:08:35+00:00,62565.2,1664.54,69.18,1.09669,0.0788448,576.06,,,,,,
2026-06-24T10:09:35+00:00,62565,1664.44,69.17,1.097,0.07881,576.07,0.149923,7.61,6.41,0.902671,,42.04
2026-06-24T10:09:54+00:00,62568.4,1664.35,69.13,1.09648,0.0788448,576.13,,,,,,
2026-06-24T10:10:38+00:00,62562,1664.46,69.16,1.097,0.078811,576.06,0.149925,7.61,6.41,0.902852,,42.04
2026-06-24T10:11:13+00:00,62540.0,1663.06,69.03,1.09537,0.0788448,576.02,,,,,,
2026-06-24T10:11:45+00:00,62544,1663.89,69.14,1.097,0.078789,575.89,0.14992,7.61,6.41,0.902588,,42.03
2026-06-24T10:12:29+00:00,62500.6,1662.13,69.07,1.0949,0.0786598,576.02,,,,,,
2026-06-24T10:12:48+00:00,62511,1663.25,69.11,1.096,0.078741,575.75,0.149514,7.6,6.41,0.901849,,42.03
2026-06-24T10:13:46+00:00,62521.3,1663.24,69.14,1.09587,0.0786598,575.83,,,,,,
2026-06-24T10:13:51+00:00,62511,1663.02,69.11,1.096,0.078723,575.73,0.148773,7.6,6.41,0.90178,,42.01
2026-06-24T10:14:55+00:00,62511,1663.29,69.11,1.096,0.078708,575.8,0.14799,7.6,6.41,0.901614,,42.0
2026-06-24T10:15:05+00:00,62527.7,1664.31,69.14,1.09587,0.0786598,575.83,,,,,,
2026-06-24T10:16:12+00:00,62522,1663.61,69.11,1.096,0.078696,575.89,0.147794,7.6,6.41,0.901461,,42.0
2026-06-24T10:16:24+00:00,62524.6,1663.78,69.14,1.0952,0.0786355,575.83,,,,,,
2026-06-24T10:17:18+00:00,62516,1663.38,69.11,1.096,0.078683,575.8,0.147642,7.59,6.41,0.90132,,42.01
2026-06-24T10:17:44+00:00,62518.2,1664.34,69.09,1.09508,0.0786045,575.83,,,,,,
2026-06-24T10:18:21+00:00,62509,1663.1,69.1,1.096,0.078661,575.65,0.147121,7.59,6.41,0.901204,,42.01
2026-06-24T10:19:01+00:00,62548.4,1664.34,69.15,1.0937,0.0786712,575.8,,,,,,
2026-06-24T10:19:25+00:00,62533,1663.97,69.1,1.096,0.078629,575.76,0.146636,7.59,6.41,0.900561,,42.01
2026-06-24T10:20:19+00:00,62463.1,1661.13,68.89,1.08408,0.0784565,575.8,,,,,,
2026-06-24T10:20:29+00:00,62502,1662.91,69.09,1.095,0.078626,575.58,0.14626,7.59,6.4,0.900299,,42.01
2026-06-24T10:21:32+00:00,62463,1661.87,69.05,1.091,0.078605,575.14,0.146198,7.58,6.4,0.89976,,41.99
2026-06-24T10:21:38+00:00,62424.9,1662.62,68.93,1.08542,0.0784564,575.01,,,,,,
2026-06-24T10:22:38+00:00,62455,1662.66,69.03,1.088,0.078566,575.21,0.146321,7.58,6.4,0.899488,,41.98
2026-06-24T10:22:57+00:00,62480.6,1665.41,68.99,1.08496,0.0785852,575.01,,,,,,
2026-06-24T10:23:41+00:00,62465,1664.38,69.01,1.088,0.078562,575.28,0.14646,7.58,6.4,0.899301,,41.98
2026-06-24T10:24:15+00:00,62439.3,1663.77,68.93,1.0839,0.0785037,574.88,,,,,,
2026-06-24T10:24:45+00:00,62451,1664.49,69.0,1.087,0.078556,575.13,0.146543,7.58,6.4,0.899221,,41.97
2026-06-24T10:25:33+00:00,62489.1,1665.42,69.0,1.085,0.078543,575.15,,,,,,
2026-06-24T10:25:48+00:00,62477,1664.95,68.98,1.085,0.078542,575.2,0.146722,7.58,6.39,0.898942,,41.94
2026-06-24T10:26:51+00:00,62489.0,1665.08,69.03,1.08501,0.0785508,575.19,,,,,,
2026-06-24T10:29:26+00:00,62454.8,1663.34,69.0,1.08537,0.0785601,574.97,,,,,,
2026-06-24T10:37:59+00:00,BTC,62479.00,0.0000,0.3732
2026-06-24T10:37:59+00:00,ETH,1663.58,0.0000,0.7921
2026-06-24T10:37:59+00:00,SOL,69.06,0.0000,0.3590
2026-06-24T10:37:59+00:00,XRP,1.08,0.0000,-1.5258
2026-06-24T10:37:59+00:00,DOGE,0.08,0.0000,-0.5021
2026-06-24T10:38:15+00:00,62500.7,1663.81,69.04,1.08517,0.0785463,574.75,,,,,,
2026-06-24T10:42:19+00:00,62509,1664.61,69.05,1.085,0.078618,575.24,0.147079,7.58,6.39,0.900049,,41.9
2026-06-24T10:42:36+00:00,62537.0,1665.41,69.1,1.08702,0.0786566,574.75,,,,,,
2026-06-24T10:43:22+00:00,62522,1664.88,69.05,1.085,0.078619,575.3,0.14707,7.58,6.39,0.899907,,41.9
2026-06-24T10:43:55+00:00,62527.7,1664.72,69.13,1.08577,0.0786566,574.75,,,,,,
2026-06-24T10:44:29+00:00,62525,1664.89,69.07,1.085,0.078632,575.33,0.147128,7.58,6.39,0.89978,,41.9
2026-06-24T10:45:14+00:00,62512.9,1664.45,69.09,1.0858,0.0786864,575.5,,,,,,
2026-06-24T10:45:32+00:00,62527,1664.93,69.08,1.086,0.07864,575.35,0.147179,7.58,6.39,0.899836,,41.91
2026-06-24T10:46:31+00:00,62492.0,1663.56,69.09,1.08506,0.0786325,575.5,,,,,,
2026-06-24T10:46:35+00:00,62514,1664.73,69.09,1.086,0.07865,575.25,0.147211,7.58,6.4,0.899909,,41.91
2026-06-24T10:47:39+00:00,62494,1663.93,69.09,1.086,0.078644,575.27,0.147155,7.58,6.4,0.899992,,41.91
2026-06-24T10:47:49+00:00,62492.0,1663.4,69.06,1.08528,0.0786058,575.5,,,,,,
2026-06-24T10:48:56+00:00,62482,1663.37,69.08,1.086,0.078639,575.39,0.147108,7.58,6.4,0.899773,,41.91
2026-06-24T10:49:06+00:00,62475.1,1662.7,69.06,1.08591,0.0786142,575.5,,,,,,
2026-06-24T10:50:02+00:00,62473,1663.06,69.07,1.086,0.07863,575.37,0.1471,7.58,6.4,0.899697,,41.9
2026-06-24T10:50:25+00:00,62519.21,1664.19,69.07,1.0873,0.07869,576.14,,,,,,
2026-06-24T10:51:06+00:00,62463,1662.68,69.07,1.086,0.078622,575.44,0.147128,7.58,6.4,0.899565,,41.9
2026-06-24T10:51:51+00:00,62486.01,1664.0,69.07,1.0873,0.07866,576.01,,,,,,
2026-06-24T10:52:09+00:00,62439,1662.59,69.04,1.086,0.078609,575.27,0.147156,7.58,6.4,0.899373,,41.89
2026-06-24T10:53:13+00:00,62418,1662.19,69.03,1.086,0.078592,575.27,0.147124,7.58,6.4,0.899245,,41.88
2026-06-24T10:53:11+00:00,62487.58,1664.39,69.04,1.0873,0.07866,575.74,,,,,,
2026-06-24T10:54:16+00:00,62409,1662.33,69.0,1.086,0.078568,575.11,0.147141,7.58,6.39,0.898899,,41.88
2026-06-24T10:54:36+00:00,62510.01,1664.82,69.07,1.0873,0.07865,575.83,,,,,,
2026-06-24T10:54:37+00:00,62500.0,1664.82,69.07,1.0873,0.07865,575.83,,,,,,
2026-06-24T10:55:23+00:00,,,,,,,,,,,,
2026-06-24T10:56:00+00:00,62483.67,1664.86,69.04,1.0874,0.07862,575.85,,,,,,
2026-06-24T10:56:27+00:00,,,,,,,,,,,,
2026-06-24T10:57:28+00:00,62470.17,1663.99,69.03,1.0873,0.07863,575.58,,,,,,
2026-06-24T10:57:30+00:00,,,,,,,,,,,,
2026-06-24T10:58:34+00:00,,,,,,,,,,,,
2026-06-24T10:58:51+00:00,62449.49,1663.76,69.04,1.0868,0.07861,575.42,,,,,,
2026-06-24T10:59:52+00:00,,,,,,,,,,,,
2026-06-24T11:00:16+00:00,62439.99,1664.16,69.07,1.0866,0.0786,575.57,,,,,,
2026-06-24T11:00:58+00:00,62373,1661.96,68.96,1.086,0.078508,574.85,0.146899,7.57,6.39,0.899095,,41.86
2026-06-24T11:01:40+00:00,62466.88,1664.17,69.13,1.0865,0.07859,575.59,,,,,,
2026-06-24T11:02:02+00:00,62387,1662.84,68.97,1.086,0.078505,574.99,0.146938,7.57,6.4,0.899051,,41.86
2026-06-24T11:03:06+00:00,62388,1662.39,68.99,1.086,0.078499,574.98,0.14687,7.58,6.4,0.899119,,41.86
2026-06-24T11:03:07+00:00,62425.82,1663.1,69.09,1.0861,0.07858,575.47,,,,,,
2026-06-24T11:04:09+00:00,62355,1661.62,68.99,1.085,0.078494,574.89,0.146813,7.57,6.4,0.899171,,41.86
2026-06-24T11:04:31+00:00,62437.98,1663.02,69.09,1.0866,0.07857,575.59,,,,,,
2026-06-24T11:05:12+00:00,62361,1661.79,68.99,1.085,0.078494,574.95,0.146854,7.58,6.4,0.899326,,41.86
2026-06-24T11:05:55+00:00,62406.67,1661.9,69.05,1.0854,0.07852,575.41,,,,,,
2026-06-24T11:06:19+00:00,62345,1660.77,69.0,1.085,0.078488,574.82,0.146894,7.58,6.4,0.899318,,41.85
2026-06-24T11:07:21+00:00,62376.0,1660.97,68.96,1.0846,0.07837,575.01,,,,,,
2026-06-24T11:07:23+00:00,62310,1660.11,68.97,1.085,0.078465,574.69,0.146895,7.58,6.4,0.899291,,41.85
2026-06-24T11:08:26+00:00,62303,1659.71,68.93,1.084,0.078423,574.53,0.146885,7.57,6.4,0.899255,,41.85
2026-06-24T11:08:47+00:00,62350.3,1660.1,68.9,1.0841,0.07817,574.14,,,,,,
2026-06-24T11:09:30+00:00,62293,1658.89,68.91,1.084,0.078343,574.4,0.14682,7.57,6.39,0.89897,,41.85
2026-06-24T11:10:11+00:00,62347.66,1660.1,68.93,1.0841,0.07823,574.01,,,,,,
2026-06-24T11:10:58+00:00,62266,1657.95,68.88,1.084,0.078305,573.74,0.146721,7.57,6.39,0.898719,,41.84
2026-06-24T11:11:36+00:00,62391.76,1660.8,68.99,1.0855,0.0783,574.55,,,,,,
2026-06-24T11:12:05+00:00,62276,1657.77,68.88,1.083,0.078249,573.55,0.146673,7.57,6.39,0.898418,,41.83
2026-06-24T11:13:02+00:00,62410.01,1660.41,69.02,1.0856,0.07827,574.57,,,,,,
2026-06-24T11:13:08+00:00,62310,1658.51,68.86,1.083,0.078224,573.9,0.146631,7.57,6.39,0.898282,,41.83
2026-06-24T11:14:12+00:00,62319,1658.37,68.87,1.083,0.078208,573.85,0.146602,7.56,6.39,0.898155,,41.81
2026-06-24T11:14:28+00:00,62371.6,1658.97,68.89,1.0842,0.07819,575.07,,,,,,
2026-06-24T11:15:15+00:00,62289,1657.52,68.85,1.083,0.078144,573.84,0.146482,7.56,6.39,0.897187,,41.8
2026-06-24T11:15:52+00:00,62352.04,1657.68,68.85,1.0841,0.07817,574.44,,,,,,
2026-06-24T11:16:19+00:00,62301,1656.94,68.84,1.083,0.078118,574.08,0.146429,7.56,6.38,0.896992,,41.8
2026-06-24T11:17:18+00:00,62353.19,1657.38,68.88,1.0839,0.07812,574.14,,,,,,
2026-06-24T11:17:25+00:00,62279,1656.04,68.83,1.083,0.078111,573.8,0.14641,7.56,6.38,0.896845,,41.8
2026-06-24T11:18:29+00:00,62283,1656.08,68.82,1.083,0.078086,573.67,0.14648,7.55,6.38,0.896105,,41.79
2026-06-24T11:18:44+00:00,62398.48,1659.11,68.92,1.0844,0.07819,574.59,,,,,,
2026-06-24T11:19:32+00:00,62304,1656.48,68.83,1.083,0.07808,573.67,0.14656,7.55,6.38,0.895729,,41.8
2026-06-24T11:20:10+00:00,62368.01,1657.89,68.82,1.0833,0.0781,574.27,,,,,,
2026-06-24T11:20:35+00:00,62297,1656.37,68.8,1.083,0.078078,573.82,0.146544,7.55,6.38,0.895655,,41.8
2026-06-24T11:21:34+00:00,62348.0,1656.94,68.85,1.0839,0.07817,574.39,,,,,,
2026-06-24T11:21:56+00:00,62258,1654.61,68.77,1.082,0.078024,573.55,0.146558,7.54,6.37,0.894948,,41.79
2026-06-24T11:23:00+00:00,62326.21,1656.34,68.79,1.0831,0.07818,574.34,,,,,,
2026-06-24T11:23:03+00:00,62271,1655.14,68.76,1.082,0.078029,573.73,0.146573,7.54,6.37,0.894778,,41.78
2026-06-24T11:24:06+00:00,62260,1655.0,68.76,1.082,0.078049,573.71,0.146604,7.54,6.37,0.894801,,41.78
2026-06-24T11:24:26+00:00,62380.0,1658.48,68.83,1.0839,0.07827,574.88,,,,,,
2026-06-24T11:25:10+00:00,62280,1655.88,68.76,1.082,0.078056,573.89,0.146598,7.54,6.37,0.894764,,41.78
2026-06-24T11:25:52+00:00,62370.15,1658.47,68.87,1.0843,0.07827,575.1,,,,,,
2026-06-24T11:26:13+00:00,62319,1657.27,68.78,1.083,0.078104,574.36,0.14665,7.54,6.37,0.895215,,41.81
2026-06-24T11:27:16+00:00,62296,1656.36,68.78,1.083,0.078112,574.32,0.146665,7.54,6.37,0.895353,,41.8
2026-06-24T11:27:18+00:00,62372.0,1657.73,68.87,1.0841,0.07827,575.03,,,,,,
2026-06-24T11:28:22+00:00,62290,1655.77,68.78,1.083,0.078104,574.28,0.146648,7.53,6.37,0.89526,,41.79
2026-06-24T11:28:42+00:00,62394.72,1658.33,68.9,1.0843,0.07829,575.26,,,,,,
2026-06-24T11:29:26+00:00,62311,1656.5,68.8,1.083,0.078162,574.51,0.14671,7.53,6.37,0.89578,,41.8
2026-06-24T11:30:08+00:00,62400.24,1658.52,68.9,1.0845,0.07828,575.3,,,,,,
2026-06-24T11:30:29+00:00,62318,1656.38,68.8,1.083,0.078177,574.54,0.146742,7.53,6.37,0.895866,,41.8
2026-06-24T11:31:33+00:00,62333,1656.89,68.81,1.083,0.078181,574.63,0.146755,7.53,6.37,0.896039,,41.8
2026-06-24T11:31:33+00:00,62438.01,1659.95,68.95,1.0854,0.07835,575.63,,,,,,
2026-06-24T11:32:54+00:00,62372,1658.26,68.84,1.083,0.078196,574.95,0.146813,7.53,6.37,0.896333,,41.81
2026-06-24T11:32:59+00:00,62474.0,1661.1,69.0,1.0858,0.07834,576.2,,,,,,
2026-06-24T11:34:00+00:00,62384,1658.94,68.86,1.084,0.07821,575.16,0.146862,7.53,6.37,0.896514,,41.81
2026-06-24T11:34:26+00:00,62457.7,1661.25,68.99,1.086,0.07831,575.95,,,,,,
2026-06-24T11:35:04+00:00,62390,1659.45,68.88,1.084,0.078219,575.22,0.146883,7.53,6.38,0.896665,,41.82
2026-06-24T11:35:53+00:00,62482.0,1661.91,69.05,1.0866,0.07834,576.3,,,,,,
2026-06-24T11:36:07+00:00,62386,1659.43,68.89,1.084,0.07822,575.27,0.146885,7.54,6.38,0.896918,,41.83
2026-06-24T11:37:11+00:00,62396,1659.92,68.92,1.085,0.078227,575.41,0.146903,7.54,6.38,0.897041,,41.84
2026-06-24T11:37:20+00:00,62600.46,1667.33,69.38,1.089,0.07855,577.25,,,,,,
2026-06-24T11:38:14+00:00,62427,1661.16,68.95,1.085,0.078259,575.61,0.146929,7.54,6.38,0.897188,,41.85
2026-06-24T11:38:47+00:00,62609.99,1666.61,69.3,1.0882,0.07861,577.09,,,,,,
2026-06-24T11:39:21+00:00,62521,1664.05,69.04,1.086,0.078298,576.25,0.147048,7.55,6.38,0.89762,,41.86
2026-06-24T11:40:14+00:00,62623.05,1666.72,69.31,1.0883,0.07862,577.1,,,,,,
2026-06-24T11:40:25+00:00,62535,1664.3,69.09,1.086,0.078362,576.36,0.147164,7.56,6.39,0.898415,,41.88
2026-06-24T11:41:28+00:00,62539,1664.6,69.13,1.086,0.078378,576.4,0.147195,7.56,6.4,0.898604,,41.89
2026-06-24T11:41:42+00:00,62644.6,1667.72,69.35,1.0886,0.07863,577.22,,,,,,
2026-06-24T11:42:32+00:00,62545,1664.63,69.14,1.087,0.078412,576.36,0.147227,7.56,6.4,0.898702,,41.9
2026-06-24T11:43:08+00:00,62652.49,1667.31,69.37,1.0887,0.07858,577.24,,,,,,
2026-06-24T11:43:49+00:00,62584,1665.44,69.25,1.087,0.078491,576.52,0.147304,7.56,6.4,0.899226,,41.92
2026-06-24T11:44:35+00:00,62728.07,1669.29,69.54,1.0898,0.07868,577.74,,,,,,
2026-06-24T11:44:55+00:00,62630,1666.38,69.27,1.087,0.078506,576.84,0.14732,7.56,6.4,0.899327,,41.93
2026-06-24T11:45:59+00:00,62651,1667.41,69.3,1.088,0.07852,576.91,0.147388,7.57,6.4,0.899465,,41.94
2026-06-24T11:46:02+00:00,62766.01,1669.22,69.55,1.0906,0.07868,577.66,,,,,,
2026-06-24T11:47:02+00:00,62664,1667.01,69.34,1.088,0.078545,576.88,0.147439,7.57,6.41,0.899814,,41.94
2026-06-24T11:47:29+00:00,62749.66,1669.04,69.49,1.0908,0.07868,577.49,,,,,,
2026-06-24T11:48:06+00:00,62666,1666.77,69.37,1.088,0.078545,576.82,0.147447,7.57,6.41,0.899892,,41.94
2026-06-24T11:48:54+00:00,62964.66,1677.47,69.92,1.0956,0.07898,579.44,,,,,,
2026-06-24T11:49:09+00:00,62686,1667.17,69.4,1.089,0.078554,576.74,0.147467,7.57,6.41,0.900039,,41.95
2026-06-24T11:50:15+00:00,62851,1674.22,69.56,1.09,0.078735,578.56,0.147486,7.58,6.41,0.901072,,41.98
2026-06-24T11:50:21+00:00,63050.0,1684.82,70.11,1.0996,0.07935,580.64,,,,,,
2026-06-24T11:51:19+00:00,62960,1680.13,69.72,1.092,0.078834,579.9,0.148273,7.61,6.43,0.904394,,42.04
2026-06-24T11:51:48+00:00,62950.0,1679.95,69.96,1.0985,0.0792,579.58,,,,,,
2026-06-24T11:52:22+00:00,62887,1678.15,69.74,1.093,0.078915,579.15,0.148441,7.62,6.44,0.905103,,42.12
2026-06-24T11:53:16+00:00,62932.0,1679.21,69.98,1.0982,0.07914,579.68,,,,,,
2026-06-24T11:53:26+00:00,62843,1676.43,69.72,1.093,0.078914,578.85,0.148467,7.62,6.44,0.904898,,42.11
2026-06-24T11:54:43+00:00,62928.01,1678.55,69.88,1.0976,0.07912,579.5,,,,,,
2026-06-24T11:54:46+00:00,62866,1677.22,69.78,1.095,0.078934,578.85,0.148567,7.62,6.44,0.905957,,42.14
2026-06-24T11:55:53+00:00,,,,,,,,,,,,
2026-06-24T11:56:10+00:00,62901.99,1678.19,69.81,1.0967,0.07908,579.82,,,,,,
2026-06-24T11:56:56+00:00,,,,,,,,,,,,
2026-06-24T11:57:38+00:00,62889.83,1678.08,69.78,1.096,0.07901,579.59,,,,,,
2026-06-24T11:57:59+00:00,,,,,,,,,,,,
2026-06-24T11:59:03+00:00,,,,,,,,,,,,
2026-06-24T11:59:05+00:00,62897.03,1678.67,69.8,1.0954,0.07901,579.59,,,,,,
2026-06-24T12:00:07+00:00,62816,1676.44,69.75,1.095,0.078963,578.88,0.148261,7.63,6.44,0.905931,,42.18
2026-06-24T12:00:29+00:00,62866.41,1677.74,69.72,1.0943,0.07896,579.23,,,,,,
2026-06-24T12:01:14+00:00,62817,1676.55,69.73,1.095,0.078953,578.9,0.148183,7.63,6.44,0.905663,,42.17
2026-06-24T12:01:58+00:00,62848.76,1676.99,69.7,1.0935,0.07893,578.92,,,,,,
2026-06-24T12:02:17+00:00,62786,1675.23,69.68,1.094,0.078925,578.51,0.148075,7.62,6.44,0.90505,,42.17
2026-06-24T12:03:21+00:00,62798,1675.84,69.67,1.094,0.078896,578.47,0.148056,7.62,6.43,0.9046,,42.16
2026-06-24T12:03:25+00:00,62916.19,1679.11,69.73,1.0939,0.079,579.39,,,,,,
2026-06-24T12:04:25+00:00,62835,1677.27,69.66,1.093,0.078881,578.77,0.148006,7.62,6.43,0.904545,,42.16
2026-06-24T12:04:53+00:00,62973.19,1681.28,69.9,1.0949,0.07907,580.32,,,,,,
2026-06-24T12:05:45+00:00,62857,1677.9,69.69,1.093,0.078906,579.13,0.148029,7.62,6.43,0.904944,,42.17
2026-06-24T12:06:20+00:00,62924.71,1679.53,69.82,1.0939,0.07902,579.94,,,,,,
2026-06-24T12:06:51+00:00,62856,1677.98,69.7,1.093,0.078907,579.36,0.148054,7.62,6.43,0.905238,,42.18
2026-06-24T12:07:49+00:00,62821.99,1676.35,69.75,1.0925,0.07889,578.99,,,,,,
2026-06-24T12:07:54+00:00,62816,1676.76,69.7,1.093,0.078898,579.08,0.148072,7.62,6.43,0.905051,,42.18
2026-06-24T12:08:58+00:00,62762,1675.86,69.68,1.093,0.078871,578.54,0.14804,7.62,6.43,0.904887,,42.16
2026-06-24T12:09:13+00:00,62892.0,1678.59,69.81,1.0937,0.07895,579.43,,,,,,
2026-06-24T12:10:01+00:00,62785,1675.77,69.69,1.092,0.078842,578.52,0.148035,7.61,6.42,0.904615,,42.14
2026-06-24T12:10:41+00:00,62856.08,1677.86,69.76,1.0934,0.0789,579.08,,,,,,
2026-06-24T12:11:05+00:00,62803,1676.14,69.71,1.092,0.078844,578.5,0.148073,7.61,6.42,0.904711,,42.15
2026-06-24T12:12:10+00:00,62892.01,1680.01,69.87,1.0947,0.07897,579.44,,,,,,
2026-06-24T12:12:12+00:00,62759,1675.57,69.7,1.092,0.078831,578.43,0.14808,7.61,6.42,0.904527,,42.14
2026-06-24T12:13:16+00:00,62794,1677.23,69.71,1.093,0.078834,578.46,0.1481,7.62,6.42,0.904607,,42.15
2026-06-24T12:13:39+00:00,62851.14,1678.6,69.86,1.0944,0.07899,578.98,,,,,,
2026-06-24T12:14:19+00:00,62790,1677.3,69.71,1.093,0.078832,578.41,0.148122,7.62,6.42,0.90453,,42.15
2026-06-24T12:15:04+00:00,62861.99,1679.2,69.88,1.0947,0.07898,579.09,,,,,,
2026-06-24T12:15:23+00:00,62772,1676.62,69.73,1.093,0.078837,578.24,0.148176,7.62,6.42,0.904576,,42.15
2026-06-24T12:16:32+00:00,62871.99,1679.47,69.83,1.0941,0.07899,579.07,,,,,,
2026-06-24T12:26:25+00:00,62695,1674.37,69.7,1.092,0.078849,577.59,0.148427,7.61,6.42,0.904017,,42.18
2026-06-24T12:26:49+00:00,62783.99,1676.65,69.66,1.0913,0.07894,578.18,,,,,,
2026-06-24T12:27:48+00:00,62698,1674.47,69.66,1.092,0.078839,577.49,0.148384,7.61,6.42,0.903855,,42.17
2026-06-24T12:28:19+00:00,62786.0,1675.98,69.66,1.0915,0.07892,578.21,,,,,,
2026-06-24T12:28:55+00:00,62703,1673.97,69.65,1.091,0.078839,577.54,0.148332,7.61,6.42,0.903648,,42.17
2026-06-24T12:29:46+00:00,62826.0,1677.36,69.77,1.0924,0.07901,578.7,,,,,,
2026-06-24T12:29:58+00:00,62706,1674.47,69.66,1.091,0.078844,577.7,0.148362,7.61,6.42,0.903716,,42.17
2026-06-24T12:31:02+00:00,62741,1674.63,69.65,1.091,0.078853,577.95,0.14838,7.61,6.42,0.903765,,42.17
2026-06-24T12:31:16+00:00,62784.97,1675.37,69.69,1.0917,0.07892,578.26,,,,,,
2026-06-24T12:32:05+00:00,62723,1674.17,69.62,1.091,0.078846,577.92,0.148419,7.6,6.42,0.903666,,42.16
2026-06-24T12:32:46+00:00,62805.73,1675.66,69.7,1.0919,0.07893,578.6,,,,,,
2026-06-24T12:33:09+00:00,62703,1673.18,69.61,1.091,0.07884,577.69,0.148405,7.6,6.42,0.903529,,42.16
2026-06-24T12:34:13+00:00,62842.0,1676.17,69.75,1.0926,0.07895,579.05,,,,,,
2026-06-24T12:34:16+00:00,62730,1673.63,69.62,1.091,0.078833,577.96,0.148446,7.6,6.42,0.903649,,42.16
2026-06-24T12:35:19+00:00,62747,1673.78,69.63,1.091,0.078835,578.12,0.148463,7.6,6.42,0.903676,,42.16
2026-06-24T12:35:40+00:00,62792.01,1674.46,69.63,1.0918,0.07886,578.62,,,,,,
2026-06-24T12:36:23+00:00,62730,1673.76,69.63,1.091,0.078831,578.07,0.148485,7.6,6.42,0.903882,,42.16
2026-06-24T12:37:11+00:00,62821.99,1675.46,69.71,1.0926,0.0789,578.94,,,,,,
2026-06-24T12:37:26+00:00,62715,1673.33,69.61,1.091,0.07882,578.0,0.14844,7.6,6.42,0.903698,,42.16
2026-06-24T12:38:41+00:00,62878.01,1677.1,69.75,1.0933,0.07894,579.11,,,,,,
2026-06-24T12:43:06+00:00,62766,1674.68,69.64,1.092,0.078822,578.02,0.14848,7.6,6.42,0.903288,,42.16
2026-06-24T12:43:10+00:00,62849.18,1676.6,69.73,1.093,0.07887,578.47,,,,,,
2026-06-24T12:44:09+00:00,62765,1674.52,69.65,1.092,0.078803,577.92,0.148442,7.6,6.42,0.903258,,42.16
2026-06-24T12:44:39+00:00,62858.0,1676.99,69.77,1.0932,0.07888,578.49,,,,,,
2026-06-24T12:45:15+00:00,62775,1674.82,69.65,1.092,0.0788,577.82,0.148429,7.6,6.42,0.903045,,42.16
2026-06-24T12:46:09+00:00,62828.0,1675.87,69.76,1.0935,0.07888,578.23,,,,,,
2026-06-24T12:46:19+00:00,62765,1674.19,69.66,1.092,0.078788,577.72,0.148419,7.6,6.42,0.902716,,42.17
2026-06-24T12:47:23+00:00,62750,1673.78,69.66,1.092,0.078783,577.6,0.148401,7.6,6.42,0.902584,,42.16
2026-06-24T12:47:38+00:00,62820.89,1675.59,69.72,1.0928,0.07883,578.29,,,,,,
2026-06-24T12:48:26+00:00,62740,1674.11,69.65,1.092,0.078759,577.58,0.148358,7.6,6.42,0.902443,,42.16
2026-06-24T12:49:07+00:00,62808.77,1674.92,69.67,1.0924,0.07878,578.15,,,,,,
2026-06-24T12:59:24+00:00,,,,,,,,,,,,
2026-06-24T12:59:38+00:00,62612.97,1671.52,69.44,1.0903,0.07861,576.73,,,,,,
2026-06-24T13:08:17+00:00,62218,1660.95,69.1,1.086,0.078158,574.26,0.14719,7.56,6.39,0.897996,,42.04
2026-06-24T13:08:40+00:00,62204.07,1659.91,69.02,1.0843,0.07792,574.44,,,,,,
2026-06-24T13:09:20+00:00,62211,1660.25,69.08,1.086,0.078091,574.07,0.147092,7.56,6.38,0.8978,,42.02
2026-06-24T13:10:10+00:00,62217.44,1660.51,69.01,1.0848,0.07795,574.64,,,,,,
2026-06-24T13:10:24+00:00,62142,1658.72,69.05,1.085,0.078016,573.83,0.146938,7.55,6.37,0.897179,,42.0
2026-06-24T13:11:40+00:00,62088.0,1655.0,68.84,1.0831,0.07777,573.75,,,,,,
2026-06-24T13:17:07+00:00,61975,1654.25,68.69,1.082,0.077648,572.77,0.146106,7.52,6.32,0.892464,,41.83
2026-06-24T13:17:43+00:00,62089.91,1656.94,68.8,1.0816,0.07774,573.66,,,,,,
2026-06-24T13:18:13+00:00,61974,1653.95,68.68,1.081,0.07762,572.79,0.146043,7.52,6.33,0.892356,,41.81
2026-06-24T13:19:15+00:00,62178.44,1659.33,68.87,1.0824,0.07783,574.09,,,,,,
2026-06-24T13:19:17+00:00,62032,1655.61,68.67,1.081,0.077605,572.97,0.146047,7.52,6.34,0.892266,,41.79
2026-06-24T13:20:20+00:00,62087,1657.16,68.7,1.081,0.077637,573.15,0.146195,7.52,6.34,0.892371,,41.78
2026-06-24T13:20:42+00:00,62199.1,1659.46,68.88,1.0815,0.0778,573.87,,,,,,
2026-06-24T13:21:24+00:00,62101,1656.95,68.75,1.081,0.077698,573.19,0.146264,7.53,6.35,0.893079,,41.78
2026-06-24T13:22:13+00:00,62033.18,1655.0,68.69,1.078,0.07759,572.7,,,,,,
2026-06-24T13:31:17+00:00,61729,1649.03,68.74,1.078,0.07748,569.72,0.145521,7.5,6.32,0.887499,,41.51
2026-06-24T13:31:22+00:00,61777.79,1649.58,68.79,1.0783,0.07745,569.86,,,,,,
2026-06-24T13:32:20+00:00,61719,1648.26,68.74,1.078,0.077455,569.38,0.145409,7.5,6.32,0.886699,,41.51
2026-06-24T13:32:53+00:00,61912.01,1654.81,69.06,1.0822,0.0777,572.18,,,,,,
2026-06-24T13:33:40+00:00,61811,1650.3,68.8,1.079,0.077446,570.87,0.1455,7.51,6.32,0.886608,,41.5
2026-06-24T13:34:22+00:00,62126.48,1662.66,69.41,1.0863,0.07792,573.9,,,,,,
2026-06-24T13:34:47+00:00,61974,1657.41,68.89,1.079,0.077498,572.41,0.145623,7.52,6.33,0.888704,,41.57
2026-06-24T13:35:50+00:00,61994,1657.23,69.03,1.08,0.077606,572.62,0.145914,7.53,6.35,0.88956,,41.63
2026-06-24T13:35:52+00:00,62027.35,1661.44,69.39,1.0858,0.07793,573.67,,,,,,
2026-06-24T13:36:54+00:00,61912,1658.36,69.1,1.081,0.077606,572.7,0.146034,7.53,6.35,0.889978,,41.66
2026-06-24T13:37:23+00:00,61955.47,1659.97,69.21,1.0856,0.07783,573.01,,,,,,
2026-06-24T13:37:58+00:00,61833,1656.85,69.06,1.082,0.077599,572.2,0.146108,7.53,6.35,0.890086,,41.66
2026-06-24T13:38:52+00:00,61857.99,1656.24,69.13,1.0829,0.07772,572.29,,,,,,
2026-06-24T13:39:01+00:00,61845,1656.54,69.09,1.083,0.077654,572.23,0.146249,7.53,6.35,0.890549,,41.68
2026-06-24T13:40:08+00:00,61806,1654.9,69.09,1.083,0.077652,571.83,0.146318,7.53,6.36,0.891127,,41.71
2026-06-24T13:40:22+00:00,61842.01,1656.07,69.06,1.0824,0.07762,572.05,,,,,,
2026-06-24T13:41:11+00:00,61767,1654.79,69.08,1.082,0.077635,571.35,0.146309,7.53,6.35,0.891192,,41.72
2026-06-24T13:41:54+00:00,61655.2,1651.66,68.89,1.0796,0.07737,570.4,,,,,,
2026-06-24T13:42:15+00:00,61702,1652.51,68.99,1.081,0.077521,570.83,0.146276,7.52,6.35,0.890551,,41.72
2026-06-24T13:43:18+00:00,61615,1650.64,68.94,1.081,0.077478,570.15,0.146147,7.52,6.34,0.890311,,41.71
2026-06-24T13:43:28+00:00,61524.57,1646.25,68.72,1.0777,0.07719,569.75,,,,,,
2026-06-24T13:44:38+00:00,61470,1646.85,68.85,1.08,0.077366,569.56,0.145977,7.51,6.33,0.889296,,41.67
2026-06-24T13:44:59+00:00,61506.58,1648.32,68.78,1.0786,0.07724,570.22,,,,,,
2026-06-24T13:45:45+00:00,61438,1647.21,68.81,1.079,0.07728,569.48,0.145866,7.5,6.33,0.888956,,41.65
2026-06-24T13:46:32+00:00,61378.03,1648.11,68.71,1.0773,0.07697,569.95,,,,,,
2026-06-24T13:46:49+00:00,61369,1647.18,68.77,1.078,0.077264,569.35,0.145778,7.49,6.32,0.888058,,41.62
2026-06-24T13:47:52+00:00,61346,1647.26,68.75,1.077,0.07718,569.37,0.145593,7.49,6.32,0.887755,,41.59
2026-06-24T13:48:06+00:00,61443.99,1647.18,68.87,1.0779,0.077,570.39,,,,,,
2026-06-24T13:48:56+00:00,61314,1644.12,68.73,1.077,0.076965,569.41,0.145299,7.48,6.31,0.886356,,41.56
2026-06-24T13:49:36+00:00,61435.4,1647.37,68.94,1.0791,0.077,570.6,,,,,,
2026-06-24T13:49:59+00:00,61292,1643.2,68.73,1.077,0.07694,569.26,0.145198,7.48,6.31,0.886072,,41.56
2026-06-24T13:51:06+00:00,61382,1645.17,68.76,1.077,0.076931,569.77,0.145221,7.48,6.31,0.886641,,41.58
2026-06-24T13:51:05+00:00,61610.0,1651.69,69.2,1.0812,0.07711,571.86,,,,,,
2026-06-24T13:52:10+00:00,61487,1648.13,68.85,1.077,0.076958,570.56,0.145297,7.48,6.31,0.887009,,41.59
2026-06-24T13:52:39+00:00,61538.16,1651.09,69.14,1.0794,0.07702,571.8,,,,,,
2026-06-24T13:53:13+00:00,61530,1650.69,68.92,1.078,0.076957,571.15,0.145407,7.49,6.32,0.887727,,41.64
2026-06-24T13:54:10+00:00,61471.01,1649.27,69.07,1.0797,0.07701,571.38,,,,,,
2026-06-24T13:54:17+00:00,61454,1649.82,68.97,1.079,0.076943,571.11,0.145469,7.49,6.32,0.887836,,41.65
2026-06-24T13:55:38+00:00,,,,,,,,,,,,
2026-06-24T13:55:42+00:00,61378.04,1646.71,68.97,1.0782,0.07689,571.01,,,,,,
2026-06-24T13:56:45+00:00,,,,,,,,,,,,
2026-06-24T13:57:13+00:00,61376.64,1646.7,68.95,1.0771,0.07691,570.76,,,,,,
2026-06-24T13:57:49+00:00,,,,,,,,,,,,
2026-06-24T13:58:46+00:00,61272.2,1644.16,68.93,1.0764,0.07682,569.95,,,,,,
2026-06-24T13:58:52+00:00,,,,,,,,,,,,
2026-06-24T13:59:55+00:00,,,,,,,,,,,,
2026-06-24T14:00:18+00:00,61337.75,1646.87,68.91,1.0773,0.07683,570.32,,,,,,
2026-06-24T14:00:59+00:00,61233,1643.07,68.86,1.076,0.076802,569.41,0.14531,7.48,6.31,0.887002,,41.6
2026-06-24T14:01:51+00:00,61329.14,1642.9,68.84,1.0758,0.07663,569.8,,,,,,
2026-06-24T14:02:06+00:00,61253,1642.64,68.81,1.075,0.076756,569.37,0.145252,7.47,6.3,0.886758,,41.55
2026-06-24T14:03:09+00:00,61218,1639.82,68.78,1.075,0.076609,569.19,0.145201,7.47,6.3,0.886082,,41.54
2026-06-24T14:03:23+00:00,61348.52,1643.59,68.87,1.0765,0.07669,570.16,,,,,,
2026-06-24T14:04:13+00:00,61252,1641.18,68.79,1.075,0.0766,569.3,0.145186,7.46,6.3,0.885914,,41.52
2026-06-24T14:04:57+00:00,61294.01,1644.38,68.85,1.0759,0.07659,569.6,,,,,,
2026-06-24T14:05:17+00:00,61228,1641.42,68.78,1.075,0.07659,569.13,0.145123,7.46,6.3,0.885746,,41.51
2026-06-24T14:06:27+00:00,61358.01,1647.22,69.0,1.0789,0.07683,570.6,,,,,,
2026-06-24T14:06:49+00:00,61258,1644.16,68.81,1.076,0.0766,569.64,0.145192,7.46,6.31,0.886748,,41.51
2026-06-24T14:07:56+00:00,61262,1644.62,68.83,1.076,0.076657,569.85,0.145265,7.47,6.31,0.887271,,41.53
2026-06-24T14:08:00+00:00,61432.0,1649.35,69.11,1.08,0.07697,571.18,,,,,,
2026-06-24T14:08:59+00:00,61325,1646.17,68.85,1.076,0.076637,570.44,0.145335,7.47,6.31,0.887353,,41.53
2026-06-24T14:09:34+00:00,61352.36,1647.24,68.97,1.0789,0.07685,570.39,,,,,,
2026-06-24T14:10:03+00:00,61270,1644.09,68.85,1.077,0.076691,569.83,0.145374,7.47,6.32,0.888774,,41.55
2026-06-24T14:11:06+00:00,61283,1645.97,68.85,1.077,0.076704,569.9,0.145364,7.47,6.32,0.88868,,41.55
2026-06-24T14:11:07+00:00,61397.24,1649.26,69.13,1.0797,0.07693,570.9,,,,,,
2026-06-24T14:12:10+00:00,61298,1646.19,68.88,1.077,0.076729,570.07,0.145467,7.47,6.32,0.889516,,41.57
2026-06-24T14:12:40+00:00,61267.27,1646.32,68.88,1.0786,0.07681,570.08,,,,,,
2026-06-24T14:13:16+00:00,61237,1644.81,68.87,1.077,0.07674,569.77,0.145563,7.47,6.32,0.89,,41.58
2026-06-24T14:14:13+00:00,61144.35,1642.52,68.77,1.0766,0.07684,569.21,,,,,,
2026-06-24T14:14:20+00:00,61162,1643.1,68.84,1.077,0.076734,569.58,0.145554,7.47,6.32,0.890092,,41.57
2026-06-24T14:15:23+00:00,61109,1642.37,68.81,1.076,0.076746,569.12,0.145547,7.47,6.32,0.890073,,41.58
2026-06-24T14:15:44+00:00,61204.88,1644.85,68.89,1.0769,0.07684,570.0,,,,,,
2026-06-24T14:16:27+00:00,61137,1643.5,68.82,1.076,0.076753,569.32,0.145562,7.47,6.32,0.889698,,41.57
2026-06-24T14:17:16+00:00,61100.0,1642.53,68.75,1.0758,0.07671,568.88,,,,,,
2026-06-24T14:17:48+00:00,61074,1642.87,68.78,1.076,0.076735,568.93,0.145582,7.47,6.32,0.889377,,41.56
2026-06-24T14:18:47+00:00,61095.97,1642.77,68.8,1.0766,0.07671,569.05,,,,,,
2026-06-24T14:18:54+00:00,61059,1641.71,68.76,1.076,0.076712,568.85,0.145534,7.46,6.32,0.889023,,41.54
2026-06-24T14:19:58+00:00,61002,1640.05,68.74,1.075,0.076684,568.2,0.145469,7.46,6.32,0.888903,,41.5
2026-06-24T14:20:20+00:00,60923.88,1638.98,68.68,1.0751,0.07659,567.83,,,,,,
2026-06-24T14:21:01+00:00,60934,1639.59,68.7,1.075,0.07664,567.9,0.145386,7.46,6.31,0.888725,,41.5
2026-06-24T14:21:52+00:00,61082.01,1643.45,68.74,1.0774,0.07672,569.11,,,,,,
2026-06-24T14:22:05+00:00,60913,1638.7,68.67,1.075,0.076608,567.63,0.145321,7.46,6.31,0.887827,,41.48
2026-06-24T14:23:08+00:00,61012,1641.46,68.68,1.075,0.076614,568.26,0.145313,7.46,6.31,0.88784,,41.48
2026-06-24T14:23:27+00:00,61237.61,1648.59,68.99,1.0792,0.07683,570.78,,,,,,
2026-06-24T14:24:17+00:00,61084,1643.33,68.71,1.075,0.076617,569.18,0.145297,7.46,6.31,0.888032,,41.5
2026-06-24T14:24:59+00:00,61250.0,1649.28,68.99,1.0799,0.07687,570.63,,,,,,
2026-06-24T14:25:20+00:00,61137,1645.12,68.76,1.076,0.076629,569.6,0.145307,7.47,6.31,0.888408,,41.49
2026-06-24T14:26:24+00:00,61143,1646.51,68.78,1.076,0.076656,569.75,0.145357,7.47,6.31,0.888659,,41.53
2026-06-24T14:26:33+00:00,61222.01,1648.64,69.01,1.0792,0.07685,570.64,,,,,,
2026-06-24T14:27:28+00:00,61138,1646.18,68.79,1.077,0.076671,569.7,0.145355,7.47,6.31,0.888713,,41.54
2026-06-24T14:28:06+00:00,61239.93,1649.45,69.03,1.0799,0.07688,570.77,,,,,,
2026-06-24T14:28:49+00:00,61146,1646.83,68.84,1.077,0.076695,569.86,0.145286,7.47,6.3,0.889638,,41.58
2026-06-24T14:29:40+00:00,61221.99,1649.08,69.03,1.0792,0.07687,570.29,,,,,,
2026-06-24T14:29:56+00:00,61125,1645.82,68.87,1.077,0.076703,569.63,0.145339,7.48,6.31,0.889952,,41.61
2026-06-24T14:30:59+00:00,61148,1647.05,68.9,1.077,0.076734,569.54,0.145421,7.48,6.31,0.890671,,41.62
2026-06-24T14:31:13+00:00,61333.66,1654.57,69.3,1.0823,0.07707,571.76,,,,,,
2026-06-24T14:32:06+00:00,61216,1649.77,68.97,1.078,0.076786,570.04,0.145547,7.48,6.31,0.891167,,41.64
2026-06-24T14:32:49+00:00,61361.19,1655.18,69.29,1.0814,0.07703,571.56,,,,,,
2026-06-24T14:33:10+00:00,61231,1650.96,69.02,1.079,0.07682,570.38,0.145626,7.49,6.32,0.891826,,41.64
2026-06-24T14:34:13+00:00,61240,1651.71,69.03,1.079,0.076817,570.38,0.145588,7.49,6.32,0.892028,,41.65
2026-06-24T14:34:19+00:00,61356.0,1655.85,69.34,1.0817,0.07711,571.26,,,,,,
2026-06-24T14:35:20+00:00,61231,1651.46,69.07,1.079,0.076837,570.07,0.14564,7.5,6.33,0.892349,,41.68
2026-06-24T14:35:54+00:00,61320.15,1654.92,69.32,1.0798,0.07709,570.51,,,,,,
2026-06-24T14:36:24+00:00,61233,1651.6,69.13,1.079,0.076876,569.78,0.145694,7.5,6.33,0.892407,,41.68
2026-06-24T14:37:27+00:00,61242,1652.62,69.15,1.079,0.076896,569.91,0.145728,7.5,6.33,0.892409,,41.69
2026-06-24T14:37:27+00:00,61317.74,1653.42,69.23,1.0797,0.07698,570.48,,,,,,
2026-06-24T14:38:33+00:00,61240,1651.9,69.17,1.079,0.076907,569.73,0.1458,7.51,6.34,0.892996,,41.7
2026-06-24T14:39:00+00:00,61217.36,1650.97,69.07,1.0777,0.07683,569.52,,,,,,
2026-06-24T14:39:53+00:00,61146,1648.43,69.13,1.078,0.076874,569.19,0.145727,7.51,6.34,0.892991,,41.71
2026-06-24T14:40:32+00:00,61165.55,1648.96,68.96,1.077,0.07684,569.28,,,,,,
2026-06-24T14:41:02+00:00,61095,1646.82,69.09,1.078,0.076842,568.67,0.145651,7.5,6.33,0.892695,,41.69
2026-06-24T14:42:05+00:00,61100,1647.47,69.04,1.077,0.076823,568.72,0.145606,7.5,6.33,0.892606,,41.66
2026-06-24T14:42:06+00:00,61171.23,1649.05,68.97,1.0769,0.07683,569.51,,,,,,
2026-06-24T14:43:09+00:00,61077,1646.56,68.99,1.076,0.076789,568.64,0.145581,7.5,6.33,0.892336,,41.63
2026-06-24T14:43:40+00:00,61070.35,1646.0,68.79,1.0757,0.07673,568.93,,,,,,
2026-06-24T14:44:13+00:00,61041,1645.55,68.94,1.076,0.076758,568.46,0.145483,7.49,6.32,0.892255,,41.62
2026-06-24T14:45:14+00:00,61169.83,1651.01,69.07,1.0772,0.07686,569.73,,,,,,
2026-06-24T14:45:16+00:00,61040,1645.42,68.87,1.075,0.076693,568.46,0.145314,7.49,6.32,0.891036,,41.6
2026-06-24T14:46:23+00:00,61076,1647.69,68.86,1.076,0.076691,568.88,0.145328,7.49,6.32,0.891006,,41.59
2026-06-24T14:46:46+00:00,61220.0,1652.58,69.16,1.0776,0.07683,570.35,,,,,,
2026-06-24T14:47:26+00:00,61083,1648.2,68.87,1.075,0.076691,569.12,0.145342,7.49,6.32,0.890996,,41.58
2026-06-24T14:48:18+00:00,61214.62,1652.69,69.14,1.0776,0.07684,570.73,,,,,,
2026-06-24T14:48:30+00:00,61119,1649.73,68.93,1.076,0.076684,569.47,0.14544,7.5,6.32,0.891268,,41.56
2026-06-24T14:49:33+00:00,61125,1649.89,68.94,1.076,0.076675,569.7,0.145435,7.5,6.32,0.891179,,41.55
2026-06-24T14:49:52+00:00,61128.01,1649.48,69.04,1.0756,0.07679,569.96,,,,,,
