timestamp_utc,asset,price_usd,change_1h_pct,change_24h_pct,source
2026-07-03T00:00:05+00:00,BTC,61485.965,,,consenso
2026-07-03T00:00:05+00:00,ETH,1698.495,,,consenso
2026-07-03T00:00:05+00:00,SOL,80.72,,,consenso
2026-07-03T00:00:05+00:00,XRP,1.0882,,,consenso
2026-07-03T00:00:05+00:00,DOGE,0.0742,,,binance
2026-07-03T00:00:05+00:00,BNB,558.94,,,binance
2026-07-03T00:00:29+00:00,BTC,61486.0,,,coingecko
2026-07-03T00:00:29+00:00,ETH,1698.38,,,coingecko
2026-07-03T00:00:29+00:00,SOL,80.63,,,coingecko
2026-07-03T00:00:29+00:00,XRP,1.086,,,coingecko
2026-07-03T00:00:29+00:00,DOGE,0.074077,,,coingecko
2026-07-03T00:00:29+00:00,BNB,558.08,,,coingecko
2026-07-03T00:00:29+00:00,ADA,0.161312,,,coingecko
2026-07-03T00:00:29+00:00,LINK,7.74,,,coingecko
2026-07-03T00:00:29+00:00,AVAX,6.79,,,coingecko
2026-07-03T00:00:29+00:00,DOT,0.840651,,,coingecko
2026-07-03T00:00:29+00:00,LTC,43.48,,,coingecko
2026-07-03T00:00:41+00:00,BTC,61485.965,,,consenso
2026-07-03T00:00:41+00:00,ETH,1698.495,,,consenso
2026-07-03T00:00:41+00:00,SOL,80.76,,,consenso
2026-07-03T00:00:41+00:00,XRP,1.0887,,,consenso
2026-07-03T00:00:41+00:00,DOGE,0.07424,,,binance
2026-07-03T00:00:41+00:00,BNB,559.21,,,binance
2026-07-03T00:01:06+00:00,BTC,61485.965,,,consenso
2026-07-03T00:01:06+00:00,ETH,1698.495,,,consenso
2026-07-03T00:01:06+00:00,SOL,80.76,,,consenso
2026-07-03T00:01:06+00:00,XRP,1.0881,,,consenso
2026-07-03T00:01:06+00:00,DOGE,0.07423,,,binance
2026-07-03T00:01:06+00:00,BNB,559.25,,,binance
2026-07-03T00:01:28+00:00,BTC,61485.965,,,consenso
2026-07-03T00:01:28+00:00,ETH,1698.495,,,consenso
2026-07-03T00:01:28+00:00,SOL,80.66,,,consenso
2026-07-03T00:01:28+00:00,XRP,1.0873,,,consenso
2026-07-03T00:01:28+00:00,DOGE,0.07416,,,binance
2026-07-03T00:01:28+00:00,BNB,558.97,,,binance
2026-07-03T00:01:33+00:00,BTC,61482.0,,,coingecko
2026-07-03T00:01:33+00:00,ETH,1698.7,,,coingecko
2026-07-03T00:01:33+00:00,SOL,80.63,,,coingecko
2026-07-03T00:01:33+00:00,XRP,1.087,,,coingecko
2026-07-03T00:01:33+00:00,DOGE,0.074089,,,coingecko
2026-07-03T00:01:33+00:00,BNB,558.23,,,coingecko
2026-07-03T00:01:33+00:00,ADA,0.161323,,,coingecko
2026-07-03T00:01:33+00:00,LINK,7.74,,,coingecko
2026-07-03T00:01:33+00:00,AVAX,6.79,,,coingecko
2026-07-03T00:01:33+00:00,DOT,0.840496,,,coingecko
2026-07-03T00:01:33+00:00,LTC,43.48,,,coingecko
2026-07-03T00:02:03+00:00,BTC,61485.965,,,consenso
2026-07-03T00:02:03+00:00,ETH,1698.495,,,consenso
2026-07-03T00:02:03+00:00,SOL,80.64,,,consenso
2026-07-03T00:02:03+00:00,XRP,1.0876,,,consenso
2026-07-03T00:02:03+00:00,DOGE,0.07414,,,binance
2026-07-03T00:02:03+00:00,BNB,558.67,,,binance
2026-07-03T00:02:24+00:00,BTC,61485.965,,,consenso
2026-07-03T00:02:24+00:00,ETH,1698.495,,,consenso
2026-07-03T00:02:24+00:00,SOL,80.64,,,consenso
2026-07-03T00:02:24+00:00,XRP,1.0875,,,consenso
2026-07-03T00:02:24+00:00,DOGE,0.07411,,,binance
2026-07-03T00:02:24+00:00,BNB,558.6,,,binance
2026-07-03T00:02:36+00:00,BTC,61438.0,,,coingecko
2026-07-03T00:02:36+00:00,ETH,1698.46,,,coingecko
2026-07-03T00:02:36+00:00,SOL,80.61,,,coingecko
2026-07-03T00:02:36+00:00,XRP,1.086,,,coingecko
2026-07-03T00:02:36+00:00,DOGE,0.074089,,,coingecko
2026-07-03T00:02:36+00:00,BNB,558.14,,,coingecko
2026-07-03T00:02:36+00:00,ADA,0.161329,,,coingecko
2026-07-03T00:02:36+00:00,LINK,7.74,,,coingecko
2026-07-03T00:02:36+00:00,AVAX,6.79,,,coingecko
2026-07-03T00:02:36+00:00,DOT,0.8402,,,coingecko
2026-07-03T00:02:36+00:00,LTC,43.49,,,coingecko
2026-07-03T00:02:45+00:00,BTC,61485.965,,,consenso
2026-07-03T00:02:45+00:00,ETH,1698.495,,,consenso
2026-07-03T00:02:45+00:00,SOL,80.62,,,consenso
2026-07-03T00:02:45+00:00,XRP,1.0866,,,consenso
2026-07-03T00:02:45+00:00,DOGE,0.0741,,,binance
2026-07-03T00:02:45+00:00,BNB,558.51,,,binance
2026-07-03T00:03:20+00:00,BTC,61485.965,,,consenso
2026-07-03T00:03:20+00:00,ETH,1698.495,,,consenso
2026-07-03T00:03:20+00:00,SOL,80.72,,,consenso
2026-07-03T00:03:20+00:00,XRP,1.0878,,,consenso
2026-07-03T00:03:20+00:00,DOGE,0.07418,,,binance
2026-07-03T00:03:20+00:00,BNB,558.7,,,binance
2026-07-03T00:03:39+00:00,BTC,61413.0,,,coingecko
2026-07-03T00:03:39+00:00,ETH,1697.55,,,coingecko
2026-07-03T00:03:39+00:00,SOL,80.59,,,coingecko
2026-07-03T00:03:39+00:00,XRP,1.086,,,coingecko
2026-07-03T00:03:39+00:00,DOGE,0.074066,,,coingecko
2026-07-03T00:03:39+00:00,BNB,557.98,,,coingecko
2026-07-03T00:03:39+00:00,ADA,0.161325,,,coingecko
2026-07-03T00:03:39+00:00,LINK,7.74,,,coingecko
2026-07-03T00:03:39+00:00,AVAX,6.8,,,coingecko
2026-07-03T00:03:39+00:00,DOT,0.839983,,,coingecko
2026-07-03T00:03:39+00:00,LTC,43.49,,,coingecko
2026-07-03T00:03:42+00:00,BTC,61485.965,,,consenso
2026-07-03T00:03:42+00:00,ETH,1698.495,,,consenso
2026-07-03T00:03:42+00:00,SOL,80.72,,,consenso
2026-07-03T00:03:42+00:00,XRP,1.0877,,,consenso
2026-07-03T00:03:42+00:00,DOGE,0.07418,,,binance
2026-07-03T00:03:42+00:00,BNB,558.72,,,binance
2026-07-03T00:04:04+00:00,BTC,61485.965,,,consenso
2026-07-03T00:04:04+00:00,ETH,1698.495,,,consenso
2026-07-03T00:04:04+00:00,SOL,80.8,,,consenso
2026-07-03T00:04:04+00:00,XRP,1.0883,,,consenso
2026-07-03T00:04:04+00:00,DOGE,0.07423,,,binance
2026-07-03T00:04:04+00:00,BNB,558.88,,,binance
2026-07-03T00:04:39+00:00,BTC,61421.505,,,consenso
2026-07-03T00:04:39+00:00,ETH,1699.035,,,consenso
2026-07-03T00:04:39+00:00,SOL,80.71,,,consenso
2026-07-03T00:04:39+00:00,XRP,1.08714,,,consenso
2026-07-03T00:04:39+00:00,DOGE,0.07421,,,binance
2026-07-03T00:04:39+00:00,BNB,558.98,,,binance
2026-07-03T00:04:41+00:00,BTC,61411.0,,,coingecko
2026-07-03T00:04:41+00:00,ETH,1698.07,,,coingecko
2026-07-03T00:04:41+00:00,SOL,80.61,,,coingecko
2026-07-03T00:04:41+00:00,XRP,1.086,,,coingecko
2026-07-03T00:04:41+00:00,DOGE,0.074067,,,coingecko
2026-07-03T00:04:41+00:00,BNB,558.18,,,coingecko
2026-07-03T00:04:41+00:00,ADA,0.16134,,,coingecko
2026-07-03T00:04:41+00:00,LINK,7.73,,,coingecko
2026-07-03T00:04:41+00:00,AVAX,6.8,,,coingecko
2026-07-03T00:04:41+00:00,DOT,0.839961,,,coingecko
2026-07-03T00:04:41+00:00,LTC,43.49,,,coingecko
2026-07-03T00:05:01+00:00,BTC,61421.505,,,consenso
2026-07-03T00:05:01+00:00,ETH,1699.035,,,consenso
2026-07-03T00:05:01+00:00,SOL,80.72,,,consenso
2026-07-03T00:05:01+00:00,XRP,1.0876,,,consenso
2026-07-03T00:05:01+00:00,DOGE,0.07418,,,binance
2026-07-03T00:05:01+00:00,BNB,558.74,,,binance
2026-07-03T00:05:24+00:00,BTC,61421.505,,,consenso
2026-07-03T00:05:24+00:00,ETH,1699.035,,,consenso
2026-07-03T00:05:24+00:00,SOL,80.68,,,consenso
2026-07-03T00:05:24+00:00,XRP,1.087,,,consenso
2026-07-03T00:05:24+00:00,DOGE,0.07416,,,binance
2026-07-03T00:05:24+00:00,BNB,558.63,,,binance
2026-07-03T00:05:46+00:00,BTC,61407.0,,,coingecko
2026-07-03T00:05:46+00:00,ETH,1698.27,,,coingecko
2026-07-03T00:05:46+00:00,SOL,80.62,,,coingecko
2026-07-03T00:05:46+00:00,XRP,1.086,,,coingecko
2026-07-03T00:05:46+00:00,DOGE,0.074094,,,coingecko
2026-07-03T00:05:46+00:00,BNB,558.14,,,coingecko
2026-07-03T00:05:46+00:00,ADA,0.161375,,,coingecko
2026-07-03T00:05:46+00:00,LINK,7.73,,,coingecko
2026-07-03T00:05:46+00:00,AVAX,6.8,,,coingecko
2026-07-03T00:05:46+00:00,DOT,0.840024,,,coingecko
2026-07-03T00:05:46+00:00,LTC,43.49,,,coingecko
2026-07-03T00:06:08+00:00,BTC,61421.505,,,consenso
2026-07-03T00:06:08+00:00,ETH,1699.035,,,consenso
2026-07-03T00:06:08+00:00,SOL,80.69,,,consenso
2026-07-03T00:06:08+00:00,XRP,1.0869,,,consenso
2026-07-03T00:06:08+00:00,DOGE,0.07418,,,binance
2026-07-03T00:06:08+00:00,BNB,558.68,,,binance
2026-07-03T00:06:32+00:00,BTC,61421.505,,,consenso
2026-07-03T00:06:32+00:00,ETH,1699.035,,,consenso
2026-07-03T00:06:32+00:00,SOL,80.74,,,consenso
2026-07-03T00:06:32+00:00,XRP,1.0869,,,consenso
2026-07-03T00:06:32+00:00,DOGE,0.0742,,,binance
2026-07-03T00:06:32+00:00,BNB,558.81,,,binance
2026-07-03T00:06:49+00:00,BTC,61390.0,,,coingecko
2026-07-03T00:06:49+00:00,ETH,1697.95,,,coingecko
2026-07-03T00:06:49+00:00,SOL,80.61,,,coingecko
2026-07-03T00:06:49+00:00,XRP,1.086,,,coingecko
2026-07-03T00:06:49+00:00,DOGE,0.074094,,,coingecko
2026-07-03T00:06:49+00:00,BNB,558.07,,,coingecko
2026-07-03T00:06:49+00:00,ADA,0.161379,,,coingecko
2026-07-03T00:06:49+00:00,LINK,7.73,,,coingecko
2026-07-03T00:06:49+00:00,AVAX,6.79,,,coingecko
2026-07-03T00:06:49+00:00,DOT,0.840102,,,coingecko
2026-07-03T00:06:49+00:00,LTC,43.49,,,coingecko
2026-07-03T00:06:53+00:00,BTC,61421.505,,,consenso
2026-07-03T00:06:53+00:00,ETH,1699.035,,,consenso
2026-07-03T00:06:53+00:00,SOL,80.66,,,consenso
2026-07-03T00:06:53+00:00,XRP,1.0865,,,consenso
2026-07-03T00:06:53+00:00,DOGE,0.07419,,,binance
2026-07-03T00:06:53+00:00,BNB,558.64,,,binance
2026-07-03T00:07:29+00:00,BTC,61421.505,,,consenso
2026-07-03T00:07:29+00:00,ETH,1699.035,,,consenso
2026-07-03T00:07:29+00:00,SOL,80.7,,,consenso
2026-07-03T00:07:29+00:00,XRP,1.0866,,,consenso
2026-07-03T00:07:29+00:00,DOGE,0.07418,,,binance
2026-07-03T00:07:29+00:00,BNB,558.63,,,binance
2026-07-03T00:07:50+00:00,BTC,61421.505,,,consenso
2026-07-03T00:07:50+00:00,ETH,1699.035,,,consenso
2026-07-03T00:07:50+00:00,SOL,80.66,,,consenso
2026-07-03T00:07:50+00:00,XRP,1.0863,,,consenso
2026-07-03T00:07:50+00:00,DOGE,0.07418,,,binance
2026-07-03T00:07:50+00:00,BNB,558.6,,,binance
2026-07-03T00:07:52+00:00,BTC,61389.0,,,coingecko
2026-07-03T00:07:52+00:00,ETH,1698.11,,,coingecko
2026-07-03T00:07:52+00:00,SOL,80.6,,,coingecko
2026-07-03T00:07:52+00:00,XRP,1.086,,,coingecko
2026-07-03T00:07:52+00:00,DOGE,0.074091,,,coingecko
2026-07-03T00:07:52+00:00,BNB,558.13,,,coingecko
2026-07-03T00:07:52+00:00,ADA,0.161306,,,coingecko
2026-07-03T00:07:52+00:00,LINK,7.73,,,coingecko
2026-07-03T00:07:52+00:00,AVAX,6.79,,,coingecko
2026-07-03T00:07:52+00:00,DOT,0.840153,,,coingecko
2026-07-03T00:07:52+00:00,LTC,43.5,,,coingecko
2026-07-03T00:08:12+00:00,BTC,61421.505,,,consenso
2026-07-03T00:08:12+00:00,ETH,1699.035,,,consenso
2026-07-03T00:08:12+00:00,SOL,80.67,,,consenso
2026-07-03T00:08:12+00:00,XRP,1.0861,,,consenso
2026-07-03T00:08:12+00:00,DOGE,0.07416,,,binance
2026-07-03T00:08:12+00:00,BNB,558.71,,,binance
2026-07-03T00:08:46+00:00,BTC,61421.505,,,consenso
2026-07-03T00:08:46+00:00,ETH,1699.035,,,consenso
2026-07-03T00:08:46+00:00,SOL,80.7,,,consenso
2026-07-03T00:08:46+00:00,XRP,1.0867,,,consenso
2026-07-03T00:08:46+00:00,DOGE,0.07418,,,binance
2026-07-03T00:08:46+00:00,BNB,558.68,,,binance
2026-07-03T00:08:55+00:00,BTC,61382.0,,,coingecko
2026-07-03T00:08:55+00:00,ETH,1697.88,,,coingecko
2026-07-03T00:08:55+00:00,SOL,80.6,,,coingecko
2026-07-03T00:08:55+00:00,XRP,1.086,,,coingecko
2026-07-03T00:08:55+00:00,DOGE,0.074088,,,coingecko
2026-07-03T00:08:55+00:00,BNB,558.07,,,coingecko
2026-07-03T00:08:55+00:00,ADA,0.16127,,,coingecko
2026-07-03T00:08:55+00:00,LINK,7.73,,,coingecko
2026-07-03T00:08:55+00:00,AVAX,6.79,,,coingecko
2026-07-03T00:08:55+00:00,DOT,0.839948,,,coingecko
2026-07-03T00:08:55+00:00,LTC,43.49,,,coingecko
2026-07-03T00:09:08+00:00,BTC,61421.505,,,consenso
2026-07-03T00:09:08+00:00,ETH,1699.035,,,consenso
2026-07-03T00:09:08+00:00,SOL,80.73,,,consenso
2026-07-03T00:09:08+00:00,XRP,1.0868,,,consenso
2026-07-03T00:09:08+00:00,DOGE,0.07419,,,binance
2026-07-03T00:09:08+00:00,BNB,558.76,,,binance
2026-07-03T00:09:29+00:00,BTC,61421.505,,,consenso
2026-07-03T00:09:29+00:00,ETH,1699.035,,,consenso
2026-07-03T00:09:29+00:00,SOL,80.68,,,consenso
2026-07-03T00:09:29+00:00,XRP,1.0865,,,consenso
2026-07-03T00:09:29+00:00,DOGE,0.07418,,,binance
2026-07-03T00:09:29+00:00,BNB,558.65,,,binance
2026-07-03T00:10:11+00:00,BTC,61330.765,,,consenso
2026-07-03T00:10:11+00:00,ETH,1696.915,,,consenso
2026-07-03T00:10:11+00:00,SOL,80.53,,,consenso
2026-07-03T00:10:11+00:00,XRP,1.08445,,,consenso
2026-07-03T00:10:11+00:00,DOGE,0.07414,,,binance
2026-07-03T00:10:11+00:00,BNB,558.28,,,binance
2026-07-03T00:10:16+00:00,BTC,61372.0,,,coingecko
2026-07-03T00:10:16+00:00,ETH,1698.02,,,coingecko
2026-07-03T00:10:16+00:00,SOL,80.6,,,coingecko
2026-07-03T00:10:16+00:00,XRP,1.086,,,coingecko
2026-07-03T00:10:16+00:00,DOGE,0.074082,,,coingecko
2026-07-03T00:10:16+00:00,BNB,558.09,,,coingecko
2026-07-03T00:10:16+00:00,ADA,0.161191,,,coingecko
2026-07-03T00:10:16+00:00,LINK,7.73,,,coingecko
2026-07-03T00:10:16+00:00,AVAX,6.79,,,coingecko
2026-07-03T00:10:16+00:00,DOT,0.839834,,,coingecko
2026-07-03T00:10:16+00:00,LTC,43.49,,,coingecko
2026-07-03T00:10:33+00:00,BTC,61330.765,,,consenso
2026-07-03T00:10:33+00:00,ETH,1696.915,,,consenso
2026-07-03T00:10:33+00:00,SOL,80.67,,,consenso
2026-07-03T00:10:33+00:00,XRP,1.0861,,,consenso
2026-07-03T00:10:33+00:00,DOGE,0.07419,,,binance
2026-07-03T00:10:33+00:00,BNB,558.44,,,binance
2026-07-03T00:10:54+00:00,BTC,61330.765,,,consenso
2026-07-03T00:10:54+00:00,ETH,1696.915,,,consenso
2026-07-03T00:10:54+00:00,SOL,80.66,,,consenso
2026-07-03T00:10:54+00:00,XRP,1.0859,,,consenso
2026-07-03T00:10:54+00:00,DOGE,0.07418,,,binance
2026-07-03T00:10:54+00:00,BNB,558.44,,,binance
2026-07-03T00:11:20+00:00,BTC,61335.0,,,coingecko
2026-07-03T00:11:20+00:00,ETH,1697.31,,,coingecko
2026-07-03T00:11:20+00:00,SOL,80.59,,,coingecko
2026-07-03T00:11:20+00:00,XRP,1.086,,,coingecko
2026-07-03T00:11:20+00:00,DOGE,0.074083,,,coingecko
2026-07-03T00:11:20+00:00,BNB,557.82,,,coingecko
2026-07-03T00:11:20+00:00,ADA,0.160978,,,coingecko
2026-07-03T00:11:20+00:00,LINK,7.73,,,coingecko
2026-07-03T00:11:20+00:00,AVAX,6.79,,,coingecko
2026-07-03T00:11:20+00:00,DOT,0.839223,,,coingecko
2026-07-03T00:11:20+00:00,LTC,43.48,,,coingecko
2026-07-03T00:11:29+00:00,BTC,61330.765,,,consenso
2026-07-03T00:11:29+00:00,ETH,1696.915,,,consenso
2026-07-03T00:11:29+00:00,SOL,80.67,,,consenso
2026-07-03T00:11:29+00:00,XRP,1.0859,,,consenso
2026-07-03T00:11:29+00:00,DOGE,0.07419,,,binance
2026-07-03T00:11:29+00:00,BNB,558.47,,,binance
2026-07-03T00:11:53+00:00,BTC,61330.765,,,consenso
2026-07-03T00:11:53+00:00,ETH,1696.915,,,consenso
2026-07-03T00:11:53+00:00,SOL,80.68,,,consenso
2026-07-03T00:11:53+00:00,XRP,1.0859,,,consenso
2026-07-03T00:11:53+00:00,DOGE,0.07419,,,binance
2026-07-03T00:11:53+00:00,BNB,558.47,,,binance
2026-07-03T00:12:15+00:00,BTC,61330.765,,,consenso
2026-07-03T00:12:15+00:00,ETH,1696.915,,,consenso
2026-07-03T00:12:15+00:00,SOL,80.7,,,consenso
2026-07-03T00:12:15+00:00,XRP,1.0861,,,consenso
2026-07-03T00:12:15+00:00,DOGE,0.0742,,,binance
2026-07-03T00:12:15+00:00,BNB,558.54,,,binance
2026-07-03T00:12:23+00:00,BTC,61329.0,,,coingecko
2026-07-03T00:12:23+00:00,ETH,1697.56,,,coingecko
2026-07-03T00:12:23+00:00,SOL,80.59,,,coingecko
2026-07-03T00:12:23+00:00,XRP,1.085,,,coingecko
2026-07-03T00:12:23+00:00,DOGE,0.074083,,,coingecko
2026-07-03T00:12:23+00:00,BNB,557.81,,,coingecko
2026-07-03T00:12:23+00:00,ADA,0.16093,,,coingecko
2026-07-03T00:12:23+00:00,LINK,7.73,,,coingecko
2026-07-03T00:12:23+00:00,AVAX,6.79,,,coingecko
2026-07-03T00:12:23+00:00,DOT,0.838687,,,coingecko
2026-07-03T00:12:23+00:00,LTC,43.47,,,coingecko
2026-07-03T00:12:49+00:00,BTC,61330.765,,,consenso
2026-07-03T00:12:49+00:00,ETH,1696.915,,,consenso
2026-07-03T00:12:49+00:00,SOL,80.71,,,consenso
2026-07-03T00:12:49+00:00,XRP,1.0866,,,consenso
2026-07-03T00:12:49+00:00,DOGE,0.0742,,,binance
2026-07-03T00:12:49+00:00,BNB,558.6,,,binance
2026-07-03T00:13:11+00:00,BTC,61330.765,,,consenso
2026-07-03T00:13:11+00:00,ETH,1696.915,,,consenso
2026-07-03T00:13:11+00:00,SOL,80.72,,,consenso
2026-07-03T00:13:11+00:00,XRP,1.0867,,,consenso
2026-07-03T00:13:11+00:00,DOGE,0.07422,,,binance
2026-07-03T00:13:11+00:00,BNB,558.71,,,binance
2026-07-03T00:13:26+00:00,BTC,61338.0,,,coingecko
2026-07-03T00:13:26+00:00,ETH,1697.78,,,coingecko
2026-07-03T00:13:26+00:00,SOL,80.59,,,coingecko
2026-07-03T00:13:26+00:00,XRP,1.085,,,coingecko
2026-07-03T00:13:26+00:00,DOGE,0.074097,,,coingecko
2026-07-03T00:13:26+00:00,BNB,557.88,,,coingecko
2026-07-03T00:13:26+00:00,ADA,0.160859,,,coingecko
2026-07-03T00:13:26+00:00,LINK,7.73,,,coingecko
2026-07-03T00:13:26+00:00,AVAX,6.79,,,coingecko
2026-07-03T00:13:26+00:00,DOT,0.8386,,,coingecko
2026-07-03T00:13:26+00:00,LTC,43.47,,,coingecko
2026-07-03T00:13:32+00:00,BTC,61330.765,,,consenso
2026-07-03T00:13:32+00:00,ETH,1696.915,,,consenso
2026-07-03T00:13:32+00:00,SOL,80.73,,,consenso
2026-07-03T00:13:32+00:00,XRP,1.0867,,,consenso
2026-07-03T00:13:32+00:00,DOGE,0.07422,,,binance
2026-07-03T00:13:32+00:00,BNB,558.58,,,binance
2026-07-03T00:14:07+00:00,BTC,61330.765,,,consenso
2026-07-03T00:14:07+00:00,ETH,1696.915,,,consenso
2026-07-03T00:14:07+00:00,SOL,80.81,,,consenso
2026-07-03T00:14:07+00:00,XRP,1.0877,,,consenso
2026-07-03T00:14:07+00:00,DOGE,0.07428,,,binance
2026-07-03T00:14:07+00:00,BNB,558.8,,,binance
2026-07-03T00:14:28+00:00,BTC,61330.765,,,consenso
2026-07-03T00:14:28+00:00,ETH,1696.915,,,consenso
2026-07-03T00:14:28+00:00,SOL,80.83,,,consenso
2026-07-03T00:14:28+00:00,XRP,1.088,,,consenso
2026-07-03T00:14:28+00:00,DOGE,0.07424,,,binance
2026-07-03T00:14:28+00:00,BNB,558.87,,,binance
2026-07-03T00:14:29+00:00,BTC,61346.0,,,coingecko
2026-07-03T00:14:29+00:00,ETH,1697.88,,,coingecko
2026-07-03T00:14:29+00:00,SOL,80.61,,,coingecko
2026-07-03T00:14:29+00:00,XRP,1.085,,,coingecko
2026-07-03T00:14:29+00:00,DOGE,0.074108,,,coingecko
2026-07-03T00:14:29+00:00,BNB,557.98,,,coingecko
2026-07-03T00:14:29+00:00,ADA,0.160861,,,coingecko
2026-07-03T00:14:29+00:00,LINK,7.73,,,coingecko
2026-07-03T00:14:29+00:00,AVAX,6.79,,,coingecko
2026-07-03T00:14:29+00:00,DOT,0.838331,,,coingecko
2026-07-03T00:14:29+00:00,LTC,43.45,,,coingecko
2026-07-03T00:14:50+00:00,BTC,61330.765,,,consenso
2026-07-03T00:14:50+00:00,ETH,1696.915,,,consenso
2026-07-03T00:14:50+00:00,SOL,80.78,,,consenso
2026-07-03T00:14:50+00:00,XRP,1.0875,,,consenso
2026-07-03T00:14:50+00:00,DOGE,0.07426,,,binance
2026-07-03T00:14:50+00:00,BNB,558.93,,,binance
2026-07-03T00:15:24+00:00,BTC,61365.775,,,consenso
2026-07-03T00:15:24+00:00,ETH,1698.915,,,consenso
2026-07-03T00:15:24+00:00,SOL,80.65,,,consenso
2026-07-03T00:15:24+00:00,XRP,1.08625,,,consenso
2026-07-03T00:15:24+00:00,DOGE,0.07421,,,binance
2026-07-03T00:15:24+00:00,BNB,558.53,,,binance
2026-07-03T00:15:32+00:00,BTC,61368.0,,,coingecko
2026-07-03T00:15:32+00:00,ETH,1698.95,,,coingecko
2026-07-03T00:15:32+00:00,SOL,80.63,,,coingecko
2026-07-03T00:15:32+00:00,XRP,1.085,,,coingecko
2026-07-03T00:15:32+00:00,DOGE,0.074124,,,coingecko
2026-07-03T00:15:32+00:00,BNB,558.12,,,coingecko
2026-07-03T00:15:32+00:00,ADA,0.160934,,,coingecko
2026-07-03T00:15:32+00:00,LINK,7.74,,,coingecko
2026-07-03T00:15:32+00:00,AVAX,6.79,,,coingecko
2026-07-03T00:15:32+00:00,DOT,0.838461,,,coingecko
2026-07-03T00:15:32+00:00,LTC,43.46,,,coingecko
2026-07-03T00:15:46+00:00,BTC,61365.775,,,consenso
2026-07-03T00:15:46+00:00,ETH,1698.915,,,consenso
2026-07-03T00:15:46+00:00,SOL,80.7,,,consenso
2026-07-03T00:15:46+00:00,XRP,1.0867,,,consenso
2026-07-03T00:15:46+00:00,DOGE,0.07417,,,binance
2026-07-03T00:15:46+00:00,BNB,558.41,,,binance
2026-07-03T00:16:08+00:00,BTC,61365.775,,,consenso
2026-07-03T00:16:08+00:00,ETH,1698.915,,,consenso
2026-07-03T00:16:08+00:00,SOL,80.73,,,consenso
2026-07-03T00:16:08+00:00,XRP,1.0868,,,consenso
2026-07-03T00:16:08+00:00,DOGE,0.07418,,,binance
2026-07-03T00:16:08+00:00,BNB,558.42,,,binance
2026-07-03T00:16:37+00:00,BTC,61345.0,,,coingecko
2026-07-03T00:16:37+00:00,ETH,1698.72,,,coingecko
2026-07-03T00:16:37+00:00,SOL,80.63,,,coingecko
2026-07-03T00:16:37+00:00,XRP,1.086,,,coingecko
2026-07-03T00:16:37+00:00,DOGE,0.074123,,,coingecko
2026-07-03T00:16:37+00:00,BNB,557.93,,,coingecko
2026-07-03T00:16:37+00:00,ADA,0.160927,,,coingecko
2026-07-03T00:16:37+00:00,LINK,7.74,,,coingecko
2026-07-03T00:16:37+00:00,AVAX,6.79,,,coingecko
2026-07-03T00:16:37+00:00,DOT,0.838459,,,coingecko
2026-07-03T00:16:37+00:00,LTC,43.45,,,coingecko
2026-07-03T00:16:44+00:00,BTC,61365.775,,,consenso
2026-07-03T00:16:44+00:00,ETH,1698.915,,,consenso
2026-07-03T00:16:44+00:00,SOL,80.73,,,consenso
2026-07-03T00:16:44+00:00,XRP,1.0867,,,consenso
2026-07-03T00:16:44+00:00,DOGE,0.07418,,,binance
2026-07-03T00:16:44+00:00,BNB,558.43,,,binance
2026-07-03T00:17:08+00:00,BTC,61365.775,,,consenso
2026-07-03T00:17:08+00:00,ETH,1698.915,,,consenso
2026-07-03T00:17:08+00:00,SOL,80.73,,,consenso
2026-07-03T00:17:08+00:00,XRP,1.0866,,,consenso
2026-07-03T00:17:08+00:00,DOGE,0.07417,,,binance
2026-07-03T00:17:08+00:00,BNB,558.42,,,binance
2026-07-03T00:17:30+00:00,BTC,61365.775,,,consenso
2026-07-03T00:17:30+00:00,ETH,1698.915,,,consenso
2026-07-03T00:17:30+00:00,SOL,80.77,,,consenso
2026-07-03T00:17:30+00:00,XRP,1.0868,,,consenso
2026-07-03T00:17:30+00:00,DOGE,0.0742,,,binance
2026-07-03T00:17:30+00:00,BNB,558.68,,,binance
2026-07-03T00:17:40+00:00,BTC,61330.0,,,coingecko
2026-07-03T00:17:40+00:00,ETH,1698.51,,,coingecko
2026-07-03T00:17:40+00:00,SOL,80.64,,,coingecko
2026-07-03T00:17:40+00:00,XRP,1.086,,,coingecko
2026-07-03T00:17:40+00:00,DOGE,0.074117,,,coingecko
2026-07-03T00:17:40+00:00,BNB,557.86,,,coingecko
2026-07-03T00:17:40+00:00,ADA,0.160917,,,coingecko
2026-07-03T00:17:40+00:00,LINK,7.74,,,coingecko
2026-07-03T00:17:40+00:00,AVAX,6.79,,,coingecko
2026-07-03T00:17:40+00:00,DOT,0.838449,,,coingecko
2026-07-03T00:17:40+00:00,LTC,43.45,,,coingecko
2026-07-03T00:18:04+00:00,BTC,61365.775,,,consenso
2026-07-03T00:18:04+00:00,ETH,1698.915,,,consenso
2026-07-03T00:18:04+00:00,SOL,80.74,,,consenso
2026-07-03T00:18:04+00:00,XRP,1.0868,,,consenso
2026-07-03T00:18:04+00:00,DOGE,0.07417,,,binance
2026-07-03T00:18:04+00:00,BNB,558.63,,,binance
2026-07-03T00:18:25+00:00,BTC,61365.775,,,consenso
2026-07-03T00:18:25+00:00,ETH,1698.915,,,consenso
2026-07-03T00:18:25+00:00,SOL,80.74,,,consenso
2026-07-03T00:18:25+00:00,XRP,1.0869,,,consenso
2026-07-03T00:18:25+00:00,DOGE,0.07416,,,binance
2026-07-03T00:18:25+00:00,BNB,558.54,,,binance
2026-07-03T00:18:43+00:00,BTC,61325.0,,,coingecko
2026-07-03T00:18:43+00:00,ETH,1698.64,,,coingecko
2026-07-03T00:18:43+00:00,SOL,80.64,,,coingecko
2026-07-03T00:18:43+00:00,XRP,1.086,,,coingecko
2026-07-03T00:18:43+00:00,DOGE,0.074114,,,coingecko
2026-07-03T00:18:43+00:00,BNB,557.92,,,coingecko
2026-07-03T00:18:43+00:00,ADA,0.160877,,,coingecko
2026-07-03T00:18:43+00:00,LINK,7.74,,,coingecko
2026-07-03T00:18:43+00:00,AVAX,6.8,,,coingecko
2026-07-03T00:18:43+00:00,DOT,0.838484,,,coingecko
2026-07-03T00:18:43+00:00,LTC,43.45,,,coingecko
2026-07-03T00:18:47+00:00,BTC,61365.775,,,consenso
2026-07-03T00:18:47+00:00,ETH,1698.915,,,consenso
2026-07-03T00:18:47+00:00,SOL,80.73,,,consenso
2026-07-03T00:18:47+00:00,XRP,1.0868,,,consenso
2026-07-03T00:18:47+00:00,DOGE,0.07417,,,binance
2026-07-03T00:18:47+00:00,BNB,558.5,,,binance
2026-07-03T00:19:22+00:00,BTC,61365.775,,,consenso
2026-07-03T00:19:22+00:00,ETH,1698.915,,,consenso
2026-07-03T00:19:22+00:00,SOL,80.66,,,consenso
2026-07-03T00:19:22+00:00,XRP,1.0862,,,consenso
2026-07-03T00:19:22+00:00,DOGE,0.07413,,,binance
2026-07-03T00:19:22+00:00,BNB,558.31,,,binance
2026-07-03T00:19:43+00:00,BTC,61365.775,,,consenso
2026-07-03T00:19:43+00:00,ETH,1698.915,,,consenso
2026-07-03T00:19:43+00:00,SOL,80.73,,,consenso
2026-07-03T00:19:43+00:00,XRP,1.0867,,,consenso
2026-07-03T00:19:43+00:00,DOGE,0.07417,,,binance
2026-07-03T00:19:43+00:00,BNB,558.54,,,binance
2026-07-03T00:19:46+00:00,BTC,61315.0,,,coingecko
2026-07-03T00:19:46+00:00,ETH,1698.28,,,coingecko
2026-07-03T00:19:46+00:00,SOL,80.64,,,coingecko
2026-07-03T00:19:46+00:00,XRP,1.085,,,coingecko
2026-07-03T00:19:46+00:00,DOGE,0.074106,,,coingecko
2026-07-03T00:19:46+00:00,BNB,557.84,,,coingecko
2026-07-03T00:19:46+00:00,ADA,0.16081,,,coingecko
2026-07-03T00:19:46+00:00,LINK,7.74,,,coingecko
2026-07-03T00:19:46+00:00,AVAX,6.79,,,coingecko
2026-07-03T00:19:46+00:00,DOT,0.83837,,,coingecko
2026-07-03T00:19:46+00:00,LTC,43.44,,,coingecko
2026-07-03T00:20:05+00:00,BTC,61365.775,,,consenso
2026-07-03T00:20:05+00:00,ETH,1698.915,,,consenso
2026-07-03T00:20:05+00:00,SOL,80.77,,,consenso
2026-07-03T00:20:05+00:00,XRP,1.0873,,,consenso
2026-07-03T00:20:05+00:00,DOGE,0.07423,,,binance
2026-07-03T00:20:05+00:00,BNB,558.27,,,binance
2026-07-03T00:20:40+00:00,BTC,61320.585,,,consenso
2026-07-03T00:20:40+00:00,ETH,1698.935,,,consenso
2026-07-03T00:20:40+00:00,SOL,80.655,,,consenso
2026-07-03T00:20:40+00:00,XRP,1.0857,,,consenso
2026-07-03T00:20:40+00:00,DOGE,0.07422,,,binance
2026-07-03T00:20:40+00:00,BNB,558.44,,,binance
2026-07-03T00:21:02+00:00,BTC,61320.585,,,consenso
2026-07-03T00:21:02+00:00,ETH,1698.935,,,consenso
2026-07-03T00:21:02+00:00,SOL,80.8,,,consenso
2026-07-03T00:21:02+00:00,XRP,1.0874,,,consenso
2026-07-03T00:21:02+00:00,DOGE,0.07428,,,binance
2026-07-03T00:21:02+00:00,BNB,558.77,,,binance
2026-07-03T00:21:23+00:00,BTC,61320.585,,,consenso
2026-07-03T00:21:23+00:00,ETH,1698.935,,,consenso
2026-07-03T00:21:23+00:00,SOL,80.79,,,consenso
2026-07-03T00:21:23+00:00,XRP,1.0872,,,consenso
2026-07-03T00:21:23+00:00,DOGE,0.07427,,,binance
2026-07-03T00:21:23+00:00,BNB,558.79,,,binance
2026-07-03T00:21:47+00:00,BTC,61354.0,,,coingecko
2026-07-03T00:21:47+00:00,ETH,1699.96,,,coingecko
2026-07-03T00:21:47+00:00,SOL,80.65,,,coingecko
2026-07-03T00:21:47+00:00,XRP,1.086,,,coingecko
2026-07-03T00:21:47+00:00,DOGE,0.074121,,,coingecko
2026-07-03T00:21:47+00:00,BNB,557.92,,,coingecko
2026-07-03T00:21:47+00:00,ADA,0.160796,,,coingecko
2026-07-03T00:21:47+00:00,LINK,7.74,,,coingecko
2026-07-03T00:21:47+00:00,AVAX,6.8,,,coingecko
2026-07-03T00:21:47+00:00,DOT,0.838377,,,coingecko
2026-07-03T00:21:47+00:00,LTC,43.44,,,coingecko
2026-07-03T00:21:57+00:00,BTC,61320.585,,,consenso
2026-07-03T00:21:57+00:00,ETH,1698.935,,,consenso
2026-07-03T00:21:57+00:00,SOL,80.67,,,consenso
2026-07-03T00:21:57+00:00,XRP,1.086,,,consenso
2026-07-03T00:21:57+00:00,DOGE,0.07417,,,binance
2026-07-03T00:21:57+00:00,BNB,558.32,,,binance
2026-07-03T00:22:21+00:00,BTC,61320.585,,,consenso
2026-07-03T00:22:21+00:00,ETH,1698.935,,,consenso
2026-07-03T00:22:21+00:00,SOL,80.74,,,consenso
2026-07-03T00:22:21+00:00,XRP,1.0862,,,consenso
2026-07-03T00:22:21+00:00,DOGE,0.0742,,,binance
2026-07-03T00:22:21+00:00,BNB,558.5,,,binance
2026-07-03T00:22:43+00:00,BTC,61320.585,,,consenso
2026-07-03T00:22:43+00:00,ETH,1698.935,,,consenso
2026-07-03T00:22:43+00:00,SOL,80.73,,,consenso
2026-07-03T00:22:43+00:00,XRP,1.0859,,,consenso
2026-07-03T00:22:43+00:00,DOGE,0.0742,,,binance
2026-07-03T00:22:43+00:00,BNB,558.34,,,binance
2026-07-03T00:22:51+00:00,BTC,61327.0,,,coingecko
2026-07-03T00:22:51+00:00,ETH,1699.11,,,coingecko
2026-07-03T00:22:51+00:00,SOL,80.65,,,coingecko
2026-07-03T00:22:51+00:00,XRP,1.086,,,coingecko
2026-07-03T00:22:51+00:00,DOGE,0.074124,,,coingecko
2026-07-03T00:22:51+00:00,BNB,557.72,,,coingecko
2026-07-03T00:22:51+00:00,ADA,0.160786,,,coingecko
2026-07-03T00:22:51+00:00,LINK,7.74,,,coingecko
2026-07-03T00:22:51+00:00,AVAX,6.8,,,coingecko
2026-07-03T00:22:51+00:00,DOT,0.838377,,,coingecko
2026-07-03T00:22:51+00:00,LTC,43.44,,,coingecko
2026-07-03T00:23:27+00:00,BTC,61320.585,,,consenso
2026-07-03T00:23:27+00:00,ETH,1698.935,,,consenso
2026-07-03T00:23:27+00:00,SOL,80.7,,,consenso
2026-07-03T00:23:27+00:00,XRP,1.0859,,,consenso
2026-07-03T00:23:27+00:00,DOGE,0.07416,,,binance
2026-07-03T00:23:27+00:00,BNB,558.21,,,binance
2026-07-03T00:23:49+00:00,BTC,61320.585,,,consenso
2026-07-03T00:23:49+00:00,ETH,1698.935,,,consenso
2026-07-03T00:23:49+00:00,SOL,80.73,,,consenso
2026-07-03T00:23:49+00:00,XRP,1.0865,,,consenso
2026-07-03T00:23:49+00:00,DOGE,0.0742,,,binance
2026-07-03T00:23:49+00:00,BNB,558.44,,,binance
2026-07-03T00:23:54+00:00,BTC,61297.0,,,coingecko
2026-07-03T00:23:54+00:00,ETH,1698.52,,,coingecko
2026-07-03T00:23:54+00:00,SOL,80.64,,,coingecko
2026-07-03T00:23:54+00:00,XRP,1.085,,,coingecko
2026-07-03T00:23:54+00:00,DOGE,0.074112,,,coingecko
2026-07-03T00:23:54+00:00,BNB,557.63,,,coingecko
2026-07-03T00:23:54+00:00,ADA,0.160818,,,coingecko
2026-07-03T00:23:54+00:00,LINK,7.74,,,coingecko
2026-07-03T00:23:54+00:00,AVAX,6.79,,,coingecko
2026-07-03T00:23:54+00:00,DOT,0.838021,,,coingecko
2026-07-03T00:23:54+00:00,LTC,43.43,,,coingecko
2026-07-03T00:24:10+00:00,BTC,61320.585,,,consenso
2026-07-03T00:24:10+00:00,ETH,1698.935,,,consenso
2026-07-03T00:24:10+00:00,SOL,80.71,,,consenso
2026-07-03T00:24:10+00:00,XRP,1.0864,,,consenso
2026-07-03T00:24:10+00:00,DOGE,0.0742,,,binance
2026-07-03T00:24:10+00:00,BNB,558.33,,,binance
2026-07-03T00:24:46+00:00,BTC,61320.585,,,consenso
2026-07-03T00:24:46+00:00,ETH,1698.935,,,consenso
2026-07-03T00:24:46+00:00,SOL,80.67,,,consenso
2026-07-03T00:24:46+00:00,XRP,1.0859,,,consenso
2026-07-03T00:24:46+00:00,DOGE,0.07415,,,binance
2026-07-03T00:24:46+00:00,BNB,558.18,,,binance
2026-07-03T00:24:57+00:00,BTC,61304.0,,,coingecko
2026-07-03T00:24:57+00:00,ETH,1698.07,,,coingecko
2026-07-03T00:24:57+00:00,SOL,80.63,,,coingecko
2026-07-03T00:24:57+00:00,XRP,1.085,,,coingecko
2026-07-03T00:24:57+00:00,DOGE,0.074106,,,coingecko
2026-07-03T00:24:57+00:00,BNB,557.71,,,coingecko
2026-07-03T00:24:57+00:00,ADA,0.160855,,,coingecko
2026-07-03T00:24:57+00:00,LINK,7.74,,,coingecko
2026-07-03T00:24:57+00:00,AVAX,6.79,,,coingecko
2026-07-03T00:24:57+00:00,DOT,0.837956,,,coingecko
2026-07-03T00:24:57+00:00,LTC,43.44,,,coingecko
2026-07-03T00:25:07+00:00,BTC,61320.585,,,consenso
2026-07-03T00:25:07+00:00,ETH,1698.935,,,consenso
2026-07-03T00:25:07+00:00,SOL,80.68,,,consenso
2026-07-03T00:25:07+00:00,XRP,1.0858,,,consenso
2026-07-03T00:25:07+00:00,DOGE,0.07414,,,binance
2026-07-03T00:25:07+00:00,BNB,558.1,,,binance
2026-07-03T00:25:29+00:00,BTC,61320.585,,,consenso
2026-07-03T00:25:29+00:00,ETH,1698.935,,,consenso
2026-07-03T00:25:29+00:00,SOL,80.7,,,consenso
2026-07-03T00:25:29+00:00,XRP,1.0858,,,consenso
2026-07-03T00:25:29+00:00,DOGE,0.07417,,,binance
2026-07-03T00:25:29+00:00,BNB,558.19,,,binance
2026-07-03T00:26:00+00:00,BTC,61298.0,,,coingecko
2026-07-03T00:26:00+00:00,ETH,1697.79,,,coingecko
2026-07-03T00:26:00+00:00,SOL,80.63,,,coingecko
2026-07-03T00:26:00+00:00,XRP,1.085,,,coingecko
2026-07-03T00:26:00+00:00,DOGE,0.074104,,,coingecko
2026-07-03T00:26:00+00:00,BNB,557.58,,,coingecko
2026-07-03T00:26:00+00:00,ADA,0.160901,,,coingecko
2026-07-03T00:26:00+00:00,LINK,7.74,,,coingecko
2026-07-03T00:26:00+00:00,AVAX,6.79,,,coingecko
2026-07-03T00:26:00+00:00,DOT,0.837953,,,coingecko
2026-07-03T00:26:00+00:00,LTC,43.44,,,coingecko
2026-07-03T00:26:04+00:00,BTC,61279.875,,,consenso
2026-07-03T00:26:04+00:00,ETH,1697.68,,,consenso
2026-07-03T00:26:04+00:00,SOL,80.59,,,consenso
2026-07-03T00:26:04+00:00,XRP,1.08465,,,consenso
2026-07-03T00:26:04+00:00,DOGE,0.07419,,,binance
2026-07-03T00:26:04+00:00,BNB,558.2,,,binance
2026-07-03T00:26:26+00:00,BTC,61279.875,,,consenso
2026-07-03T00:26:26+00:00,ETH,1697.68,,,consenso
2026-07-03T00:26:26+00:00,SOL,80.69,,,consenso
2026-07-03T00:26:26+00:00,XRP,1.0859,,,consenso
2026-07-03T00:26:26+00:00,DOGE,0.07418,,,binance
2026-07-03T00:26:26+00:00,BNB,558.17,,,binance
2026-07-03T00:26:48+00:00,BTC,61279.875,,,consenso
2026-07-03T00:26:48+00:00,ETH,1697.68,,,consenso
2026-07-03T00:26:48+00:00,SOL,80.69,,,consenso
2026-07-03T00:26:48+00:00,XRP,1.0858,,,consenso
2026-07-03T00:26:48+00:00,DOGE,0.07417,,,binance
2026-07-03T00:26:48+00:00,BNB,558.23,,,binance
2026-07-03T00:27:03+00:00,BTC,61292.0,,,coingecko
2026-07-03T00:27:03+00:00,ETH,1697.9,,,coingecko
2026-07-03T00:27:03+00:00,SOL,80.62,,,coingecko
2026-07-03T00:27:03+00:00,XRP,1.085,,,coingecko
2026-07-03T00:27:03+00:00,DOGE,0.074102,,,coingecko
2026-07-03T00:27:03+00:00,BNB,557.59,,,coingecko
2026-07-03T00:27:03+00:00,ADA,0.160982,,,coingecko
2026-07-03T00:27:03+00:00,LINK,7.73,,,coingecko
2026-07-03T00:27:03+00:00,AVAX,6.79,,,coingecko
2026-07-03T00:27:03+00:00,DOT,0.837875,,,coingecko
2026-07-03T00:27:03+00:00,LTC,43.44,,,coingecko
2026-07-03T00:27:22+00:00,BTC,61279.875,,,consenso
2026-07-03T00:27:22+00:00,ETH,1697.68,,,consenso
2026-07-03T00:27:22+00:00,SOL,80.67,,,consenso
2026-07-03T00:27:22+00:00,XRP,1.0855,,,consenso
2026-07-03T00:27:22+00:00,DOGE,0.07415,,,binance
2026-07-03T00:27:22+00:00,BNB,558.11,,,binance
2026-07-03T00:27:46+00:00,BTC,61279.875,,,consenso
2026-07-03T00:27:46+00:00,ETH,1697.68,,,consenso
2026-07-03T00:27:46+00:00,SOL,80.67,,,consenso
2026-07-03T00:27:46+00:00,XRP,1.0854,,,consenso
2026-07-03T00:27:46+00:00,DOGE,0.07415,,,binance
2026-07-03T00:27:46+00:00,BNB,558.09,,,binance
2026-07-03T00:28:07+00:00,BTC,61285.0,,,coingecko
2026-07-03T00:28:07+00:00,ETH,1697.96,,,coingecko
2026-07-03T00:28:07+00:00,SOL,80.61,,,coingecko
2026-07-03T00:28:07+00:00,XRP,1.085,,,coingecko
2026-07-03T00:28:07+00:00,DOGE,0.074102,,,coingecko
2026-07-03T00:28:07+00:00,BNB,557.57,,,coingecko
2026-07-03T00:28:07+00:00,ADA,0.160977,,,coingecko
2026-07-03T00:28:07+00:00,LINK,7.73,,,coingecko
2026-07-03T00:28:07+00:00,AVAX,6.79,,,coingecko
2026-07-03T00:28:07+00:00,DOT,0.837839,,,coingecko
2026-07-03T00:28:07+00:00,LTC,43.43,,,coingecko
2026-07-03T00:28:08+00:00,BTC,61279.875,,,consenso
2026-07-03T00:28:08+00:00,ETH,1697.68,,,consenso
2026-07-03T00:28:08+00:00,SOL,80.65,,,consenso
2026-07-03T00:28:08+00:00,XRP,1.0854,,,consenso
2026-07-03T00:28:08+00:00,DOGE,0.07413,,,binance
2026-07-03T00:28:08+00:00,BNB,557.98,,,binance
2026-07-03T00:28:43+00:00,BTC,61279.875,,,consenso
2026-07-03T00:28:43+00:00,ETH,1697.68,,,consenso
2026-07-03T00:28:43+00:00,SOL,80.69,,,consenso
2026-07-03T00:28:43+00:00,XRP,1.086,,,consenso
2026-07-03T00:28:43+00:00,DOGE,0.07416,,,binance
2026-07-03T00:28:43+00:00,BNB,557.98,,,binance
2026-07-03T00:29:04+00:00,BTC,61279.875,,,consenso
2026-07-03T00:29:04+00:00,ETH,1697.68,,,consenso
2026-07-03T00:29:04+00:00,SOL,80.66,,,consenso
2026-07-03T00:29:04+00:00,XRP,1.0858,,,consenso
2026-07-03T00:29:04+00:00,DOGE,0.07412,,,binance
2026-07-03T00:29:04+00:00,BNB,558.02,,,binance
2026-07-03T00:29:10+00:00,BTC,61268.0,,,coingecko
2026-07-03T00:29:10+00:00,ETH,1697.36,,,coingecko
2026-07-03T00:29:10+00:00,SOL,80.59,,,coingecko
2026-07-03T00:29:10+00:00,XRP,1.085,,,coingecko
2026-07-03T00:29:10+00:00,DOGE,0.074092,,,coingecko
2026-07-03T00:29:10+00:00,BNB,557.43,,,coingecko
2026-07-03T00:29:10+00:00,ADA,0.16094,,,coingecko
2026-07-03T00:29:10+00:00,LINK,7.73,,,coingecko
2026-07-03T00:29:10+00:00,AVAX,6.79,,,coingecko
2026-07-03T00:29:10+00:00,DOT,0.837724,,,coingecko
2026-07-03T00:29:10+00:00,LTC,43.42,,,coingecko
2026-07-03T00:29:27+00:00,BTC,61279.875,,,consenso
2026-07-03T00:29:27+00:00,ETH,1697.68,,,consenso
2026-07-03T00:29:27+00:00,SOL,80.63,,,consenso
2026-07-03T00:29:27+00:00,XRP,1.0853,,,consenso
2026-07-03T00:29:27+00:00,DOGE,0.0741,,,binance
2026-07-03T00:29:27+00:00,BNB,557.7,,,binance
2026-07-03T00:30:01+00:00,BTC,61279.875,,,consenso
2026-07-03T00:30:01+00:00,ETH,1697.68,,,consenso
2026-07-03T00:30:01+00:00,SOL,80.64,,,consenso
2026-07-03T00:30:01+00:00,XRP,1.0849,,,consenso
2026-07-03T00:30:01+00:00,DOGE,0.07412,,,binance
2026-07-03T00:30:01+00:00,BNB,557.55,,,binance
2026-07-03T00:30:13+00:00,BTC,61250.0,,,coingecko
2026-07-03T00:30:13+00:00,ETH,1696.39,,,coingecko
2026-07-03T00:30:13+00:00,SOL,80.58,,,coingecko
2026-07-03T00:30:13+00:00,XRP,1.085,,,coingecko
2026-07-03T00:30:13+00:00,DOGE,0.074068,,,coingecko
2026-07-03T00:30:13+00:00,BNB,557.29,,,coingecko
2026-07-03T00:30:13+00:00,ADA,0.16094,,,coingecko
2026-07-03T00:30:13+00:00,LINK,7.73,,,coingecko
2026-07-03T00:30:13+00:00,AVAX,6.79,,,coingecko
2026-07-03T00:30:13+00:00,DOT,0.837669,,,coingecko
2026-07-03T00:30:13+00:00,LTC,43.41,,,coingecko
2026-07-03T00:30:23+00:00,BTC,61279.875,,,consenso
2026-07-03T00:30:23+00:00,ETH,1697.68,,,consenso
2026-07-03T00:30:23+00:00,SOL,80.59,,,consenso
2026-07-03T00:30:23+00:00,XRP,1.0842,,,consenso
2026-07-03T00:30:23+00:00,DOGE,0.0741,,,binance
2026-07-03T00:30:23+00:00,BNB,557.4,,,binance
2026-07-03T00:30:45+00:00,BTC,61279.875,,,consenso
2026-07-03T00:30:45+00:00,ETH,1697.68,,,consenso
2026-07-03T00:30:45+00:00,SOL,80.56,,,consenso
2026-07-03T00:30:45+00:00,XRP,1.084,,,consenso
2026-07-03T00:30:45+00:00,DOGE,0.07411,,,binance
2026-07-03T00:30:45+00:00,BNB,557.24,,,binance
2026-07-03T00:31:16+00:00,BTC,61221.0,,,coingecko
2026-07-03T00:31:16+00:00,ETH,1695.68,,,coingecko
2026-07-03T00:31:16+00:00,SOL,80.57,,,coingecko
2026-07-03T00:31:16+00:00,XRP,1.084,,,coingecko
2026-07-03T00:31:16+00:00,DOGE,0.074066,,,coingecko
2026-07-03T00:31:16+00:00,BNB,557.01,,,coingecko
2026-07-03T00:31:16+00:00,ADA,0.160896,,,coingecko
2026-07-03T00:31:16+00:00,LINK,7.73,,,coingecko
2026-07-03T00:31:16+00:00,AVAX,6.79,,,coingecko
2026-07-03T00:31:16+00:00,DOT,0.837596,,,coingecko
2026-07-03T00:31:16+00:00,LTC,43.4,,,coingecko
2026-07-03T00:31:19+00:00,BTC,61188.005,,,consenso
2026-07-03T00:31:19+00:00,ETH,1693.985,,,consenso
2026-07-03T00:31:19+00:00,SOL,80.5,,,consenso
2026-07-03T00:31:19+00:00,XRP,1.08298,,,consenso
2026-07-03T00:31:19+00:00,DOGE,0.07413,,,binance
2026-07-03T00:31:19+00:00,BNB,557.24,,,binance
2026-07-03T00:31:42+00:00,BTC,61188.005,,,consenso
2026-07-03T00:31:42+00:00,ETH,1693.985,,,consenso
2026-07-03T00:31:42+00:00,SOL,80.64,,,consenso
2026-07-03T00:31:42+00:00,XRP,1.0849,,,consenso
2026-07-03T00:31:42+00:00,DOGE,0.07419,,,binance
2026-07-03T00:31:42+00:00,BNB,557.42,,,binance
2026-07-03T00:32:03+00:00,BTC,61188.005,,,consenso
2026-07-03T00:32:03+00:00,ETH,1693.985,,,consenso
2026-07-03T00:32:03+00:00,SOL,80.68,,,consenso
2026-07-03T00:32:03+00:00,XRP,1.0851,,,consenso
2026-07-03T00:32:03+00:00,DOGE,0.07418,,,binance
2026-07-03T00:32:03+00:00,BNB,557.51,,,binance
2026-07-03T00:32:38+00:00,BTC,61188.005,,,consenso
2026-07-03T00:32:38+00:00,ETH,1693.985,,,consenso
2026-07-03T00:32:38+00:00,SOL,80.71,,,consenso
2026-07-03T00:32:38+00:00,XRP,1.0851,,,consenso
2026-07-03T00:32:38+00:00,DOGE,0.07421,,,binance
2026-07-03T00:32:38+00:00,BNB,557.74,,,binance
2026-07-03T00:33:02+00:00,BTC,61188.005,,,consenso
2026-07-03T00:33:02+00:00,ETH,1693.985,,,consenso
2026-07-03T00:33:02+00:00,SOL,80.67,,,consenso
2026-07-03T00:33:02+00:00,XRP,1.085,,,consenso
2026-07-03T00:33:02+00:00,DOGE,0.0742,,,binance
2026-07-03T00:33:02+00:00,BNB,557.7,,,binance
