timestamp_utc,asset,price_usd,ws_timestamp_ms,source
2026-07-20T19:29:59.671+00:00,BTC,65103.55620860965,1784575798000,chainlink
2026-07-20T19:29:59.764+00:00,SOL,77.4960426632121,1784575798000,chainlink
2026-07-20T19:29:59.800+00:00,ETH,1895.2400427293503,1784575798000,chainlink
2026-07-20T19:29:59.900+00:00,XRP,1.1160163430786167,1784575798000,chainlink
2026-07-20T19:30:00.456+00:00,BTC,65103.56284214193,1784575799000,chainlink
2026-07-20T19:30:00.488+00:00,SOL,77.49605515479216,1784575799000,chainlink
2026-07-20T19:30:00.603+00:00,ETH,1895.2561957686435,1784575799000,chainlink
2026-07-20T19:30:00.686+00:00,XRP,1.1160170456625091,1784575799000,chainlink
2026-07-20T19:30:01.202+00:00,BTC,65103.580135555356,1784575800000,chainlink
2026-07-20T19:30:01.225+00:00,ETH,1895.255173892167,1784575800000,chainlink
2026-07-20T19:30:01.334+00:00,SOL,77.49617681992385,1784575800000,chainlink
2026-07-20T19:30:01.512+00:00,XRP,1.1160186455530865,1784575800000,chainlink
2026-07-20T19:30:02.572+00:00,BTC,65101.438295,1784575801000,chainlink
2026-07-20T19:30:02.581+00:00,SOL,77.49204444439727,1784575801000,chainlink
2026-07-20T19:30:02.669+00:00,ETH,1895.237946788119,1784575801000,chainlink
2026-07-20T19:30:02.747+00:00,XRP,1.115915656664819,1784575801000,chainlink
2026-07-20T19:30:03.378+00:00,SOL,77.49320047355897,1784575802000,chainlink
2026-07-20T19:30:03.458+00:00,ETH,1895.316646320482,1784575802000,chainlink
2026-07-20T19:30:03.577+00:00,XRP,1.1158843156726852,1784575802000,chainlink
2026-07-20T19:30:03.617+00:00,BTC,65100.51280994079,1784575802000,chainlink
2026-07-20T19:30:03.907+00:00,SOL,77.48692127216665,1784575803000,chainlink
2026-07-20T19:30:03.914+00:00,BTC,65100.59266230066,1784575803000,chainlink
2026-07-20T19:30:04.025+00:00,ETH,1895.333994891969,1784575803000,chainlink
2026-07-20T19:30:04.103+00:00,XRP,1.1158763971334182,1784575803000,chainlink
2026-07-20T19:30:05.016+00:00,SOL,77.48342951455685,1784575804000,chainlink
2026-07-20T19:30:05.079+00:00,ETH,1895.1873800712908,1784575804000,chainlink
2026-07-20T19:30:05.182+00:00,XRP,1.1158141955735834,1784575804000,chainlink
2026-07-20T19:30:05.279+00:00,BTC,65100.65974506701,1784575804000,chainlink
2026-07-20T19:30:05.983+00:00,SOL,77.49571842092438,1784575805000,chainlink
2026-07-20T19:30:06.048+00:00,ETH,1895.3614840782925,1784575805000,chainlink
2026-07-20T19:30:06.195+00:00,XRP,1.1159249936347615,1784575805000,chainlink
2026-07-20T19:30:06.312+00:00,BTC,65105.537895,1784575805000,chainlink
2026-07-20T19:30:07.219+00:00,SOL,77.49606043810812,1784575806000,chainlink
2026-07-20T19:30:07.285+00:00,ETH,1895.419225141289,1784575806000,chainlink
2026-07-20T19:30:07.377+00:00,XRP,1.1159519210369695,1784575806000,chainlink
2026-07-20T19:30:07.528+00:00,BTC,65106.679087526485,1784575806000,chainlink
2026-07-20T19:30:08.371+00:00,ETH,1895.44320365689,1784575807000,chainlink
2026-07-20T19:30:08.451+00:00,XRP,1.115953199575606,1784575807000,chainlink
2026-07-20T19:30:08.484+00:00,SOL,77.49602156162892,1784575807000,chainlink
2026-07-20T19:30:08.529+00:00,BTC,65107.180515,1784575807000,chainlink
2026-07-20T19:30:09.198+00:00,SOL,77.48699909726834,1784575808000,chainlink
2026-07-20T19:30:09.383+00:00,ETH,1895.3092,1784575808000,chainlink
2026-07-20T19:30:09.388+00:00,XRP,1.1158358,1784575808000,chainlink
2026-07-20T19:30:09.489+00:00,BTC,65107.11807921158,1784575808000,chainlink
2026-07-20T19:30:10.259+00:00,SOL,77.46899881917258,1784575809000,chainlink
2026-07-20T19:30:10.277+00:00,ETH,1895.0787705625623,1784575809000,chainlink
2026-07-20T19:30:10.436+00:00,XRP,1.1156851282499163,1784575809000,chainlink
2026-07-20T19:30:10.488+00:00,BTC,65098.90978906771,1784575809000,chainlink
2026-07-20T19:30:11.314+00:00,ETH,1895.0434299945184,1784575810000,chainlink
2026-07-20T19:30:11.408+00:00,XRP,1.115682789704309,1784575810000,chainlink
2026-07-20T19:30:11.477+00:00,SOL,77.46519450312792,1784575810000,chainlink
2026-07-20T19:30:11.510+00:00,BTC,65099.10751987151,1784575810000,chainlink
2026-07-20T19:30:12.003+00:00,ETH,1895.0371802380334,1784575811000,chainlink
2026-07-20T19:30:12.133+00:00,XRP,1.1156855573211113,1784575811000,chainlink
2026-07-20T19:30:12.148+00:00,SOL,77.46548010892559,1784575811000,chainlink
2026-07-20T19:30:12.242+00:00,BTC,65099.17026534153,1784575811000,chainlink
2026-07-20T19:30:12.974+00:00,ETH,1895.0674400306013,1784575812000,chainlink
2026-07-20T19:30:13.023+00:00,XRP,1.1156432488104373,1784575812000,chainlink
2026-07-20T19:31:18.766+00:00,SOL,77.36124932616696,1784575877000,chainlink
2026-07-20T19:31:18.868+00:00,ETH,1893.3616161534048,1784575877000,chainlink
2026-07-20T19:31:18.927+00:00,XRP,1.1150529560676854,1784575877000,chainlink
2026-07-20T19:31:18.940+00:00,BTC,65048.5541578062,1784575877000,chainlink
2026-07-20T19:31:19.370+00:00,SOL,77.35889205436287,1784575878000,chainlink
2026-07-20T19:31:19.381+00:00,ETH,1893.3812176674367,1784575878000,chainlink
2026-07-20T19:31:19.408+00:00,XRP,1.1150529560676854,1784575878000,chainlink
2026-07-20T19:31:19.592+00:00,BTC,65051.04898699825,1784575878000,chainlink
2026-07-20T19:31:20.320+00:00,ETH,1893.302538449492,1784575879000,chainlink
2026-07-20T19:31:20.410+00:00,XRP,1.1150594145836163,1784575879000,chainlink
2026-07-20T19:31:20.462+00:00,BTC,65051.14907155231,1784575879000,chainlink
2026-07-20T19:31:20.541+00:00,SOL,77.35853480128992,1784575879000,chainlink
2026-07-20T19:31:21.297+00:00,ETH,1893.31555,1784575880000,chainlink
2026-07-20T19:31:21.354+00:00,XRP,1.1150607460060655,1784575880000,chainlink
2026-07-20T19:31:21.441+00:00,BTC,65051.15275444226,1784575880000,chainlink
2026-07-20T19:31:21.482+00:00,SOL,77.35967191336273,1784575880000,chainlink
2026-07-20T19:31:22.208+00:00,ETH,1893.2279753603,1784575881000,chainlink
2026-07-20T19:31:22.294+00:00,XRP,1.1150256281711202,1784575881000,chainlink
2026-07-20T19:31:22.351+00:00,BTC,65047.01007826575,1784575881000,chainlink
2026-07-20T19:31:22.370+00:00,SOL,77.35136817586685,1784575881000,chainlink
2026-07-20T19:31:23.137+00:00,ETH,1893.170236004588,1784575882000,chainlink
2026-07-20T19:31:23.227+00:00,XRP,1.1149672068907492,1784575882000,chainlink
2026-07-20T19:31:23.327+00:00,BTC,65046.53385992868,1784575882000,chainlink
2026-07-20T19:31:23.389+00:00,SOL,77.34469665642769,1784575882000,chainlink
2026-07-20T19:31:24.098+00:00,ETH,1893.0247874244887,1784575883000,chainlink
2026-07-20T19:31:24.193+00:00,XRP,1.114839897824681,1784575883000,chainlink
2026-07-20T19:31:24.274+00:00,BTC,65043.37165639053,1784575883000,chainlink
2026-07-20T19:31:24.297+00:00,SOL,77.34014163689295,1784575883000,chainlink
2026-07-20T19:31:24.991+00:00,ETH,1892.8894570001753,1784575884000,chainlink
2026-07-20T19:31:25.091+00:00,XRP,1.1147263812686856,1784575884000,chainlink
2026-07-20T19:31:25.115+00:00,BTC,65039.35316890963,1784575884000,chainlink
2026-07-20T19:31:25.159+00:00,SOL,77.3380535136725,1784575884000,chainlink
2026-07-20T19:31:26.027+00:00,ETH,1892.950498457479,1784575885000,chainlink
2026-07-20T19:31:26.085+00:00,XRP,1.1147481384420102,1784575885000,chainlink
2026-07-20T19:31:26.184+00:00,BTC,65038.979105128856,1784575885000,chainlink
2026-07-20T19:31:26.210+00:00,SOL,77.3387511141128,1784575885000,chainlink
2026-07-20T19:31:26.970+00:00,ETH,1893.0323449025984,1784575886000,chainlink
2026-07-20T19:31:27.125+00:00,XRP,1.1151666368262083,1784575886000,chainlink
2026-07-20T19:31:27.125+00:00,BTC,65038.98191132577,1784575886000,chainlink
2026-07-20T19:31:27.149+00:00,SOL,77.34419740683471,1784575886000,chainlink
2026-07-20T19:31:28.037+00:00,ETH,1893.1250333830549,1784575887000,chainlink
2026-07-20T19:31:28.159+00:00,XRP,1.1151745512203677,1784575887000,chainlink
2026-07-20T19:31:28.208+00:00,BTC,65038.988096899695,1784575887000,chainlink
2026-07-20T19:31:28.243+00:00,SOL,77.34720991916218,1784575887000,chainlink
2026-07-20T19:31:28.973+00:00,ETH,1893.1450333830549,1784575888000,chainlink
2026-07-20T19:31:29.109+00:00,XRP,1.1151876728831724,1784575888000,chainlink
2026-07-20T19:31:29.169+00:00,SOL,77.34740294772926,1784575888000,chainlink
2026-07-20T19:31:29.216+00:00,BTC,65038.99123701927,1784575888000,chainlink
2026-07-20T19:31:29.943+00:00,ETH,1893.1011474603936,1784575889000,chainlink
2026-07-20T19:31:30.017+00:00,XRP,1.1152504377026573,1784575889000,chainlink
2026-07-20T19:31:30.089+00:00,SOL,77.34585362226288,1784575889000,chainlink
2026-07-20T19:31:30.091+00:00,BTC,65039.31405473745,1784575889000,chainlink
2026-07-20T19:31:31.520+00:00,ETH,1893.0057552572932,1784575890000,chainlink
2026-07-20T19:31:31.646+00:00,XRP,1.1152501937927393,1784575890000,chainlink
2026-07-20T19:31:31.682+00:00,BTC,65036.80106158472,1784575890000,chainlink
2026-07-20T19:31:31.759+00:00,SOL,77.3412659999492,1784575890000,chainlink
2026-07-20T19:31:32.156+00:00,ETH,1893.008100046562,1784575891000,chainlink
2026-07-20T19:31:32.265+00:00,XRP,1.115281578530382,1784575891000,chainlink
2026-07-20T19:31:32.303+00:00,BTC,65036.917780585776,1784575891000,chainlink
2026-07-20T19:31:32.309+00:00,SOL,77.34383186674931,1784575891000,chainlink
2026-07-20T19:31:33.454+00:00,ETH,1893.1598378035483,1784575892000,chainlink
2026-07-20T19:31:33.571+00:00,XRP,1.1153600179292236,1784575892000,chainlink
2026-07-20T19:31:33.615+00:00,BTC,65037.00433494326,1784575892000,chainlink
2026-07-20T19:31:33.672+00:00,SOL,77.35154424297696,1784575892000,chainlink
2026-07-20T19:31:33.963+00:00,ETH,1893.1598378035483,1784575893000,chainlink
2026-07-20T19:31:34.002+00:00,XRP,1.1153600179292236,1784575893000,chainlink
2026-07-20T19:31:34.070+00:00,BTC,65036.9979827873,1784575893000,chainlink
2026-07-20T19:31:34.110+00:00,SOL,77.35139165695018,1784575893000,chainlink
2026-07-20T19:31:34.951+00:00,ETH,1893.1475398991602,1784575894000,chainlink
2026-07-20T19:31:35.068+00:00,XRP,1.115334000780883,1784575894000,chainlink
2026-07-20T19:31:35.148+00:00,BTC,65037.005207787304,1784575894000,chainlink
2026-07-20T19:31:35.172+00:00,SOL,77.34941078011443,1784575894000,chainlink
2026-07-20T19:31:36.025+00:00,ETH,1893.1493350199073,1784575895000,chainlink
2026-07-20T19:31:36.108+00:00,XRP,1.115341575110663,1784575895000,chainlink
2026-07-20T19:31:36.224+00:00,SOL,77.35092385446357,1784575895000,chainlink
2026-07-20T19:31:36.226+00:00,BTC,65036.86196,1784575895000,chainlink
2026-07-20T19:31:37.318+00:00,ETH,1893.1392735946745,1784575896000,chainlink
2026-07-20T19:31:37.373+00:00,XRP,1.1153339975926106,1784575896000,chainlink
2026-07-20T19:31:37.401+00:00,BTC,65036.80575,1784575896000,chainlink
2026-07-20T19:31:37.436+00:00,SOL,77.35092332458287,1784575896000,chainlink
2026-07-20T19:31:38.393+00:00,ETH,1893.1545937811377,1784575897000,chainlink
2026-07-20T19:31:38.414+00:00,XRP,1.1153376817899396,1784575897000,chainlink
2026-07-20T19:31:38.482+00:00,BTC,65036.789675,1784575897000,chainlink
2026-07-20T19:31:38.488+00:00,SOL,77.35099563811154,1784575897000,chainlink
2026-07-20T19:31:38.984+00:00,ETH,1893.1459831509653,1784575898000,chainlink
2026-07-20T19:31:39.037+00:00,XRP,1.1153398954037592,1784575898000,chainlink
2026-07-20T19:31:39.068+00:00,BTC,65036.649015,1784575898000,chainlink
2026-07-20T19:31:39.134+00:00,SOL,77.35095025442143,1784575898000,chainlink
2026-07-20T19:31:40.285+00:00,ETH,1893.154809437637,1784575899000,chainlink
2026-07-20T19:31:40.359+00:00,XRP,1.1153485687287352,1784575899000,chainlink
2026-07-20T19:31:40.409+00:00,BTC,65037.16775,1784575899000,chainlink
2026-07-20T19:31:40.431+00:00,SOL,77.35154864280416,1784575899000,chainlink
2026-07-20T19:31:41.403+00:00,ETH,1893.1456303775544,1784575900000,chainlink
2026-07-20T19:31:41.563+00:00,XRP,1.1153437617399955,1784575900000,chainlink
2026-07-20T19:31:41.593+00:00,SOL,77.35140632652141,1784575900000,chainlink
2026-07-20T19:31:41.642+00:00,BTC,65037.16478,1784575900000,chainlink
2026-07-20T19:31:42.089+00:00,ETH,1893.12294406203,1784575901000,chainlink
2026-07-20T19:31:42.192+00:00,XRP,1.1153433970157238,1784575901000,chainlink
2026-07-20T19:31:42.248+00:00,BTC,65037.167015,1784575901000,chainlink
2026-07-20T19:31:42.289+00:00,SOL,77.34732717544459,1784575901000,chainlink
2026-07-20T19:31:43.518+00:00,XRP,1.1153435174783546,1784575902000,chainlink
2026-07-20T19:31:43.623+00:00,BTC,65037.14627,1784575902000,chainlink
2026-07-20T19:31:43.654+00:00,SOL,77.34730019334016,1784575902000,chainlink
2026-07-20T19:31:43.738+00:00,ETH,1893.1307207650266,1784575902000,chainlink
2026-07-20T19:31:44.141+00:00,XRP,1.1153435174783546,1784575903000,chainlink
2026-07-20T19:31:44.230+00:00,BTC,65037.15029,1784575903000,chainlink
2026-07-20T19:31:44.237+00:00,SOL,77.34730269334015,1784575903000,chainlink
2026-07-20T19:31:44.314+00:00,ETH,1893.1204282576462,1784575903000,chainlink
2026-07-20T19:31:45.394+00:00,XRP,1.11534283666783,1784575904000,chainlink
2026-07-20T19:31:45.472+00:00,BTC,65037.14752,1784575904000,chainlink
2026-07-20T19:31:45.517+00:00,SOL,77.34702059581242,1784575904000,chainlink
2026-07-20T19:31:45.598+00:00,ETH,1893.1227469124144,1784575904000,chainlink
2026-07-20T19:31:46.062+00:00,XRP,1.1153428322182208,1784575905000,chainlink
2026-07-20T19:31:46.101+00:00,BTC,65037.15592465402,1784575905000,chainlink
2026-07-20T19:31:46.203+00:00,SOL,77.34707666633334,1784575905000,chainlink
2026-07-20T19:31:46.318+00:00,ETH,1893.1195901682179,1784575905000,chainlink
2026-07-20T19:31:47.333+00:00,XRP,1.1153449770017205,1784575906000,chainlink
2026-07-20T19:31:47.422+00:00,BTC,65037.16384212926,1784575906000,chainlink
2026-07-20T19:31:47.467+00:00,SOL,77.34603025540385,1784575906000,chainlink
2026-07-20T19:31:47.582+00:00,ETH,1893.1094697269511,1784575906000,chainlink
2026-07-20T19:31:48.373+00:00,XRP,1.1153431187617762,1784575907000,chainlink
2026-07-20T19:31:48.431+00:00,BTC,65037.18332,1784575907000,chainlink
2026-07-20T19:31:48.442+00:00,SOL,77.34607570792812,1784575907000,chainlink
2026-07-20T19:31:48.484+00:00,ETH,1893.1133581028594,1784575907000,chainlink
2026-07-20T19:31:49.351+00:00,XRP,1.1153741854934152,1784575908000,chainlink
2026-07-20T19:31:49.398+00:00,BTC,65037.921215704824,1784575908000,chainlink
2026-07-20T19:31:49.456+00:00,SOL,77.34855906396882,1784575908000,chainlink
2026-07-20T19:31:49.602+00:00,ETH,1893.14715,1784575908000,chainlink
2026-07-20T19:31:50.285+00:00,XRP,1.1153712438841217,1784575909000,chainlink
2026-07-20T19:31:50.356+00:00,BTC,65037.92728785123,1784575909000,chainlink
2026-07-20T19:31:50.373+00:00,SOL,77.34836445230896,1784575909000,chainlink
2026-07-20T19:31:50.517+00:00,ETH,1893.148120434986,1784575909000,chainlink
2026-07-20T19:31:51.300+00:00,XRP,1.1153731233801327,1784575910000,chainlink
2026-07-20T19:31:51.352+00:00,BTC,65037.849715,1784575910000,chainlink
2026-07-20T19:31:51.393+00:00,SOL,77.34857641245176,1784575910000,chainlink
2026-07-20T19:31:51.509+00:00,ETH,1893.064371876443,1784575910000,chainlink
2026-07-20T19:31:52.394+00:00,XRP,1.1153678926634691,1784575911000,chainlink
2026-07-20T19:31:52.532+00:00,BTC,65037.85652,1784575911000,chainlink
2026-07-20T19:31:52.571+00:00,SOL,77.34834805337202,1784575911000,chainlink
2026-07-20T19:31:52.634+00:00,ETH,1893.048269486912,1784575911000,chainlink
2026-07-20T19:31:53.064+00:00,XRP,1.1153686440321957,1784575912000,chainlink
2026-07-20T19:31:53.097+00:00,BTC,65037.881445,1784575912000,chainlink
2026-07-20T19:31:53.174+00:00,SOL,77.34824341055959,1784575912000,chainlink
2026-07-20T19:31:53.269+00:00,ETH,1893.048269486912,1784575912000,chainlink
2026-07-20T19:31:54.099+00:00,BTC,65037.93095,1784575913000,chainlink
2026-07-20T19:31:54.099+00:00,XRP,1.1153657755209263,1784575913000,chainlink
2026-07-20T19:31:54.177+00:00,SOL,77.34782016095559,1784575913000,chainlink
2026-07-20T19:31:54.246+00:00,ETH,1893.0482927936082,1784575913000,chainlink
2026-07-20T19:31:55.101+00:00,XRP,1.1154627054098356,1784575914000,chainlink
2026-07-20T19:31:55.101+00:00,BTC,65039.262,1784575914000,chainlink
2026-07-20T19:31:55.176+00:00,SOL,77.35342905048613,1784575914000,chainlink
2026-07-20T19:31:55.353+00:00,ETH,1893.1236915871727,1784575914000,chainlink
2026-07-20T19:31:56.124+00:00,XRP,1.11551645,1784575915000,chainlink
2026-07-20T19:31:56.142+00:00,BTC,65046.19217,1784575915000,chainlink
2026-07-20T19:31:56.218+00:00,SOL,77.36270942027414,1784575915000,chainlink
2026-07-20T19:31:56.229+00:00,ETH,1893.413977133099,1784575915000,chainlink
2026-07-20T19:31:57.125+00:00,XRP,1.1154495678532221,1784575916000,chainlink
2026-07-20T19:31:57.229+00:00,BTC,65046.45917,1784575916000,chainlink
2026-07-20T19:31:57.271+00:00,SOL,77.36277246348612,1784575916000,chainlink
2026-07-20T19:31:57.326+00:00,ETH,1893.4107865629014,1784575916000,chainlink
2026-07-20T19:31:58.172+00:00,BTC,65046.55327171763,1784575917000,chainlink
2026-07-20T19:31:58.203+00:00,XRP,1.1154395797478083,1784575917000,chainlink
2026-07-20T19:31:58.240+00:00,SOL,77.36289694882446,1784575917000,chainlink
2026-07-20T19:31:58.329+00:00,ETH,1893.3882880128233,1784575917000,chainlink
2026-07-20T19:31:59.179+00:00,BTC,65046.621920244266,1784575918000,chainlink
2026-07-20T19:31:59.196+00:00,XRP,1.1154339815994025,1784575918000,chainlink
2026-07-20T19:31:59.237+00:00,SOL,77.36255081725933,1784575918000,chainlink
2026-07-20T19:31:59.407+00:00,ETH,1893.3003358169412,1784575918000,chainlink
2026-07-20T19:32:00.398+00:00,XRP,1.1154313450785924,1784575919000,chainlink
2026-07-20T19:32:00.409+00:00,BTC,65046.62321800374,1784575919000,chainlink
2026-07-20T19:32:00.498+00:00,SOL,77.36251861536061,1784575919000,chainlink
2026-07-20T19:32:00.542+00:00,ETH,1893.2931374054494,1784575919000,chainlink
2026-07-20T19:32:01.445+00:00,XRP,1.1154311441766502,1784575920000,chainlink
2026-07-20T19:32:01.490+00:00,BTC,65046.619545115886,1784575920000,chainlink
2026-07-20T19:32:01.564+00:00,SOL,77.36253272430422,1784575920000,chainlink
2026-07-20T19:32:01.639+00:00,ETH,1893.266087846547,1784575920000,chainlink
2026-07-20T19:32:02.088+00:00,BTC,65046.618969220406,1784575921000,chainlink
2026-07-20T19:32:02.099+00:00,XRP,1.1154286961002886,1784575921000,chainlink
2026-07-20T19:32:02.200+00:00,SOL,77.36251127495916,1784575921000,chainlink
2026-07-20T19:32:02.206+00:00,ETH,1893.2360637598235,1784575921000,chainlink
2026-07-20T19:32:03.763+00:00,XRP,1.115304780451019,1784575922000,chainlink
2026-07-20T19:32:03.812+00:00,BTC,65046.60600515604,1784575922000,chainlink
2026-07-20T19:32:03.854+00:00,SOL,77.34694559667649,1784575922000,chainlink
2026-07-20T19:32:03.962+00:00,ETH,1893.117317048559,1784575922000,chainlink
2026-07-20T19:32:04.658+00:00,XRP,1.1152966329919953,1784575923000,chainlink
2026-07-20T19:32:04.678+00:00,SOL,77.34619521014336,1784575923000,chainlink
2026-07-20T19:32:04.699+00:00,BTC,65046.60898681501,1784575923000,chainlink
2026-07-20T19:32:04.756+00:00,ETH,1893.050625995583,1784575923000,chainlink
2026-07-20T19:32:05.513+00:00,XRP,1.1153315483844874,1784575924000,chainlink
2026-07-20T19:32:05.527+00:00,BTC,65047.758569185666,1784575924000,chainlink
2026-07-20T19:32:05.625+00:00,SOL,77.35973544943056,1784575924000,chainlink
2026-07-20T19:32:05.689+00:00,ETH,1893.2114911634462,1784575924000,chainlink
2026-07-20T19:32:06.184+00:00,BTC,65049.03350813908,1784575925000,chainlink
2026-07-20T19:32:06.190+00:00,XRP,1.1153396983844874,1784575925000,chainlink
2026-07-20T19:32:06.263+00:00,SOL,77.36152117677265,1784575925000,chainlink
2026-07-20T19:32:06.263+00:00,ETH,1893.312414554911,1784575925000,chainlink
2026-07-20T19:32:07.544+00:00,XRP,1.115350240257049,1784575926000,chainlink
2026-07-20T19:32:07.638+00:00,BTC,65050.03482020482,1784575926000,chainlink
2026-07-20T19:32:07.689+00:00,SOL,77.36121770189666,1784575926000,chainlink
2026-07-20T19:32:07.801+00:00,ETH,1893.3552710689828,1784575926000,chainlink
2026-07-20T19:32:08.267+00:00,BTC,65050.03169838276,1784575927000,chainlink
2026-07-20T19:32:08.268+00:00,XRP,1.1153451090465225,1784575927000,chainlink
2026-07-20T19:32:08.372+00:00,SOL,77.36191535434874,1784575927000,chainlink
2026-07-20T19:32:08.412+00:00,ETH,1893.3703069195094,1784575927000,chainlink
2026-07-20T19:32:09.768+00:00,XRP,1.1153285068643388,1784575928000,chainlink
2026-07-20T19:32:09.823+00:00,BTC,65049.722384155204,1784575928000,chainlink
2026-07-20T19:32:09.825+00:00,SOL,77.36183869946089,1784575928000,chainlink
2026-07-20T19:32:09.906+00:00,ETH,1893.4070289648214,1784575928000,chainlink
2026-07-20T19:32:10.628+00:00,XRP,1.115327688122897,1784575929000,chainlink
2026-07-20T19:32:10.720+00:00,BTC,65049.05074630642,1784575929000,chainlink
2026-07-20T19:32:10.771+00:00,SOL,77.36071971027182,1784575929000,chainlink
2026-07-20T19:32:10.819+00:00,ETH,1893.4799179591455,1784575929000,chainlink
2026-07-20T19:32:11.519+00:00,XRP,1.11550335,1784575930000,chainlink
2026-07-20T19:32:11.609+00:00,BTC,65049.431007737185,1784575930000,chainlink
2026-07-20T19:32:11.625+00:00,SOL,77.36131690798678,1784575930000,chainlink
2026-07-20T19:32:11.767+00:00,ETH,1893.4968413898387,1784575930000,chainlink
2026-07-20T19:32:12.419+00:00,XRP,1.1156086444493512,1784575931000,chainlink
2026-07-20T19:32:12.465+00:00,BTC,65050.14800526677,1784575931000,chainlink
2026-07-20T19:32:12.535+00:00,SOL,77.36266957539485,1784575931000,chainlink
2026-07-20T19:32:12.645+00:00,ETH,1893.5517752347405,1784575931000,chainlink
2026-07-20T19:32:13.335+00:00,XRP,1.1156170264425036,1784575932000,chainlink
2026-07-20T19:32:13.424+00:00,SOL,77.36250046761427,1784575932000,chainlink
2026-07-20T19:32:13.442+00:00,BTC,65050.14800526677,1784575932000,chainlink
2026-07-20T19:32:13.529+00:00,ETH,1893.54,1784575932000,chainlink
2026-07-20T19:32:14.009+00:00,XRP,1.1156149240554611,1784575933000,chainlink
2026-07-20T19:32:14.049+00:00,BTC,65050.14441450616,1784575933000,chainlink
2026-07-20T19:32:14.169+00:00,SOL,77.36249659852739,1784575933000,chainlink
2026-07-20T19:32:14.241+00:00,ETH,1893.542510032963,1784575933000,chainlink
2026-07-20T19:32:15.581+00:00,BTC,65050.145035795955,1784575934000,chainlink
2026-07-20T19:32:15.581+00:00,SOL,77.37901290739094,1784575934000,chainlink
2026-07-20T19:32:15.747+00:00,ETH,1893.7017,1784575934000,chainlink
2026-07-20T19:32:15.774+00:00,XRP,1.115631959709126,1784575934000,chainlink
2026-07-20T19:32:16.518+00:00,XRP,1.1156244165133538,1784575935000,chainlink
2026-07-20T19:32:16.560+00:00,SOL,77.38154577339505,1784575935000,chainlink
2026-07-20T19:32:16.583+00:00,BTC,65050.125327495356,1784575935000,chainlink
2026-07-20T19:32:16.649+00:00,ETH,1893.8358,1784575935000,chainlink
2026-07-20T19:32:17.469+00:00,BTC,65049.3299838227,1784575936000,chainlink
2026-07-20T19:32:17.588+00:00,ETH,1893.659465,1784575936000,chainlink
2026-07-20T19:32:17.609+00:00,SOL,77.375878,1784575936000,chainlink
2026-07-20T19:32:17.679+00:00,XRP,1.1156121937046655,1784575936000,chainlink
2026-07-20T19:32:18.076+00:00,BTC,65046.47950086959,1784575937000,chainlink
2026-07-20T19:32:18.123+00:00,SOL,77.37451685324965,1784575937000,chainlink
2026-07-20T19:32:18.300+00:00,ETH,1893.574722445852,1784575937000,chainlink
2026-07-20T19:32:18.314+00:00,XRP,1.1155913175973446,1784575937000,chainlink
2026-07-20T19:32:19.507+00:00,BTC,65045.94889400504,1784575938000,chainlink
2026-07-20T19:32:19.634+00:00,SOL,77.3723504216466,1784575938000,chainlink
2026-07-20T19:32:19.688+00:00,ETH,1893.4779695527504,1784575938000,chainlink
2026-07-20T19:32:19.745+00:00,XRP,1.1155703154241225,1784575938000,chainlink
