timestamp_utc,ticker,floor_strike,yes_bid,yes_ask,last_price,volume,open_time,close_time
2026-09-06T00:00:00.002+00:00,KXBTC15M-26SEP052000-00,79827.94,0.9990,1.0000,0.9990,2659926.46,2026-09-05T23:45:00Z,2026-09-06T00:00:00Z
2026-09-06T00:00:02.419+00:00,KXBTC15M-26SEP052000-00,79827.94,0.9990,1.0000,0.9990,2659926.46,2026-09-05T23:45:00Z,2026-09-06T00:00:00Z
2026-09-06T00:00:04.971+00:00,KXBTC15M-26SEP052000-00,79827.94,0.9990,1.0000,0.9990,2659926.46,2026-09-05T23:45:00Z,2026-09-06T00:00:00Z
2026-09-06T00:00:07.216+00:00,KXBTC15M-26SEP052000-00,79827.94,0.9990,1.0000,0.9990,2659926.46,2026-09-05T23:45:00Z,2026-09-06T00:00:00Z
2026-09-06T00:00:09.854+00:00,KXBTC15M-26SEP052000-00,79827.94,0.0000,1.0000,0.9990,2679480.52,2026-09-05T23:45:00Z,2026-09-06T00:00:00Z
2026-09-06T00:00:13.202+00:00,KXBTC15M-26SEP052000-00,79827.94,0.0000,1.0000,0.9990,2679480.52,2026-09-05T23:45:00Z,2026-09-06T00:00:00Z
2026-09-06T00:00:15.383+00:00,KXBTC15M-26SEP052000-00,79827.94,0.0000,1.0000,0.9990,2679480.52,2026-09-05T23:45:00Z,2026-09-06T00:00:00Z
2026-09-06T00:00:17.849+00:00,KXBTC15M-26SEP052000-00,79827.94,0.0000,1.0000,0.9990,2679480.52,2026-09-05T23:45:00Z,2026-09-06T00:00:00Z
2026-09-06T00:00:20.084+00:00,KXBTC15M-26SEP052000-00,79827.94,0.0000,1.0000,0.9990,2679480.52,2026-09-05T23:45:00Z,2026-09-06T00:00:00Z
2026-09-06T00:00:22.332+00:00,KXBTC15M-26SEP052000-00,79827.94,0.0000,1.0000,0.9990,2679480.52,2026-09-05T23:45:00Z,2026-09-06T00:00:00Z
2026-09-06T00:00:24.562+00:00,KXBTC15M-26SEP052000-00,79827.94,0.0000,1.0000,0.9990,2679480.52,2026-09-05T23:45:00Z,2026-09-06T00:00:00Z
2026-09-06T00:00:26.777+00:00,KXBTC15M-26SEP052000-00,79827.94,0.0000,1.0000,0.9990,2679480.52,2026-09-05T23:45:00Z,2026-09-06T00:00:00Z
2026-09-06T00:00:28.982+00:00,KXBTC15M-26SEP052000-00,79827.94,0.0000,1.0000,0.9990,2679480.52,2026-09-05T23:45:00Z,2026-09-06T00:00:00Z
2026-09-06T00:00:31.183+00:00,KXBTC15M-26SEP052000-00,79827.94,0.0000,1.0000,0.9990,2679480.52,2026-09-05T23:45:00Z,2026-09-06T00:00:00Z
2026-09-06T00:00:33.514+00:00,KXBTC15M-26SEP052000-00,79827.94,0.0000,1.0000,0.9990,2679480.52,2026-09-05T23:45:00Z,2026-09-06T00:00:00Z
2026-09-06T00:00:35.736+00:00,KXBTC15M-26SEP052000-00,79827.94,0.0000,1.0000,0.9990,2679480.52,2026-09-05T23:45:00Z,2026-09-06T00:00:00Z
2026-09-06T00:00:37.925+00:00,KXBTC15M-26SEP052000-00,79827.94,0.0000,1.0000,0.9990,2679480.52,2026-09-05T23:45:00Z,2026-09-06T00:00:00Z
2026-09-06T00:00:40.139+00:00,KXBTC15M-26SEP052000-00,79827.94,0.0000,1.0000,0.9990,2679480.52,2026-09-05T23:45:00Z,2026-09-06T00:00:00Z
2026-09-06T00:00:42.400+00:00,KXBTC15M-26SEP052000-00,79827.94,0.0000,1.0000,0.9990,2679480.52,2026-09-05T23:45:00Z,2026-09-06T00:00:00Z
2026-09-06T00:00:44.695+00:00,KXBTC15M-26SEP052000-00,79827.94,0.0000,1.0000,0.9990,2679480.52,2026-09-05T23:45:00Z,2026-09-06T00:00:00Z
2026-09-06T00:00:46.859+00:00,KXBTC15M-26SEP052000-00,79827.94,0.0000,1.0000,0.9990,2679480.52,2026-09-05T23:45:00Z,2026-09-06T00:00:00Z
2026-09-06T00:00:49.064+00:00,KXBTC15M-26SEP052015-15,79836.66,0.4800,0.4900,0.4700,59359.47,2026-09-06T00:00:00Z,2026-09-06T00:15:00Z
2026-09-06T00:00:51.214+00:00,KXBTC15M-26SEP052015-15,79836.66,0.4800,0.4900,0.4900,75930.76,2026-09-06T00:00:00Z,2026-09-06T00:15:00Z
2026-09-06T00:00:53.435+00:00,KXBTC15M-26SEP052015-15,79836.66,0.4800,0.4900,0.4900,75930.76,2026-09-06T00:00:00Z,2026-09-06T00:15:00Z
2026-09-06T00:00:55.579+00:00,KXBTC15M-26SEP052015-15,79836.66,0.4800,0.4900,0.4900,75930.76,2026-09-06T00:00:00Z,2026-09-06T00:15:00Z
2026-09-06T00:00:57.749+00:00,KXBTC15M-26SEP052015-15,79836.66,0.4800,0.4900,0.4900,75930.76,2026-09-06T00:00:00Z,2026-09-06T00:15:00Z
2026-09-06T00:00:59.892+00:00,KXBTC15M-26SEP052015-15,79836.66,0.4800,0.4900,0.4900,75930.76,2026-09-06T00:00:00Z,2026-09-06T00:15:00Z
2026-09-06T00:01:02.038+00:00,KXBTC15M-26SEP052015-15,79836.66,0.4700,0.4800,0.4700,90595.41,2026-09-06T00:00:00Z,2026-09-06T00:15:00Z
2026-09-06T00:01:04.419+00:00,KXBTC15M-26SEP052015-15,79836.66,0.4700,0.4800,0.4700,90595.41,2026-09-06T00:00:00Z,2026-09-06T00:15:00Z
2026-09-06T00:01:06.593+00:00,KXBTC15M-26SEP052015-15,79836.66,0.4700,0.4800,0.4700,90595.41,2026-09-06T00:00:00Z,2026-09-06T00:15:00Z
2026-09-06T00:01:08.732+00:00,KXBTC15M-26SEP052015-15,79836.66,0.4700,0.4800,0.4700,90595.41,2026-09-06T00:00:00Z,2026-09-06T00:15:00Z
2026-09-06T00:01:10.903+00:00,KXBTC15M-26SEP052015-15,79836.66,0.4700,0.4800,0.4700,90595.41,2026-09-06T00:00:00Z,2026-09-06T00:15:00Z
2026-09-06T00:01:13.108+00:00,KXBTC15M-26SEP052015-15,79836.66,0.4800,0.4900,0.4800,112117.71,2026-09-06T00:00:00Z,2026-09-06T00:15:00Z
2026-09-06T00:01:15.578+00:00,KXBTC15M-26SEP052015-15,79836.66,0.4800,0.4900,0.4800,112117.71,2026-09-06T00:00:00Z,2026-09-06T00:15:00Z
2026-09-06T00:01:17.737+00:00,KXBTC15M-26SEP052015-15,79836.66,0.4800,0.4900,0.4800,112117.71,2026-09-06T00:00:00Z,2026-09-06T00:15:00Z
2026-09-06T00:01:19.916+00:00,KXBTC15M-26SEP052015-15,79836.66,0.4800,0.4900,0.4800,112117.71,2026-09-06T00:00:00Z,2026-09-06T00:15:00Z
2026-09-06T00:01:22.066+00:00,KXBTC15M-26SEP052015-15,79836.66,0.4800,0.4900,0.4800,112117.71,2026-09-06T00:00:00Z,2026-09-06T00:15:00Z
2026-09-06T00:01:24.241+00:00,KXBTC15M-26SEP052015-15,79836.66,0.5200,0.5300,0.5200,127127.59,2026-09-06T00:00:00Z,2026-09-06T00:15:00Z
2026-09-06T00:01:26.412+00:00,KXBTC15M-26SEP052015-15,79836.66,0.5200,0.5300,0.5200,127127.59,2026-09-06T00:00:00Z,2026-09-06T00:15:00Z
2026-09-06T00:01:28.567+00:00,KXBTC15M-26SEP052015-15,79836.66,0.5200,0.5300,0.5200,127127.59,2026-09-06T00:00:00Z,2026-09-06T00:15:00Z
2026-09-06T00:01:30.802+00:00,KXBTC15M-26SEP052015-15,79836.66,0.5200,0.5300,0.5200,127127.59,2026-09-06T00:00:00Z,2026-09-06T00:15:00Z
2026-09-06T00:01:33.026+00:00,KXBTC15M-26SEP052015-15,79836.66,0.5200,0.5300,0.5200,127127.59,2026-09-06T00:00:00Z,2026-09-06T00:15:00Z
2026-09-06T00:01:35.179+00:00,KXBTC15M-26SEP052015-15,79836.66,0.5200,0.5300,0.5200,127127.59,2026-09-06T00:00:00Z,2026-09-06T00:15:00Z
2026-09-06T00:01:37.344+00:00,KXBTC15M-26SEP052015-15,79836.66,0.5300,0.5400,0.5400,153732.45,2026-09-06T00:00:00Z,2026-09-06T00:15:00Z
2026-09-06T00:01:39.533+00:00,KXBTC15M-26SEP052015-15,79836.66,0.5300,0.5400,0.5400,153732.45,2026-09-06T00:00:00Z,2026-09-06T00:15:00Z
2026-09-06T00:01:41.713+00:00,KXBTC15M-26SEP052015-15,79836.66,0.5300,0.5400,0.5400,153732.45,2026-09-06T00:00:00Z,2026-09-06T00:15:00Z
2026-09-06T00:01:43.870+00:00,KXBTC15M-26SEP052015-15,79836.66,0.5300,0.5400,0.5400,153732.45,2026-09-06T00:00:00Z,2026-09-06T00:15:00Z
2026-09-06T00:01:46.028+00:00,KXBTC15M-26SEP052015-15,79836.66,0.5200,0.5300,0.5200,174889.68,2026-09-06T00:00:00Z,2026-09-06T00:15:00Z
2026-09-06T00:01:48.175+00:00,KXBTC15M-26SEP052015-15,79836.66,0.5200,0.5300,0.5200,174889.68,2026-09-06T00:00:00Z,2026-09-06T00:15:00Z
2026-09-06T00:01:50.335+00:00,KXBTC15M-26SEP052015-15,79836.66,0.5200,0.5300,0.5200,174889.68,2026-09-06T00:00:00Z,2026-09-06T00:15:00Z
2026-09-06T00:01:52.494+00:00,KXBTC15M-26SEP052015-15,79836.66,0.5200,0.5300,0.5200,174889.68,2026-09-06T00:00:00Z,2026-09-06T00:15:00Z
2026-09-06T00:01:54.639+00:00,KXBTC15M-26SEP052015-15,79836.66,0.5200,0.5300,0.5200,174889.68,2026-09-06T00:00:00Z,2026-09-06T00:15:00Z
2026-09-06T00:01:56.806+00:00,KXBTC15M-26SEP052015-15,79836.66,0.5100,0.5200,0.5200,194693.43,2026-09-06T00:00:00Z,2026-09-06T00:15:00Z
2026-09-06T00:01:58.961+00:00,KXBTC15M-26SEP052015-15,79836.66,0.5100,0.5200,0.5200,194693.43,2026-09-06T00:00:00Z,2026-09-06T00:15:00Z
2026-09-06T00:02:01.104+00:00,KXBTC15M-26SEP052015-15,79836.66,0.5100,0.5200,0.5200,194693.43,2026-09-06T00:00:00Z,2026-09-06T00:15:00Z
2026-09-06T00:02:03.252+00:00,KXBTC15M-26SEP052015-15,79836.66,0.5100,0.5200,0.5200,194693.43,2026-09-06T00:00:00Z,2026-09-06T00:15:00Z
2026-09-06T00:02:05.410+00:00,KXBTC15M-26SEP052015-15,79836.66,0.5100,0.5200,0.5200,194693.43,2026-09-06T00:00:00Z,2026-09-06T00:15:00Z
2026-09-06T00:02:07.817+00:00,KXBTC15M-26SEP052015-15,79836.66,0.5200,0.5300,0.5300,207953.53,2026-09-06T00:00:00Z,2026-09-06T00:15:00Z
2026-09-06T00:02:09.962+00:00,KXBTC15M-26SEP052015-15,79836.66,0.5200,0.5300,0.5300,207953.53,2026-09-06T00:00:00Z,2026-09-06T00:15:00Z
2026-09-06T00:02:12.109+00:00,KXBTC15M-26SEP052015-15,79836.66,0.5200,0.5300,0.5300,207953.53,2026-09-06T00:00:00Z,2026-09-06T00:15:00Z
2026-09-06T00:02:14.252+00:00,KXBTC15M-26SEP052015-15,79836.66,0.5200,0.5300,0.5300,207953.53,2026-09-06T00:00:00Z,2026-09-06T00:15:00Z
2026-09-06T00:02:16.412+00:00,KXBTC15M-26SEP052015-15,79836.66,0.5200,0.5300,0.5300,207953.53,2026-09-06T00:00:00Z,2026-09-06T00:15:00Z
2026-09-06T00:02:18.628+00:00,KXBTC15M-26SEP052015-15,79836.66,0.5200,0.5300,0.5300,216157.08,2026-09-06T00:00:00Z,2026-09-06T00:15:00Z
2026-09-06T00:02:20.806+00:00,KXBTC15M-26SEP052015-15,79836.66,0.5200,0.5300,0.5300,216157.08,2026-09-06T00:00:00Z,2026-09-06T00:15:00Z
2026-09-06T00:02:22.993+00:00,KXBTC15M-26SEP052015-15,79836.66,0.5200,0.5300,0.5300,216157.08,2026-09-06T00:00:00Z,2026-09-06T00:15:00Z
2026-09-06T00:02:25.144+00:00,KXBTC15M-26SEP052015-15,79836.66,0.5200,0.5300,0.5300,216157.08,2026-09-06T00:00:00Z,2026-09-06T00:15:00Z
2026-09-06T00:02:27.295+00:00,KXBTC15M-26SEP052015-15,79836.66,0.5200,0.5300,0.5300,216157.08,2026-09-06T00:00:00Z,2026-09-06T00:15:00Z
2026-09-06T00:02:29.517+00:00,KXBTC15M-26SEP052015-15,79836.66,0.5200,0.5300,0.5200,230809.16,2026-09-06T00:00:00Z,2026-09-06T00:15:00Z
2026-09-06T00:02:31.664+00:00,KXBTC15M-26SEP052015-15,79836.66,0.5200,0.5300,0.5200,230809.16,2026-09-06T00:00:00Z,2026-09-06T00:15:00Z
2026-09-06T00:02:33.801+00:00,KXBTC15M-26SEP052015-15,79836.66,0.5200,0.5300,0.5200,230809.16,2026-09-06T00:00:00Z,2026-09-06T00:15:00Z
2026-09-06T00:02:35.945+00:00,KXBTC15M-26SEP052015-15,79836.66,0.5200,0.5300,0.5200,230809.16,2026-09-06T00:00:00Z,2026-09-06T00:15:00Z
2026-09-06T00:02:38.094+00:00,KXBTC15M-26SEP052015-15,79836.66,0.5200,0.5300,0.5200,230809.16,2026-09-06T00:00:00Z,2026-09-06T00:15:00Z
2026-09-06T00:02:40.261+00:00,KXBTC15M-26SEP052015-15,79836.66,0.5300,0.5400,0.5300,244363.20,2026-09-06T00:00:00Z,2026-09-06T00:15:00Z
2026-09-06T00:02:42.402+00:00,KXBTC15M-26SEP052015-15,79836.66,0.5300,0.5400,0.5300,244363.20,2026-09-06T00:00:00Z,2026-09-06T00:15:00Z
2026-09-06T00:02:44.574+00:00,KXBTC15M-26SEP052015-15,79836.66,0.5300,0.5400,0.5300,244363.20,2026-09-06T00:00:00Z,2026-09-06T00:15:00Z
2026-09-06T00:02:46.713+00:00,KXBTC15M-26SEP052015-15,79836.66,0.5300,0.5400,0.5300,244363.20,2026-09-06T00:00:00Z,2026-09-06T00:15:00Z
2026-09-06T00:02:48.869+00:00,KXBTC15M-26SEP052015-15,79836.66,0.5300,0.5400,0.5300,244363.20,2026-09-06T00:00:00Z,2026-09-06T00:15:00Z
2026-09-06T00:02:51.041+00:00,KXBTC15M-26SEP052015-15,79836.66,0.5300,0.5400,0.5400,251726.12,2026-09-06T00:00:00Z,2026-09-06T00:15:00Z
2026-09-06T00:02:53.188+00:00,KXBTC15M-26SEP052015-15,79836.66,0.5300,0.5400,0.5400,251726.12,2026-09-06T00:00:00Z,2026-09-06T00:15:00Z
2026-09-06T00:02:55.349+00:00,KXBTC15M-26SEP052015-15,79836.66,0.5300,0.5400,0.5400,251726.12,2026-09-06T00:00:00Z,2026-09-06T00:15:00Z
2026-09-06T00:02:57.514+00:00,KXBTC15M-26SEP052015-15,79836.66,0.5300,0.5400,0.5400,251726.12,2026-09-06T00:00:00Z,2026-09-06T00:15:00Z
2026-09-06T00:02:59.658+00:00,KXBTC15M-26SEP052015-15,79836.66,0.5300,0.5400,0.5400,251726.12,2026-09-06T00:00:00Z,2026-09-06T00:15:00Z
2026-09-06T00:03:01.801+00:00,KXBTC15M-26SEP052015-15,79836.66,0.5300,0.5400,0.5400,251726.12,2026-09-06T00:00:00Z,2026-09-06T00:15:00Z
2026-09-06T00:03:04.213+00:00,KXBTC15M-26SEP052015-15,79836.66,0.5600,0.5700,0.5600,265154.63,2026-09-06T00:00:00Z,2026-09-06T00:15:00Z
2026-09-06T00:03:06.358+00:00,KXBTC15M-26SEP052015-15,79836.66,0.5600,0.5700,0.5600,265154.63,2026-09-06T00:00:00Z,2026-09-06T00:15:00Z
2026-09-06T00:03:08.501+00:00,KXBTC15M-26SEP052015-15,79836.66,0.5600,0.5700,0.5600,265154.63,2026-09-06T00:00:00Z,2026-09-06T00:15:00Z
2026-09-06T00:03:10.682+00:00,KXBTC15M-26SEP052015-15,79836.66,0.5600,0.5700,0.5600,265154.63,2026-09-06T00:00:00Z,2026-09-06T00:15:00Z
2026-09-06T00:03:12.838+00:00,KXBTC15M-26SEP052015-15,79836.66,0.5600,0.5700,0.5600,265154.63,2026-09-06T00:00:00Z,2026-09-06T00:15:00Z
2026-09-06T00:03:14.992+00:00,KXBTC15M-26SEP052015-15,79836.66,0.5900,0.6000,0.5900,288001.20,2026-09-06T00:00:00Z,2026-09-06T00:15:00Z
2026-09-06T00:03:17.141+00:00,KXBTC15M-26SEP052015-15,79836.66,0.5900,0.6000,0.5900,288001.20,2026-09-06T00:00:00Z,2026-09-06T00:15:00Z
2026-09-06T00:03:19.301+00:00,KXBTC15M-26SEP052015-15,79836.66,0.5900,0.6000,0.5900,288001.20,2026-09-06T00:00:00Z,2026-09-06T00:15:00Z
2026-09-06T00:03:21.461+00:00,KXBTC15M-26SEP052015-15,79836.66,0.5900,0.6000,0.5900,288001.20,2026-09-06T00:00:00Z,2026-09-06T00:15:00Z
2026-09-06T00:03:23.617+00:00,KXBTC15M-26SEP052015-15,79836.66,0.5900,0.6000,0.5900,288001.20,2026-09-06T00:00:00Z,2026-09-06T00:15:00Z
2026-09-06T00:03:25.759+00:00,KXBTC15M-26SEP052015-15,79836.66,0.5900,0.6000,0.5900,315216.62,2026-09-06T00:00:00Z,2026-09-06T00:15:00Z
2026-09-06T00:03:27.901+00:00,KXBTC15M-26SEP052015-15,79836.66,0.5900,0.6000,0.5900,315216.62,2026-09-06T00:00:00Z,2026-09-06T00:15:00Z
2026-09-06T00:03:30.043+00:00,KXBTC15M-26SEP052015-15,79836.66,0.5900,0.6000,0.5900,315216.62,2026-09-06T00:00:00Z,2026-09-06T00:15:00Z
2026-09-06T00:03:32.194+00:00,KXBTC15M-26SEP052015-15,79836.66,0.5900,0.6000,0.5900,315216.62,2026-09-06T00:00:00Z,2026-09-06T00:15:00Z
2026-09-06T00:03:34.341+00:00,KXBTC15M-26SEP052015-15,79836.66,0.5900,0.6000,0.5900,315216.62,2026-09-06T00:00:00Z,2026-09-06T00:15:00Z
2026-09-06T00:03:36.732+00:00,KXBTC15M-26SEP052015-15,79836.66,0.6200,0.6300,0.6200,342047.48,2026-09-06T00:00:00Z,2026-09-06T00:15:00Z
2026-09-06T00:03:38.879+00:00,KXBTC15M-26SEP052015-15,79836.66,0.6200,0.6300,0.6200,342047.48,2026-09-06T00:00:00Z,2026-09-06T00:15:00Z
2026-09-06T00:03:41.035+00:00,KXBTC15M-26SEP052015-15,79836.66,0.6200,0.6300,0.6200,342047.48,2026-09-06T00:00:00Z,2026-09-06T00:15:00Z
2026-09-06T00:03:43.184+00:00,KXBTC15M-26SEP052015-15,79836.66,0.6200,0.6300,0.6200,342047.48,2026-09-06T00:00:00Z,2026-09-06T00:15:00Z
2026-09-06T00:03:45.327+00:00,KXBTC15M-26SEP052015-15,79836.66,0.6200,0.6300,0.6200,342047.48,2026-09-06T00:00:00Z,2026-09-06T00:15:00Z
2026-09-06T00:03:47.487+00:00,KXBTC15M-26SEP052015-15,79836.66,0.6300,0.6400,0.6300,363573.35,2026-09-06T00:00:00Z,2026-09-06T00:15:00Z
2026-09-06T00:03:49.637+00:00,KXBTC15M-26SEP052015-15,79836.66,0.6300,0.6400,0.6300,363573.35,2026-09-06T00:00:00Z,2026-09-06T00:15:00Z
2026-09-06T00:03:51.798+00:00,KXBTC15M-26SEP052015-15,79836.66,0.6300,0.6400,0.6300,363573.35,2026-09-06T00:00:00Z,2026-09-06T00:15:00Z
2026-09-06T00:03:53.940+00:00,KXBTC15M-26SEP052015-15,79836.66,0.6300,0.6400,0.6300,363573.35,2026-09-06T00:00:00Z,2026-09-06T00:15:00Z
2026-09-06T00:03:56.087+00:00,KXBTC15M-26SEP052015-15,79836.66,0.6300,0.6400,0.6300,363573.35,2026-09-06T00:00:00Z,2026-09-06T00:15:00Z
2026-09-06T00:03:58.238+00:00,KXBTC15M-26SEP052015-15,79836.66,0.5800,0.5900,0.5900,379651.50,2026-09-06T00:00:00Z,2026-09-06T00:15:00Z
2026-09-06T00:04:00.391+00:00,KXBTC15M-26SEP052015-15,79836.66,0.5800,0.5900,0.5900,379651.50,2026-09-06T00:00:00Z,2026-09-06T00:15:00Z
2026-09-06T00:04:02.544+00:00,KXBTC15M-26SEP052015-15,79836.66,0.5800,0.5900,0.5900,379651.50,2026-09-06T00:00:00Z,2026-09-06T00:15:00Z
2026-09-06T00:04:04.700+00:00,KXBTC15M-26SEP052015-15,79836.66,0.5800,0.5900,0.5900,379651.50,2026-09-06T00:00:00Z,2026-09-06T00:15:00Z
2026-09-06T00:04:06.840+00:00,KXBTC15M-26SEP052015-15,79836.66,0.5800,0.5900,0.5900,379651.50,2026-09-06T00:00:00Z,2026-09-06T00:15:00Z
2026-09-06T00:04:08.989+00:00,KXBTC15M-26SEP052015-15,79836.66,0.6700,0.6800,0.6800,410464.41,2026-09-06T00:00:00Z,2026-09-06T00:15:00Z
2026-09-06T00:04:11.150+00:00,KXBTC15M-26SEP052015-15,79836.66,0.6700,0.6800,0.6800,410464.41,2026-09-06T00:00:00Z,2026-09-06T00:15:00Z
2026-09-06T00:04:13.565+00:00,KXBTC15M-26SEP052015-15,79836.66,0.6700,0.6800,0.6800,410464.41,2026-09-06T00:00:00Z,2026-09-06T00:15:00Z
2026-09-06T00:04:15.714+00:00,KXBTC15M-26SEP052015-15,79836.66,0.6700,0.6800,0.6800,410464.41,2026-09-06T00:00:00Z,2026-09-06T00:15:00Z
2026-09-06T00:04:17.856+00:00,KXBTC15M-26SEP052015-15,79836.66,0.6700,0.6800,0.6800,410464.41,2026-09-06T00:00:00Z,2026-09-06T00:15:00Z
2026-09-06T00:04:20.002+00:00,KXBTC15M-26SEP052015-15,79836.66,0.6800,0.6900,0.6900,431904.71,2026-09-06T00:00:00Z,2026-09-06T00:15:00Z
2026-09-06T00:04:22.192+00:00,KXBTC15M-26SEP052015-15,79836.66,0.6800,0.6900,0.6900,431904.71,2026-09-06T00:00:00Z,2026-09-06T00:15:00Z
2026-09-06T00:04:24.338+00:00,KXBTC15M-26SEP052015-15,79836.66,0.6800,0.6900,0.6900,431904.71,2026-09-06T00:00:00Z,2026-09-06T00:15:00Z
2026-09-06T00:04:26.539+00:00,KXBTC15M-26SEP052015-15,79836.66,0.6800,0.6900,0.6900,431904.71,2026-09-06T00:00:00Z,2026-09-06T00:15:00Z
2026-09-06T00:04:28.698+00:00,KXBTC15M-26SEP052015-15,79836.66,0.6800,0.6900,0.6900,431904.71,2026-09-06T00:00:00Z,2026-09-06T00:15:00Z
2026-09-06T00:04:30.857+00:00,KXBTC15M-26SEP052015-15,79836.66,0.6800,0.6900,0.6800,450811.67,2026-09-06T00:00:00Z,2026-09-06T00:15:00Z
2026-09-06T00:04:33.081+00:00,KXBTC15M-26SEP052015-15,79836.66,0.6800,0.6900,0.6800,450811.67,2026-09-06T00:00:00Z,2026-09-06T00:15:00Z
2026-09-06T00:04:35.223+00:00,KXBTC15M-26SEP052015-15,79836.66,0.6800,0.6900,0.6800,450811.67,2026-09-06T00:00:00Z,2026-09-06T00:15:00Z
2026-09-06T00:04:37.373+00:00,KXBTC15M-26SEP052015-15,79836.66,0.6800,0.6900,0.6800,450811.67,2026-09-06T00:00:00Z,2026-09-06T00:15:00Z
2026-09-06T00:04:39.524+00:00,KXBTC15M-26SEP052015-15,79836.66,0.6800,0.6900,0.6800,450811.67,2026-09-06T00:00:00Z,2026-09-06T00:15:00Z
2026-09-06T00:04:41.705+00:00,KXBTC15M-26SEP052015-15,79836.66,0.6900,0.7000,0.6900,468964.09,2026-09-06T00:00:00Z,2026-09-06T00:15:00Z
2026-09-06T00:04:43.860+00:00,KXBTC15M-26SEP052015-15,79836.66,0.6900,0.7000,0.6900,468964.09,2026-09-06T00:00:00Z,2026-09-06T00:15:00Z
2026-09-06T00:04:46.009+00:00,KXBTC15M-26SEP052015-15,79836.66,0.6900,0.7000,0.6900,468964.09,2026-09-06T00:00:00Z,2026-09-06T00:15:00Z
2026-09-06T00:04:48.165+00:00,KXBTC15M-26SEP052015-15,79836.66,0.6900,0.7000,0.6900,468964.09,2026-09-06T00:00:00Z,2026-09-06T00:15:00Z
2026-09-06T00:04:50.371+00:00,KXBTC15M-26SEP052015-15,79836.66,0.6900,0.7000,0.6900,468964.09,2026-09-06T00:00:00Z,2026-09-06T00:15:00Z
2026-09-06T00:04:52.539+00:00,KXBTC15M-26SEP052015-15,79836.66,0.6900,0.7000,0.6900,468964.09,2026-09-06T00:00:00Z,2026-09-06T00:15:00Z
2026-09-06T00:04:54.681+00:00,KXBTC15M-26SEP052015-15,79836.66,0.6900,0.7000,0.7000,486673.13,2026-09-06T00:00:00Z,2026-09-06T00:15:00Z
2026-09-06T00:04:57.083+00:00,KXBTC15M-26SEP052015-15,79836.66,0.6900,0.7000,0.7000,486673.13,2026-09-06T00:00:00Z,2026-09-06T00:15:00Z
2026-09-06T00:04:59.234+00:00,KXBTC15M-26SEP052015-15,79836.66,0.6900,0.7000,0.7000,486673.13,2026-09-06T00:00:00Z,2026-09-06T00:15:00Z
2026-09-06T00:05:01.436+00:00,KXBTC15M-26SEP052015-15,79836.66,0.6900,0.7000,0.7000,486673.13,2026-09-06T00:00:00Z,2026-09-06T00:15:00Z
2026-09-06T00:05:03.583+00:00,KXBTC15M-26SEP052015-15,79836.66,0.6900,0.7000,0.7000,486673.13,2026-09-06T00:00:00Z,2026-09-06T00:15:00Z
2026-09-06T00:05:05.760+00:00,KXBTC15M-26SEP052015-15,79836.66,0.7400,0.7500,0.7400,509185.89,2026-09-06T00:00:00Z,2026-09-06T00:15:00Z
2026-09-06T00:05:07.918+00:00,KXBTC15M-26SEP052015-15,79836.66,0.7400,0.7500,0.7400,509185.89,2026-09-06T00:00:00Z,2026-09-06T00:15:00Z
2026-09-06T00:05:10.070+00:00,KXBTC15M-26SEP052015-15,79836.66,0.7400,0.7500,0.7400,509185.89,2026-09-06T00:00:00Z,2026-09-06T00:15:00Z
2026-09-06T00:05:12.285+00:00,KXBTC15M-26SEP052015-15,79836.66,0.7400,0.7500,0.7400,509185.89,2026-09-06T00:00:00Z,2026-09-06T00:15:00Z
2026-09-06T00:05:14.462+00:00,KXBTC15M-26SEP052015-15,79836.66,0.7400,0.7500,0.7400,509185.89,2026-09-06T00:00:00Z,2026-09-06T00:15:00Z
2026-09-06T00:05:16.613+00:00,KXBTC15M-26SEP052015-15,79836.66,0.7200,0.7300,0.7200,530618.14,2026-09-06T00:00:00Z,2026-09-06T00:15:00Z
2026-09-06T00:05:18.789+00:00,KXBTC15M-26SEP052015-15,79836.66,0.7200,0.7300,0.7200,530618.14,2026-09-06T00:00:00Z,2026-09-06T00:15:00Z
2026-09-06T00:05:20.950+00:00,KXBTC15M-26SEP052015-15,79836.66,0.7200,0.7300,0.7200,530618.14,2026-09-06T00:00:00Z,2026-09-06T00:15:00Z
2026-09-06T00:05:23.125+00:00,KXBTC15M-26SEP052015-15,79836.66,0.7200,0.7300,0.7200,530618.14,2026-09-06T00:00:00Z,2026-09-06T00:15:00Z
2026-09-06T00:05:25.365+00:00,KXBTC15M-26SEP052015-15,79836.66,0.7200,0.7300,0.7200,530618.14,2026-09-06T00:00:00Z,2026-09-06T00:15:00Z
2026-09-06T00:05:27.802+00:00,KXBTC15M-26SEP052015-15,79836.66,0.7000,0.7100,0.7100,545419.86,2026-09-06T00:00:00Z,2026-09-06T00:15:00Z
2026-09-06T00:05:29.952+00:00,KXBTC15M-26SEP052015-15,79836.66,0.7000,0.7100,0.7100,545419.86,2026-09-06T00:00:00Z,2026-09-06T00:15:00Z
2026-09-06T00:05:32.141+00:00,KXBTC15M-26SEP052015-15,79836.66,0.7000,0.7100,0.7100,545419.86,2026-09-06T00:00:00Z,2026-09-06T00:15:00Z
2026-09-06T00:05:34.307+00:00,KXBTC15M-26SEP052015-15,79836.66,0.7000,0.7100,0.7100,545419.86,2026-09-06T00:00:00Z,2026-09-06T00:15:00Z
2026-09-06T00:05:36.449+00:00,KXBTC15M-26SEP052015-15,79836.66,0.7000,0.7100,0.7100,545419.86,2026-09-06T00:00:00Z,2026-09-06T00:15:00Z
2026-09-06T00:05:38.590+00:00,KXBTC15M-26SEP052015-15,79836.66,0.7400,0.7500,0.7400,562014.60,2026-09-06T00:00:00Z,2026-09-06T00:15:00Z
2026-09-06T00:05:40.738+00:00,KXBTC15M-26SEP052015-15,79836.66,0.7400,0.7500,0.7400,562014.60,2026-09-06T00:00:00Z,2026-09-06T00:15:00Z
2026-09-06T00:05:42.881+00:00,KXBTC15M-26SEP052015-15,79836.66,0.7400,0.7500,0.7400,562014.60,2026-09-06T00:00:00Z,2026-09-06T00:15:00Z
2026-09-06T00:05:45.036+00:00,KXBTC15M-26SEP052015-15,79836.66,0.7400,0.7500,0.7400,562014.60,2026-09-06T00:00:00Z,2026-09-06T00:15:00Z
2026-09-06T00:05:47.178+00:00,KXBTC15M-26SEP052015-15,79836.66,0.7400,0.7500,0.7400,562014.60,2026-09-06T00:00:00Z,2026-09-06T00:15:00Z
2026-09-06T00:05:49.328+00:00,KXBTC15M-26SEP052015-15,79836.66,0.7400,0.7500,0.7400,562014.60,2026-09-06T00:00:00Z,2026-09-06T00:15:00Z
2026-09-06T00:05:51.479+00:00,KXBTC15M-26SEP052015-15,79836.66,0.7300,0.7400,0.7300,578294.47,2026-09-06T00:00:00Z,2026-09-06T00:15:00Z
2026-09-06T00:05:53.651+00:00,KXBTC15M-26SEP052015-15,79836.66,0.7300,0.7400,0.7300,578294.47,2026-09-06T00:00:00Z,2026-09-06T00:15:00Z
2026-09-06T00:05:55.812+00:00,KXBTC15M-26SEP052015-15,79836.66,0.7300,0.7400,0.7300,578294.47,2026-09-06T00:00:00Z,2026-09-06T00:15:00Z
2026-09-06T00:05:57.954+00:00,KXBTC15M-26SEP052015-15,79836.66,0.7300,0.7400,0.7300,578294.47,2026-09-06T00:00:00Z,2026-09-06T00:15:00Z
2026-09-06T00:06:00.111+00:00,KXBTC15M-26SEP052015-15,79836.66,0.7200,0.7300,0.7200,591910.05,2026-09-06T00:00:00Z,2026-09-06T00:15:00Z
2026-09-06T00:06:02.319+00:00,KXBTC15M-26SEP052015-15,79836.66,0.7200,0.7300,0.7200,591910.05,2026-09-06T00:00:00Z,2026-09-06T00:15:00Z
2026-09-06T00:06:04.476+00:00,KXBTC15M-26SEP052015-15,79836.66,0.7200,0.7300,0.7200,591910.05,2026-09-06T00:00:00Z,2026-09-06T00:15:00Z
2026-09-06T00:06:06.630+00:00,KXBTC15M-26SEP052015-15,79836.66,0.7200,0.7300,0.7200,591910.05,2026-09-06T00:00:00Z,2026-09-06T00:15:00Z
2026-09-06T00:06:08.821+00:00,KXBTC15M-26SEP052015-15,79836.66,0.7200,0.7300,0.7200,591910.05,2026-09-06T00:00:00Z,2026-09-06T00:15:00Z
2026-09-06T00:06:11.214+00:00,KXBTC15M-26SEP052015-15,79836.66,0.7300,0.7400,0.7300,600260.45,2026-09-06T00:00:00Z,2026-09-06T00:15:00Z
2026-09-06T00:06:13.360+00:00,KXBTC15M-26SEP052015-15,79836.66,0.7300,0.7400,0.7300,600260.45,2026-09-06T00:00:00Z,2026-09-06T00:15:00Z
2026-09-06T00:06:15.507+00:00,KXBTC15M-26SEP052015-15,79836.66,0.7300,0.7400,0.7300,600260.45,2026-09-06T00:00:00Z,2026-09-06T00:15:00Z
2026-09-06T00:06:17.743+00:00,KXBTC15M-26SEP052015-15,79836.66,0.7300,0.7400,0.7300,600260.45,2026-09-06T00:00:00Z,2026-09-06T00:15:00Z
2026-09-06T00:06:19.891+00:00,KXBTC15M-26SEP052015-15,79836.66,0.7300,0.7400,0.7300,600260.45,2026-09-06T00:00:00Z,2026-09-06T00:15:00Z
2026-09-06T00:06:22.052+00:00,KXBTC15M-26SEP052015-15,79836.66,0.7200,0.7300,0.7200,614603.33,2026-09-06T00:00:00Z,2026-09-06T00:15:00Z
2026-09-06T00:06:24.220+00:00,KXBTC15M-26SEP052015-15,79836.66,0.7200,0.7300,0.7200,614603.33,2026-09-06T00:00:00Z,2026-09-06T00:15:00Z
2026-09-06T00:06:26.367+00:00,KXBTC15M-26SEP052015-15,79836.66,0.7200,0.7300,0.7200,614603.33,2026-09-06T00:00:00Z,2026-09-06T00:15:00Z
2026-09-06T00:06:28.561+00:00,KXBTC15M-26SEP052015-15,79836.66,0.7200,0.7300,0.7200,614603.33,2026-09-06T00:00:00Z,2026-09-06T00:15:00Z
2026-09-06T00:06:30.731+00:00,KXBTC15M-26SEP052015-15,79836.66,0.7200,0.7300,0.7200,614603.33,2026-09-06T00:00:00Z,2026-09-06T00:15:00Z
2026-09-06T00:06:32.879+00:00,KXBTC15M-26SEP052015-15,79836.66,0.7200,0.7300,0.7300,622567.22,2026-09-06T00:00:00Z,2026-09-06T00:15:00Z
2026-09-06T00:06:35.049+00:00,KXBTC15M-26SEP052015-15,79836.66,0.7200,0.7300,0.7300,622567.22,2026-09-06T00:00:00Z,2026-09-06T00:15:00Z
2026-09-06T00:06:37.209+00:00,KXBTC15M-26SEP052015-15,79836.66,0.7200,0.7300,0.7300,622567.22,2026-09-06T00:00:00Z,2026-09-06T00:15:00Z
2026-09-06T00:06:39.349+00:00,KXBTC15M-26SEP052015-15,79836.66,0.7200,0.7300,0.7300,622567.22,2026-09-06T00:00:00Z,2026-09-06T00:15:00Z
2026-09-06T00:06:41.514+00:00,KXBTC15M-26SEP052015-15,79836.66,0.7200,0.7300,0.7300,622567.22,2026-09-06T00:00:00Z,2026-09-06T00:15:00Z
2026-09-06T00:06:43.660+00:00,KXBTC15M-26SEP052015-15,79836.66,0.7300,0.7400,0.7300,639765.78,2026-09-06T00:00:00Z,2026-09-06T00:15:00Z
2026-09-06T00:06:45.810+00:00,KXBTC15M-26SEP052015-15,79836.66,0.7300,0.7400,0.7300,639765.78,2026-09-06T00:00:00Z,2026-09-06T00:15:00Z
2026-09-06T00:06:47.967+00:00,KXBTC15M-26SEP052015-15,79836.66,0.7300,0.7400,0.7300,639765.78,2026-09-06T00:00:00Z,2026-09-06T00:15:00Z
2026-09-06T00:06:50.194+00:00,KXBTC15M-26SEP052015-15,79836.66,0.7300,0.7400,0.7300,639765.78,2026-09-06T00:00:00Z,2026-09-06T00:15:00Z
2026-09-06T00:06:52.376+00:00,KXBTC15M-26SEP052015-15,79836.66,0.7300,0.7400,0.7300,639765.78,2026-09-06T00:00:00Z,2026-09-06T00:15:00Z
2026-09-06T00:06:54.571+00:00,KXBTC15M-26SEP052015-15,79836.66,0.7500,0.7600,0.7600,657099.59,2026-09-06T00:00:00Z,2026-09-06T00:15:00Z
2026-09-06T00:06:56.723+00:00,KXBTC15M-26SEP052015-15,79836.66,0.7500,0.7600,0.7600,657099.59,2026-09-06T00:00:00Z,2026-09-06T00:15:00Z
2026-09-06T00:06:58.866+00:00,KXBTC15M-26SEP052015-15,79836.66,0.7500,0.7600,0.7600,657099.59,2026-09-06T00:00:00Z,2026-09-06T00:15:00Z
2026-09-06T00:07:01.021+00:00,KXBTC15M-26SEP052015-15,79836.66,0.7500,0.7600,0.7600,657099.59,2026-09-06T00:00:00Z,2026-09-06T00:15:00Z
2026-09-06T00:07:03.172+00:00,KXBTC15M-26SEP052015-15,79836.66,0.7500,0.7600,0.7600,657099.59,2026-09-06T00:00:00Z,2026-09-06T00:15:00Z
2026-09-06T00:07:05.318+00:00,KXBTC15M-26SEP052015-15,79836.66,0.7500,0.7600,0.7500,667690.31,2026-09-06T00:00:00Z,2026-09-06T00:15:00Z
2026-09-06T00:07:07.500+00:00,KXBTC15M-26SEP052015-15,79836.66,0.7500,0.7600,0.7500,667690.31,2026-09-06T00:00:00Z,2026-09-06T00:15:00Z
2026-09-06T00:07:09.645+00:00,KXBTC15M-26SEP052015-15,79836.66,0.7500,0.7600,0.7500,667690.31,2026-09-06T00:00:00Z,2026-09-06T00:15:00Z
2026-09-06T00:07:11.811+00:00,KXBTC15M-26SEP052015-15,79836.66,0.7500,0.7600,0.7500,667690.31,2026-09-06T00:00:00Z,2026-09-06T00:15:00Z
2026-09-06T00:07:13.963+00:00,KXBTC15M-26SEP052015-15,79836.66,0.7500,0.7600,0.7500,667690.31,2026-09-06T00:00:00Z,2026-09-06T00:15:00Z
2026-09-06T00:07:16.130+00:00,KXBTC15M-26SEP052015-15,79836.66,0.7700,0.7800,0.7800,676926.88,2026-09-06T00:00:00Z,2026-09-06T00:15:00Z
2026-09-06T00:07:18.413+00:00,KXBTC15M-26SEP052015-15,79836.66,0.7700,0.7800,0.7800,676926.88,2026-09-06T00:00:00Z,2026-09-06T00:15:00Z
2026-09-06T00:07:20.701+00:00,KXBTC15M-26SEP052015-15,79836.66,0.7700,0.7800,0.7800,676926.88,2026-09-06T00:00:00Z,2026-09-06T00:15:00Z
2026-09-06T00:07:22.854+00:00,KXBTC15M-26SEP052015-15,79836.66,0.7700,0.7800,0.7800,676926.88,2026-09-06T00:00:00Z,2026-09-06T00:15:00Z
2026-09-06T00:07:25.025+00:00,KXBTC15M-26SEP052015-15,79836.66,0.7700,0.7800,0.7800,676926.88,2026-09-06T00:00:00Z,2026-09-06T00:15:00Z
2026-09-06T00:07:27.175+00:00,KXBTC15M-26SEP052015-15,79836.66,0.7700,0.7800,0.7700,702181.29,2026-09-06T00:00:00Z,2026-09-06T00:15:00Z
2026-09-06T00:07:29.570+00:00,KXBTC15M-26SEP052015-15,79836.66,0.7700,0.7800,0.7700,702181.29,2026-09-06T00:00:00Z,2026-09-06T00:15:00Z
2026-09-06T00:07:32.115+00:00,KXBTC15M-26SEP052015-15,79836.66,0.7700,0.7800,0.7700,702181.29,2026-09-06T00:00:00Z,2026-09-06T00:15:00Z
2026-09-06T00:07:34.276+00:00,KXBTC15M-26SEP052015-15,79836.66,0.7700,0.7800,0.7700,702181.29,2026-09-06T00:00:00Z,2026-09-06T00:15:00Z
2026-09-06T00:07:36.441+00:00,KXBTC15M-26SEP052015-15,79836.66,0.7700,0.7800,0.7700,702181.29,2026-09-06T00:00:00Z,2026-09-06T00:15:00Z
2026-09-06T00:07:38.595+00:00,KXBTC15M-26SEP052015-15,79836.66,0.7300,0.7400,0.7300,718039.40,2026-09-06T00:00:00Z,2026-09-06T00:15:00Z
2026-09-06T00:07:40.749+00:00,KXBTC15M-26SEP052015-15,79836.66,0.7300,0.7400,0.7300,718039.40,2026-09-06T00:00:00Z,2026-09-06T00:15:00Z
2026-09-06T00:07:43.131+00:00,KXBTC15M-26SEP052015-15,79836.66,0.7300,0.7400,0.7300,718039.40,2026-09-06T00:00:00Z,2026-09-06T00:15:00Z
2026-09-06T00:07:45.287+00:00,KXBTC15M-26SEP052015-15,79836.66,0.7300,0.7400,0.7300,718039.40,2026-09-06T00:00:00Z,2026-09-06T00:15:00Z
2026-09-06T00:07:47.447+00:00,KXBTC15M-26SEP052015-15,79836.66,0.7300,0.7400,0.7300,718039.40,2026-09-06T00:00:00Z,2026-09-06T00:15:00Z
2026-09-06T00:07:49.600+00:00,KXBTC15M-26SEP052015-15,79836.66,0.7200,0.7300,0.7300,725290.40,2026-09-06T00:00:00Z,2026-09-06T00:15:00Z
2026-09-06T00:07:51.790+00:00,KXBTC15M-26SEP052015-15,79836.66,0.7200,0.7300,0.7300,725290.40,2026-09-06T00:00:00Z,2026-09-06T00:15:00Z
2026-09-06T00:07:54.337+00:00,KXBTC15M-26SEP052015-15,79836.66,0.7200,0.7300,0.7300,725290.40,2026-09-06T00:00:00Z,2026-09-06T00:15:00Z
2026-09-06T00:07:56.520+00:00,KXBTC15M-26SEP052015-15,79836.66,0.7200,0.7300,0.7300,725290.40,2026-09-06T00:00:00Z,2026-09-06T00:15:00Z
2026-09-06T00:07:58.667+00:00,KXBTC15M-26SEP052015-15,79836.66,0.7200,0.7300,0.7300,725290.40,2026-09-06T00:00:00Z,2026-09-06T00:15:00Z
2026-09-06T00:08:00.818+00:00,KXBTC15M-26SEP052015-15,79836.66,0.7300,0.7400,0.7400,731851.00,2026-09-06T00:00:00Z,2026-09-06T00:15:00Z
2026-09-06T00:08:02.980+00:00,KXBTC15M-26SEP052015-15,79836.66,0.7300,0.7400,0.7400,731851.00,2026-09-06T00:00:00Z,2026-09-06T00:15:00Z
2026-09-06T00:08:05.126+00:00,KXBTC15M-26SEP052015-15,79836.66,0.7300,0.7400,0.7400,731851.00,2026-09-06T00:00:00Z,2026-09-06T00:15:00Z
2026-09-06T00:08:07.272+00:00,KXBTC15M-26SEP052015-15,79836.66,0.7300,0.7400,0.7400,731851.00,2026-09-06T00:00:00Z,2026-09-06T00:15:00Z
2026-09-06T00:08:09.439+00:00,KXBTC15M-26SEP052015-15,79836.66,0.7300,0.7400,0.7300,738656.53,2026-09-06T00:00:00Z,2026-09-06T00:15:00Z
2026-09-06T00:08:11.586+00:00,KXBTC15M-26SEP052015-15,79836.66,0.7300,0.7400,0.7300,738656.53,2026-09-06T00:00:00Z,2026-09-06T00:15:00Z
2026-09-06T00:08:13.734+00:00,KXBTC15M-26SEP052015-15,79836.66,0.7300,0.7400,0.7300,738656.53,2026-09-06T00:00:00Z,2026-09-06T00:15:00Z
2026-09-06T00:08:16.394+00:00,KXBTC15M-26SEP052015-15,79836.66,0.7300,0.7400,0.7300,738656.53,2026-09-06T00:00:00Z,2026-09-06T00:15:00Z
2026-09-06T00:08:18.584+00:00,KXBTC15M-26SEP052015-15,79836.66,0.7300,0.7400,0.7300,738656.53,2026-09-06T00:00:00Z,2026-09-06T00:15:00Z
2026-09-06T00:08:20.933+00:00,KXBTC15M-26SEP052015-15,79836.66,0.7900,0.8000,0.8000,751396.89,2026-09-06T00:00:00Z,2026-09-06T00:15:00Z
2026-09-06T00:08:23.145+00:00,KXBTC15M-26SEP052015-15,79836.66,0.7900,0.8000,0.8000,751396.89,2026-09-06T00:00:00Z,2026-09-06T00:15:00Z
2026-09-06T00:08:25.468+00:00,KXBTC15M-26SEP052015-15,79836.66,0.7900,0.8000,0.8000,751396.89,2026-09-06T00:00:00Z,2026-09-06T00:15:00Z
2026-09-06T00:08:27.699+00:00,KXBTC15M-26SEP052015-15,79836.66,0.7900,0.8000,0.8000,751396.89,2026-09-06T00:00:00Z,2026-09-06T00:15:00Z
2026-09-06T00:08:29.847+00:00,KXBTC15M-26SEP052015-15,79836.66,0.7900,0.8000,0.8000,751396.89,2026-09-06T00:00:00Z,2026-09-06T00:15:00Z
2026-09-06T00:08:32.005+00:00,KXBTC15M-26SEP052015-15,79836.66,0.7600,0.7700,0.7700,772775.31,2026-09-06T00:00:00Z,2026-09-06T00:15:00Z
2026-09-06T00:08:34.155+00:00,KXBTC15M-26SEP052015-15,79836.66,0.7600,0.7700,0.7700,772775.31,2026-09-06T00:00:00Z,2026-09-06T00:15:00Z
2026-09-06T00:08:36.889+00:00,KXBTC15M-26SEP052015-15,79836.66,0.7600,0.7700,0.7700,772775.31,2026-09-06T00:00:00Z,2026-09-06T00:15:00Z
2026-09-06T00:08:39.038+00:00,KXBTC15M-26SEP052015-15,79836.66,0.7600,0.7700,0.7700,772775.31,2026-09-06T00:00:00Z,2026-09-06T00:15:00Z
2026-09-06T00:08:41.241+00:00,KXBTC15M-26SEP052015-15,79836.66,0.7600,0.7700,0.7700,772775.31,2026-09-06T00:00:00Z,2026-09-06T00:15:00Z
2026-09-06T00:08:43.494+00:00,KXBTC15M-26SEP052015-15,79836.66,0.8000,0.8100,0.8100,783746.89,2026-09-06T00:00:00Z,2026-09-06T00:15:00Z
2026-09-06T00:08:45.664+00:00,KXBTC15M-26SEP052015-15,79836.66,0.8000,0.8100,0.8100,783746.89,2026-09-06T00:00:00Z,2026-09-06T00:15:00Z
2026-09-06T00:08:47.809+00:00,KXBTC15M-26SEP052015-15,79836.66,0.8000,0.8100,0.8100,783746.89,2026-09-06T00:00:00Z,2026-09-06T00:15:00Z
2026-09-06T00:08:49.956+00:00,KXBTC15M-26SEP052015-15,79836.66,0.8000,0.8100,0.8100,783746.89,2026-09-06T00:00:00Z,2026-09-06T00:15:00Z
2026-09-06T00:08:52.174+00:00,KXBTC15M-26SEP052015-15,79836.66,0.8000,0.8100,0.8100,783746.89,2026-09-06T00:00:00Z,2026-09-06T00:15:00Z
2026-09-06T00:08:54.335+00:00,KXBTC15M-26SEP052015-15,79836.66,0.8200,0.8300,0.8300,802320.92,2026-09-06T00:00:00Z,2026-09-06T00:15:00Z
2026-09-06T00:08:56.739+00:00,KXBTC15M-26SEP052015-15,79836.66,0.8200,0.8300,0.8300,802320.92,2026-09-06T00:00:00Z,2026-09-06T00:15:00Z
2026-09-06T00:08:58.918+00:00,KXBTC15M-26SEP052015-15,79836.66,0.8200,0.8300,0.8300,802320.92,2026-09-06T00:00:00Z,2026-09-06T00:15:00Z
2026-09-06T00:09:01.071+00:00,KXBTC15M-26SEP052015-15,79836.66,0.8200,0.8300,0.8300,802320.92,2026-09-06T00:00:00Z,2026-09-06T00:15:00Z
2026-09-06T00:09:03.227+00:00,KXBTC15M-26SEP052015-15,79836.66,0.8200,0.8300,0.8300,802320.92,2026-09-06T00:00:00Z,2026-09-06T00:15:00Z
2026-09-06T00:09:05.384+00:00,KXBTC15M-26SEP052015-15,79836.66,0.8300,0.8400,0.8400,820204.89,2026-09-06T00:00:00Z,2026-09-06T00:15:00Z
2026-09-06T00:09:07.569+00:00,KXBTC15M-26SEP052015-15,79836.66,0.8300,0.8400,0.8400,820204.89,2026-09-06T00:00:00Z,2026-09-06T00:15:00Z
2026-09-06T00:09:09.712+00:00,KXBTC15M-26SEP052015-15,79836.66,0.8300,0.8400,0.8400,820204.89,2026-09-06T00:00:00Z,2026-09-06T00:15:00Z
2026-09-06T00:09:11.889+00:00,KXBTC15M-26SEP052015-15,79836.66,0.8300,0.8400,0.8400,820204.89,2026-09-06T00:00:00Z,2026-09-06T00:15:00Z
2026-09-06T00:09:14.064+00:00,KXBTC15M-26SEP052015-15,79836.66,0.8300,0.8400,0.8400,820204.89,2026-09-06T00:00:00Z,2026-09-06T00:15:00Z
2026-09-06T00:09:16.251+00:00,KXBTC15M-26SEP052015-15,79836.66,0.8300,0.8400,0.8400,820204.89,2026-09-06T00:00:00Z,2026-09-06T00:15:00Z
2026-09-06T00:09:18.412+00:00,KXBTC15M-26SEP052015-15,79836.66,0.8500,0.8600,0.8600,841663.60,2026-09-06T00:00:00Z,2026-09-06T00:15:00Z
2026-09-06T00:09:20.560+00:00,KXBTC15M-26SEP052015-15,79836.66,0.8500,0.8600,0.8600,841663.60,2026-09-06T00:00:00Z,2026-09-06T00:15:00Z
2026-09-06T00:09:22.707+00:00,KXBTC15M-26SEP052015-15,79836.66,0.8500,0.8600,0.8600,841663.60,2026-09-06T00:00:00Z,2026-09-06T00:15:00Z
2026-09-06T00:09:24.855+00:00,KXBTC15M-26SEP052015-15,79836.66,0.8500,0.8600,0.8600,841663.60,2026-09-06T00:00:00Z,2026-09-06T00:15:00Z
2026-09-06T00:09:27.207+00:00,KXBTC15M-26SEP052015-15,79836.66,0.8700,0.8800,0.8800,860024.24,2026-09-06T00:00:00Z,2026-09-06T00:15:00Z
2026-09-06T00:09:29.369+00:00,KXBTC15M-26SEP052015-15,79836.66,0.8700,0.8800,0.8800,860024.24,2026-09-06T00:00:00Z,2026-09-06T00:15:00Z
2026-09-06T00:09:31.514+00:00,KXBTC15M-26SEP052015-15,79836.66,0.8700,0.8800,0.8800,860024.24,2026-09-06T00:00:00Z,2026-09-06T00:15:00Z
2026-09-06T00:09:33.670+00:00,KXBTC15M-26SEP052015-15,79836.66,0.8700,0.8800,0.8800,860024.24,2026-09-06T00:00:00Z,2026-09-06T00:15:00Z
2026-09-06T00:09:35.853+00:00,KXBTC15M-26SEP052015-15,79836.66,0.8700,0.8800,0.8800,860024.24,2026-09-06T00:00:00Z,2026-09-06T00:15:00Z
2026-09-06T00:09:38.005+00:00,KXBTC15M-26SEP052015-15,79836.66,0.8800,0.8900,0.8900,877491.29,2026-09-06T00:00:00Z,2026-09-06T00:15:00Z
